111	Liquid Electrolyte (LiPF6 carbonate)	youngs_modulus, expansion_linear	345	datasheet	https://solvionic.com/files/solvionic/fds/E001_SDS_EN_UE.pdf		Safety Data Sheet - 1M LiPF6 in DMC:EC 1:1 (vol.), battery grade (E001)
111	Liquid Electrolyte (LiPF6 carbonate)	youngs_modulus, expansion_linear	346	journal		10.1149/2.0011507jes	Fluoroethylene Carbonate as Electrolyte Additive in Tetraethylene Glycol Dimethyl Ether Based Electrolytes for Applicati
111	Liquid Electrolyte (LiPF6 carbonate)	youngs_modulus, expansion_linear	3017	journal	https://www.osti.gov/biblio/1960071	10.1002/eem2.12494	Solvation Effects on the Dielectric Constant of 1 M LiPF6 in Ethylene Carbonate:Ethyl Methyl Carbonate 3:7
111	Liquid Electrolyte (LiPF6 carbonate)	youngs_modulus, expansion_linear	689	book			CRC Handbook of Chemistry and Physics, 97th ed.
111	Liquid Electrolyte (LiPF6 carbonate)	youngs_modulus, expansion_linear	2576	computed	https://github.com/squall321/MaterialTwinWeb		MaterialTwinWeb 클래스 가정 — 카탈로그 내 동일 클래스 실측값의 중앙값
111	Liquid Electrolyte (LiPF6 carbonate)	youngs_modulus, expansion_linear	972	book			Handbook of Infrared Radiation — emissivity tables (Touloukian TPRC Data Series)
111	Liquid Electrolyte (LiPF6 carbonate)	youngs_modulus, expansion_linear	1795	journal	https://doi.org/10.1016/j.jpowsour.2021.230829	10.1016/j.jpowsour.2021.230829	Meta-analysis of experimental results for heat capacity and thermal conductivity in lithium-ion batteries: A critical re
111	Liquid Electrolyte (LiPF6 carbonate)	youngs_modulus, expansion_linear	2093	database	https://pubchem.ncbi.nlm.nih.gov/compound/23688915		PubChem Compound Summary — Lithium hexafluorophosphate (CID 23688915)
212	PI Base Film — Kapton 150MT+ (DuPont)	expansion_linear	3077	datasheet	https://web.archive.org/web/20230403204808id_/https://www.dupont.com/content/dam/dupont/amer/us/en/ei-transformation/public/documents/en/EI-10142_Kapton-Summary-of-Properties.pdf		DuPont Kapton Summary of Properties (document EI-10142 (1/22)), Table 10 — Chemical Properties of Kapton Type HN Film, 2
212	PI Base Film — Kapton 150MT+ (DuPont)	expansion_linear	1741	datasheet	https://www.qnityelectronics.com/content/dam/electronics/amer/us/en/electronics/public/documents/en/EI-10218-Kapton-MT+Data-Sheet.pdf		DuPont™ Kapton® MT+ Thermally Conductive Polyimide Film — Data Sheet (EI-10218 / QE-10218)
212	PI Base Film — Kapton 150MT+ (DuPont)	expansion_linear	2576	computed	https://github.com/squall321/MaterialTwinWeb		MaterialTwinWeb 클래스 가정 — 카탈로그 내 동일 클래스 실측값의 중앙값
212	PI Base Film — Kapton 150MT+ (DuPont)	expansion_linear	2558	datasheet	https://www.ukinsulations.co.uk/wp-content/uploads/2023/03/KAPTON%C2%AE-MT.pdf		DuPont Kapton MT+ Thermally Conductive Polyimide Film Data Sheet (Table 1)
212	PI Base Film — Kapton 150MT+ (DuPont)	expansion_linear	2158	database	https://www.azom.com/properties.aspx?ArticleID=674		Properties: Polyimide - PI — AZoM materials property table (data from Granta Design Limited)
217	PI Base Film — Taimide TL-025 (Taimide)	youngs_modulus, expansion_linear	3076	datasheet	https://web.archive.org/web/20040707180427id_/http://www.taimide.com.tw/docs/TH-025.pdf		Properties of Taimide TH Polyimide Film (Taimide Tech Incorporation, dated Dec. 18, 2002)
217	PI Base Film — Taimide TL-025 (Taimide)	youngs_modulus, expansion_linear	1746	datasheet	https://www.taimide.com.tw/api/download.ashx?sno=373		Properties of Taimide TL Polyimide Film (TL type data sheet)
217	PI Base Film — Taimide TL-025 (Taimide)	youngs_modulus, expansion_linear	2144	datasheet	https://www.qnityelectronics.com/content/dam/electronics/amer/us/en/electronics/public/documents/en/QE-10206-Kapton-HN-Data-Sheet.pdf		DuPont Kapton HN Polyimide Film Technical Data Sheet (QE-10206)
218	PI Base Film — Taimide BK-025 Low Gloss (Taimide)	youngs_modulus, expansion_linear	3076	datasheet	https://web.archive.org/web/20040707180427id_/http://www.taimide.com.tw/docs/TH-025.pdf		Properties of Taimide TH Polyimide Film (Taimide Tech Incorporation, dated Dec. 18, 2002)
218	PI Base Film — Taimide BK-025 Low Gloss (Taimide)	youngs_modulus, expansion_linear	1747	datasheet	https://www.taimide.com.tw/api/download.ashx?sno=375		Properties of Taimide BK(Low Gloss) Polyimide Film (BK type data sheet)
218	PI Base Film — Taimide BK-025 Low Gloss (Taimide)	youngs_modulus, expansion_linear	2144	datasheet	https://www.qnityelectronics.com/content/dam/electronics/amer/us/en/electronics/public/documents/en/QE-10206-Kapton-HN-Data-Sheet.pdf		DuPont Kapton HN Polyimide Film Technical Data Sheet (QE-10206)
218	PI Base Film — Taimide BK-025 Low Gloss (Taimide)	youngs_modulus, expansion_linear	2536	other	https://patents.google.com/patent/US11926705B2/en		Taimide Tech Inc., US 11,926,705 B2 'Black matte polyimide film' — 실시예/비교예 광택도 표
219	Flexible Solder Mask / PSR-9000 (FPCB)	expansion_linear	3014	datasheet	http://www.shlianhe.com/file/PCB_ink/JP/PSR9000/FLX501/DATA_SHEET/PSR-9000%20FLX501-DS-EN.pdf		TAIYO INK MFG. CO., LTD. — Technical Data Sheet, Photo Imageable Flexible Solder Mask PSR-9000 FLX501 / CA-90 FLX501 (MS
219	Flexible Solder Mask / PSR-9000 (FPCB)	expansion_linear	1754	datasheet	https://docs.oshpark.com/resources/flex-mask-Taiyo-TDS-PSR-9000-FXT.pdf		TECHNICAL DATA SHEET — PSR-9000 FXT Series Flexible Solder Mask, Rev. April 7, 2016
219	Flexible Solder Mask / PSR-9000 (FPCB)	expansion_linear	2904	datasheet	https://taiyo-america.com/docs/files/1115/8025/3174/TDS_PSR-9000_FXT_Series_January_28_2020.pdf		Taiyo America Technical Data Sheet PSR-9000 FXT Series (Rev. Jan 28, 2020)
219	Flexible Solder Mask / PSR-9000 (FPCB)	expansion_linear	2576	computed	https://github.com/squall321/MaterialTwinWeb		MaterialTwinWeb 클래스 가정 — 카탈로그 내 동일 클래스 실측값의 중앙값
224	ITEQ IT-180A High-Tg Low-CTE Laminate	density	1767	datasheet	https://bayareacircuits.com/wp-content/uploads/2020/05/MDS_Iteq_IT180A.pdf		IT-180A High Tg / Lead Free / High Reliability Laminate & Prepreg (REV 1.0-19)
224	ITEQ IT-180A High-Tg Low-CTE Laminate	density	3024	datasheet	https://www.iteq.com.tw/en/product/it-180a		ITEQ IT-180ATC / IT-180ABS Laminate & Prepreg Data Sheet (REV 02-11)
224	ITEQ IT-180A High-Tg Low-CTE Laminate	density	2018	datasheet	https://www.mclpcb.com/wp-content/uploads/2021/05/IT-180A-datasheet.pdf		IT-180ABS/IT-180ATC High Tg, Low CTE, Multifunctional Filled Epoxy Resin and Phenolic-Cured Laminate & Prepreg - Laminat
224	ITEQ IT-180A High-Tg Low-CTE Laminate	density	2576	computed	https://github.com/squall321/MaterialTwinWeb		MaterialTwinWeb 클래스 가정 — 카탈로그 내 동일 클래스 실측값의 중앙값
224	ITEQ IT-180A High-Tg Low-CTE Laminate	density	2784	datasheet	https://www.iteqcorp.com/wp-content/uploads/2026/05/W-CTE-1002-34C_Data-sheet-IT-180A.pdf		IT-180A High Tg / Lead Free / High Reliability Laminate & Prepreg — 'Laminate properties'
224	ITEQ IT-180A High-Tg Low-CTE Laminate	density	2355	datasheet	https://www.iteq.com.tw/en/product/detail/IT-180A		ITEQ IT-180A laminate & prepreg data sheet
225	ITEQ IT-968 Ultra-Low-Loss Laminate	density	1768	datasheet	https://www.mclpcb.com/wp-content/uploads/2021/05/ITEQ-IT-968-Data-sheet-rev-1.0-17-Data-Sheet.pdf		IT-968 High Tg / Lead Free / Ultra Low Loss Laminate & Prepreg (DRAFT REV 1.0-17)
225	ITEQ IT-968 Ultra-Low-Loss Laminate	density	3025	datasheet	https://www.iteq.com.tw/en/product/it-968		ITEQ IT-968TC / IT-968BS Laminate & Prepreg Data Sheet (REV 01-16)
225	ITEQ IT-968 Ultra-Low-Loss Laminate	density	2576	computed	https://github.com/squall321/MaterialTwinWeb		MaterialTwinWeb 클래스 가정 — 카탈로그 내 동일 클래스 실측값의 중앙값
225	ITEQ IT-968 Ultra-Low-Loss Laminate	density	2785	datasheet	https://www.iteqcorp.com/wp-content/uploads/2026/05/W-CTE-1002-01B_Data-sheet-IT-968.pdf		IT-968 High Tg / Lead Free / Ultra Low Loss Laminate & Prepreg — 'Laminate properties'
225	ITEQ IT-968 Ultra-Low-Loss Laminate	density	2356	datasheet	https://www.iteq.com.tw/en/product/detail/IT-968		ITEQ IT-968 laminate & prepreg data sheet
226	Nan Ya NP-155FR Mid-Tg Laminate	youngs_modulus	1769	datasheet	https://rs.jlcpcb.com/static/file/nan-ya-np-155f-datasheet.pdf		NAN YA NP-155FR Glass cloth base epoxy resin flame retardant copper clad laminate (New: 2014/04/30)
226	Nan Ya NP-155FR Mid-Tg Laminate	youngs_modulus	2576	computed	https://github.com/squall321/MaterialTwinWeb		MaterialTwinWeb 클래스 가정 — 카탈로그 내 동일 클래스 실측값의 중앙값
226	Nan Ya NP-155FR Mid-Tg Laminate	youngs_modulus	2152	datasheet	https://www.npc.com.tw/j2npc/zhtw/proddoc/%E7%84%A1%E9%89%9B%E5%9F%BA%E6%9D%BF/NP-155F_SDS?docid=F000002120&pdid=F00000212		Nan Ya Plastics Corporation — NP-155F 物質安全資料表 (Safety Data Sheet), 銅箔基板 Copper Clad Laminate
227	TUC TU-872 SLK Low-Loss Laminate	density	1770	datasheet	https://www.hemeixinpcb.com/images/pdf/TUC/tu-872%20slk_datasheet.pdf		TU-872 SLK Low Dk/Df and High Thermal Reliability Laminate and Prepreg (DS1801013A)
227	TUC TU-872 SLK Low-Loss Laminate	density	2576	computed	https://github.com/squall321/MaterialTwinWeb		MaterialTwinWeb 클래스 가정 — 카탈로그 내 동일 클래스 실측값의 중앙값
227	TUC TU-872 SLK Low-Loss Laminate	density	2358	datasheet	https://www.tuc.com.tw/en-global/product/TU-872-SLK		Taiwan Union Technology TU-872 SLK laminate data sheet
228	TUC TU-933 (ThunderClad 3) Super-Low-Loss Laminate	density	1771	datasheet	https://datasheet.datasheetarchive.com/originals/crawler/streamlinecircuits.com/898a593595e98354016610f552ba8079.pdf		ThunderClad 3 TU-933 Super Low Loss Material (TUC, MP1312002A)
228	TUC TU-933 (ThunderClad 3) Super-Low-Loss Laminate	density	2576	computed	https://github.com/squall321/MaterialTwinWeb		MaterialTwinWeb 클래스 가정 — 카탈로그 내 동일 클래스 실측값의 중앙값
228	TUC TU-933 (ThunderClad 3) Super-Low-Loss Laminate	density	2140	datasheet	https://www.qdcircuits.com/uploads/admin/file/20200902/20200902191624_52530.pdf		Taiwan Union Technology - ThunderClad 3+ (TU-933+ core / TU-933P+ prepreg) datasheet DS1801015A
234	Shengyi S1000-2 High-Tg Low-CTE Laminate	youngs_modulus	1775	datasheet	https://www.epectec.com/downloads/Shengyi-S1000-Data-Sheet.pdf		Shengyi S1000-2 (UL ANSI: FR-4) Low CTE / Hi-Tg / Excellent Thermal Resistance Data Sheet
234	Shengyi S1000-2 High-Tg Low-CTE Laminate	youngs_modulus	2033	datasheet	https://www.shengyi-usa.com/wp-content/uploads/2017/05/Shengyi-S1000-2-DS.pdf		Shengyi Technology (SYTECH) - S1000-2 Lead-free Compatible FR4 Laminates & Prepregs, General Properties (doc. S-USA-S100
234	Shengyi S1000-2 High-Tg Low-CTE Laminate	youngs_modulus	2576	computed	https://github.com/squall321/MaterialTwinWeb		MaterialTwinWeb 클래스 가정 — 카탈로그 내 동일 클래스 실측값의 중앙값
234	Shengyi S1000-2 High-Tg Low-CTE Laminate	youngs_modulus	2067	datasheet	https://www.shengyi-usa.com/wp-content/uploads/dlm_uploads/2017/07/S1000-2-MSDS.pdf		SHENGYI TECHNOLOGY - Material Safety Sheet, Copper Clad Laminate (S1000-2)
236	Extreme Sealing Tape 1.0mm (3M 4411N)	youngs_modulus, expansion_linear	1790	datasheet	https://multimedia.3m.com/mws/media/1329189O/7000021302-3m-extreme-sealing-tape-exterior-technical-data.pdf		3M Extreme Sealing Tape 4411N / 4411G / 4412N / 4412G Technical Data (October 2011)
236	Extreme Sealing Tape 1.0mm (3M 4411N)	youngs_modulus, expansion_linear	1931	datasheet	https://multimedia.3m.com/mws/media/934157O/4411n-extreme-sealing-tape-pdf.pdf		3M Extreme Sealing Tape 4411N Product Data Sheet (04 September 2012, EN-EU)
236	Extreme Sealing Tape 1.0mm (3M 4411N)	youngs_modulus, expansion_linear	2135	journal	https://www.oaepublish.com/articles/ss.2024.22	10.20517/ss.2024.22	Towards the optimal design of optically clear adhesives for flexible display, Soft Science (2024)
237	Silicone Foam Gasket (Saint-Gobain Norseal F-12)	youngs_modulus, expansion_linear	1791	datasheet	https://www.stockwell.com/data-sheets/f12-silicone-foam.pdf		Saint-Gobain Norseal F-12 Silicone Foam Rubber Technical Data Sheet
237	Silicone Foam Gasket (Saint-Gobain Norseal F-12)	youngs_modulus, expansion_linear	2262	datasheet	https://www.seconrubber.com/wp-content/uploads/2020/06/Norseal-Silicone-SNS-Tape-Data-Sheet.pdf		Norseal Silicone SNS Tapes - Pressure-Sensitive Adhesive Tapes, Technical Data Sheet, Form #1334
237	Silicone Foam Gasket (Saint-Gobain Norseal F-12)	youngs_modulus, expansion_linear	971	book			Rubber Technology Handbook (Hofmann)
237	Silicone Foam Gasket (Saint-Gobain Norseal F-12)	youngs_modulus, expansion_linear	2797	journal	https://res.mdpi.com/d_attachment/polymers/polymers-12-02327/article_deploy/polymers-12-02327.pdf	10.3390/polym12102327	Reliability-Based Evaluation of the Suitability of Polymers for Additive Manufacturing Intended to Injection Molding — T
238	OCA Double-Coated w/ PET Carrier 75um (3M 8173KCL)	youngs_modulus, expansion_linear	1792	datasheet	https://multimedia.3m.com/mws/media/1232927O/3m-optically-clear-adhesive-8173kcl-technical-data-sheet.pdf		3M Optically Clear Adhesive 8173KCL Technical Data (Display Materials & Systems Division, 2015)
251	Chukoh CHUKOH FLO CGN-500 PTFE Copper-Clad Laminate	youngs_modulus	1811	datasheet	https://www.chukoh.co.jp/wp-content/uploads/catalog05_lami_ja-1.pdf		CHUKOH FLO 銅張積層板 製品カタログ (catalog05_lami_ja)
251	Chukoh CHUKOH FLO CGN-500 PTFE Copper-Clad Laminate	youngs_modulus	3026	datasheet	https://www.chukoh.co.jp/en/products/		CHUKOH FLO Fluoropolymer Copper-Clad Laminates (Chukoh Chemical Industries product catalogue)
251	Chukoh CHUKOH FLO CGN-500 PTFE Copper-Clad Laminate	youngs_modulus	2576	computed	https://github.com/squall321/MaterialTwinWeb		MaterialTwinWeb 클래스 가정 — 카탈로그 내 동일 클래스 실측값의 중앙값
251	Chukoh CHUKOH FLO CGN-500 PTFE Copper-Clad Laminate	youngs_modulus	2751	datasheet	https://www.chukoh.com/products/copper-clad-laminate/cgn-500/		Chukoh Chemical 제품 페이지 'CGN-500' 특성표 (Copper-clad laminates)
252	Chukoh CHUKOH FLO CGS-500A PTFE Copper-Clad Laminate	youngs_modulus	1811	datasheet	https://www.chukoh.co.jp/wp-content/uploads/catalog05_lami_ja-1.pdf		CHUKOH FLO 銅張積層板 製品カタログ (catalog05_lami_ja)
252	Chukoh CHUKOH FLO CGS-500A PTFE Copper-Clad Laminate	youngs_modulus	3026	datasheet	https://www.chukoh.co.jp/en/products/		CHUKOH FLO Fluoropolymer Copper-Clad Laminates (Chukoh Chemical Industries product catalogue)
252	Chukoh CHUKOH FLO CGS-500A PTFE Copper-Clad Laminate	youngs_modulus	2576	computed	https://github.com/squall321/MaterialTwinWeb		MaterialTwinWeb 클래스 가정 — 카탈로그 내 동일 클래스 실측값의 중앙값
252	Chukoh CHUKOH FLO CGS-500A PTFE Copper-Clad Laminate	youngs_modulus	2750	datasheet	https://www.chukoh.com/products/copper-clad-laminate/cgs-500a/		Chukoh Chemical 제품 페이지 'CGS-500A' 특성표 (Copper-clad laminates)
254	Isola Astra MT77 Very Low Loss RF/MW Laminate	density	1766	datasheet	https://www.isola-group.com/wp-content/uploads/data-sheets/astra-mt77.pdf		Astra MT77 Laminate and Prepreg (Rev D, 2021-04-20)
254	Isola Astra MT77 Very Low Loss RF/MW Laminate	density	2029	datasheet	https://www.isola-group.com/pcb-laminates-prepreg/astra-mt77/		Isola Astra MT77 Ultra Low Loss, RF/MW Laminate and Prepreg Data Sheet
254	Isola Astra MT77 Very Low Loss RF/MW Laminate	density	2803	datasheet	https://www.pragoboard.cz/download/astra_mt77.pdf		Astra® MT77 Very Low-loss Laminate Material — Isola Group typical values (doc code 03/17 DSAstraMT77Q)
254	Isola Astra MT77 Very Low Loss RF/MW Laminate	density	2747	datasheet	https://www.circuiti-stampati.com/wp-content/uploads/2016/02/Astra-MT77-Very-Low-loss-Laminate-Material-Data-Sheet-Isola.pdf		Astra MT77 Very Low-loss Laminate Material Data Sheet (Isola, Revision No: B) — 기계물성 표
255	TAIFLEX 2L FCCL 2UPDR2010JD (adhesiveless polyimide)	density	1813	datasheet	https://www.eurotronics.be/wp-content/uploads/2021/11/Taiflex-2L-FCCL-datasheet.pdf		TAIFLEX 2L FCCL (Two Layer Flexible Copper Clad Laminate) Data Sheet
255	TAIFLEX 2L FCCL 2UPDR2010JD (adhesiveless polyimide)	density	2576	computed	https://github.com/squall321/MaterialTwinWeb		MaterialTwinWeb 클래스 가정 — 카탈로그 내 동일 클래스 실측값의 중앙값
255	TAIFLEX 2L FCCL 2UPDR2010JD (adhesiveless polyimide)	density	2574	journal	https://mdpi-res.com/d_attachment/coatings/coatings-10-00619/article_deploy/coatings-10-00619.pdf	10.3390/coatings10070619	Investigation of Wettability, Drying and Water Condensation on Polyimide (Kapton) Films Treated by Atmospheric Pressure 
256	Thermal Insulator Pad (Sil-Pad, glass-reinforced silicone)	youngs_modulus, expansion_linear	1821	datasheet	https://datasheets.tdx.henkel.com/BERGQUIST-SIL-PAD-TSP-900-en_GL.pdf		Technical Data Sheet BERGQUIST SIL PAD TSP 900 (Known as BERGQUIST SIL-PAD 400), October-2018
256	Thermal Insulator Pad (Sil-Pad, glass-reinforced silicone)	youngs_modulus, expansion_linear	1822	datasheet	https://datasheets.tdx.henkel.com/BERGQUIST-SIL-PAD-TSP-3500-en_GL.pdf		Technical Data Sheet BERGQUIST SIL PAD TSP 3500 (Known as BERGQUIST SIL-PAD 2000), November-2018
256	Thermal Insulator Pad (Sil-Pad, glass-reinforced silicone)	youngs_modulus, expansion_linear	971	book			Rubber Technology Handbook (Hofmann)
256	Thermal Insulator Pad (Sil-Pad, glass-reinforced silicone)	youngs_modulus, expansion_linear	2023	datasheet	https://www.farnell.com/datasheets/99609.pdf		Sil-Pad(R) Design Guide 2000-2001 Rev. 060100 — SIL-PAD 400 physical/thermal properties table
256	Thermal Insulator Pad (Sil-Pad, glass-reinforced silicone)	youngs_modulus, expansion_linear	2813	datasheet	https://datasheets.tdx.henkel.com/BERGQUIST-SIL-PAD-TSP-A3000-en_GL.pdf		BERGQUIST SIL PAD TSP A3000 Technical Data Sheet (Nov-2018, 'Known as BERGQUIST SIL-PAD A2000')
256	Thermal Insulator Pad (Sil-Pad, glass-reinforced silicone)	youngs_modulus, expansion_linear	2470	datasheet	https://www.mouser.com/datasheet/2/48/PDS-SP-400-HENKEL-0615-1479889.pdf		Bergquist Sil-Pad 400 - Product Data Sheet (fiberglass-reinforced silicone thermally conductive insulator)
257	Phase Change TIM (PCM)	youngs_modulus, expansion_linear	1825	datasheet	https://docs.rs-online.com/5a0f/A700000010953876.pdf		Technical Data Sheet BERGQUIST HI FLOW THF 500 (Known as BERGQUIST HI-FLOW 625), April-2020
257	Phase Change TIM (PCM)	youngs_modulus, expansion_linear	1823	datasheet	https://www.laird.com/sites/default/files/2018-11/THR-DS-TPCM580%201112.pdf		Laird Tpcm 580 Series Phase Change Material datasheet (THR-DS-TPCM580 1112)
257	Phase Change TIM (PCM)	youngs_modulus, expansion_linear	2576	computed	https://github.com/squall321/MaterialTwinWeb		MaterialTwinWeb 클래스 가정 — 카탈로그 내 동일 클래스 실측값의 중앙값
257	Phase Change TIM (PCM)	youngs_modulus, expansion_linear	1824	datasheet	https://datasheets.tdx.henkel.com/BERGQUIST-HI-FLOW-THF-5000UT-en_GL.pdf		Technical Data Sheet BERGQUIST HI FLOW THF 5000UT (April 2024)
257	Phase Change TIM (PCM)	youngs_modulus, expansion_linear	2471	datasheet	https://www.nedc.com/wp-content/uploads/2020/02/BERGQUIST-HI-FLOW-225U.pdf		BERGQUIST HI FLOW THF 1000U (known as BERGQUIST HI-FLOW 225U) Technical Data Sheet, November 2018
267	PET Felt Acoustic Panel (12.7 mm)	youngs_modulus, expansion_linear	1920	datasheet	https://materiallogiq.com/wp-content/uploads/2023/11/ML_PETFelt_Test_C423_E400_HalfIn.pdf		Sound Absorption Test Results — Keys 1/2" PET Felt, ASTM C423 (E-400 Mount), Report ESP035429P-12
267	PET Felt Acoustic Panel (12.7 mm)	youngs_modulus, expansion_linear	2127	datasheet	https://www.ecoplus-systems.com/wp-content/uploads/2023/01/Autex_Cube-Data-Sheet.pdf		Autex Cube data sheet (Cube™, 100% polyester fibre acoustic panel)
267	PET Felt Acoustic Panel (12.7 mm)	youngs_modulus, expansion_linear	2128	datasheet	https://duodesignlatam.com/wp-content/uploads/2025/04/TECHNICAL-SHEET-ZINTRA.pdf		Zintra Acoustic Panels 1/2 in (12 mm) Specification Sheet
267	PET Felt Acoustic Panel (12.7 mm)	youngs_modulus, expansion_linear	2576	computed	https://github.com/squall321/MaterialTwinWeb		MaterialTwinWeb 클래스 가정 — 카탈로그 내 동일 클래스 실측값의 중앙값
267	PET Felt Acoustic Panel (12.7 mm)	youngs_modulus, expansion_linear	2024	datasheet	https://www.acousticalsurfaces.com/poly-max/ceiling-wall-panels/		Poly Max(TM) Polyester (PET Felt) Ceiling and Wall Panels — product specifications
267	PET Felt Acoustic Panel (12.7 mm)	youngs_modulus, expansion_linear	2890	database	https://www.azom.com/properties.aspx?ArticleID=795		Properties: Polyethylene Terephthalate - PET Crystalline — AZoM materials property table (data from Granta Design Limite
269	2K Polyurethane Coating (smooth, high gloss)	expansion_linear	2576	computed	https://github.com/squall321/MaterialTwinWeb		MaterialTwinWeb 클래스 가정 — 카탈로그 내 동일 클래스 실측값의 중앙값
269	2K Polyurethane Coating (smooth, high gloss)	expansion_linear	2129	journal	https://pmc.ncbi.nlm.nih.gov/articles/PMC12825344/	10.1002/smtd.202500723	Probing Viscoelasticity of Polymeric Coatings Using Nonlinear Dynamic Atomic Force Microscopy
269	2K Polyurethane Coating (smooth, high gloss)	expansion_linear	1930	journal	https://doi.org/10.3390/polym12020326	10.3390/polym12020326	Matt Polyurethane Coating: Correlation of Surface Roughness on Measurement Length and Gloss
269	2K Polyurethane Coating (smooth, high gloss)	expansion_linear	2025	datasheet	https://www.hempel.com/en-sea/api/Hempel/DataSheet/PDS/Download/55210/en-GB		Product Data Sheet — Hempathane Topcoat 55210 (two-component glossy acrylic polyurethane), Hempel A/S, March 2026
269	2K Polyurethane Coating (smooth, high gloss)	expansion_linear	2130	datasheet	https://international.brand.akzonobel.com/m/2986d5a74a1ed594/original/Interthane_990_eng_usa_LTR_20201216.pdf		Interthane 990 Aliphatic Polyurethane — Product Data Sheet (Issue 12/16/2020, Ref 2484)
269	2K Polyurethane Coating (smooth, high gloss)	expansion_linear	3004	database	https://www.accudynetest.com/polymer_surface_data/polyurethane.pdf		Surface Energy Data for PUR: Polyurethanes - AccuDyne Test polymer surface data compilation (Diversified Enterprises, 20
269	2K Polyurethane Coating (smooth, high gloss)	expansion_linear	2156	database	https://www.azom.com/properties.aspx?ArticleID=679		Properties: Polyurethane — AZoM materials property table (data from Granta Design Limited)
272	Taconic RF-35 (ceramic-filled PTFE/woven glass)	youngs_modulus, density	1949	datasheet	https://madpcb.com/wp-content/uploads/2020/12/AGC-Taconic-RF-35.pdf		RF-35 Typical Values (Taconic / AGC Multi Material)
272	Taconic RF-35 (ceramic-filled PTFE/woven glass)	youngs_modulus, density	2032	datasheet	https://www.hemeixinpcb.com/images/pdf/Taconic/RF-35_datasheet.pdf		Taconic RF-35 High Volume Commercial Microwave and RF Laminate Technical Data Sheet
272	Taconic RF-35 (ceramic-filled PTFE/woven glass)	youngs_modulus, density	2576	computed	https://github.com/squall321/MaterialTwinWeb		MaterialTwinWeb 클래스 가정 — 카탈로그 내 동일 클래스 실측값의 중앙값
272	Taconic RF-35 (ceramic-filled PTFE/woven glass)	youngs_modulus, density	2545	datasheet	https://www.multi-circuit-boards.eu/fileadmin/pdf/leiterplatten_material/e_taconic_rf35-hf_www.multi-circuit-boards.eu.pdf		Taconic RF-35 Ceramic Filled PTFE Laminate Data Sheet
272	Taconic RF-35 (ceramic-filled PTFE/woven glass)	youngs_modulus, density	2034	datasheet	https://pwcircuits.co.uk/wp-content/uploads/2024/08/RF351.pdf		Taconic - ORCER RF-35 RF & Microwave Laminate product brochure (RF-35 TYPICAL VALUES)
277	PGS Graphite Sheet 100 um (Panasonic)	youngs_modulus, poisson_ratio	1814	datasheet	https://docs.rs-online.com/aff4/0900766b811810f2.pdf		Basic Properties and Application Examples of PGS Graphite Sheet (Material Characteristics of Graphite Sheets)
277	PGS Graphite Sheet 100 um (Panasonic)	youngs_modulus, poisson_ratio	2054	datasheet	https://media.digikey.com/pdf/Data%20Sheets/Panasonic%20Electronic%20Components/PGS_Series_Rev_Feb_2002.pdf		"PGS" Graphite Sheets (EYGS091310), Rev. Feb 2002
279	3M Optically Clear Adhesive 8172	youngs_modulus, expansion_linear	2249	datasheet	https://multimedia.3m.com/mws/media/631323O/3m-optically-clear-adhesive-8171x-series-tech-data-sheet.pdf		3M Optically Clear Adhesive OCA 817X Series, Technical Data 2018
279	3M Optically Clear Adhesive 8172	youngs_modulus, expansion_linear	21	datasheet	https://multimedia.3m.com/mws/media/1232928O/3m-optically-clear-adhesive-8171-and-8172-technical-data-sheet.pdf		3M Optically Clear Adhesive 8171 and 8172 Technical Data
279	3M Optically Clear Adhesive 8172	youngs_modulus, expansion_linear	101	journal	https://pmc.ncbi.nlm.nih.gov/articles/PMC8879156/	10.3390/mi13020301	Mechanical Behavior and Constitutive Model Characterization of Optically Clear Adhesive in Flexible Devices (PMC8879156)
279	3M Optically Clear Adhesive 8172	youngs_modulus, expansion_linear	2277	journal	https://pmc.ncbi.nlm.nih.gov/articles/PMC13284314/	10.1038/s41378-026-01342-w	A unified viscoelastic-viscoplastic constitutive framework for optically clear adhesives: Experiments, modeling, and FE 
279	3M Optically Clear Adhesive 8172	youngs_modulus, expansion_linear	100	datasheet	https://parafix.com/wp-content/uploads/2019/01/3m-8172-optically-clear-tape-parafix.pdf		3M Optically Clear Adhesives 8171/8172 Technical Data (Jul 2008)
279	3M Optically Clear Adhesive 8172	youngs_modulus, expansion_linear	3012	database	https://www.accudynetest.com/polymer_surface_data/other_polymers.pdf		Surface Energy Data for PEHA: Poly(2-ethylhexyl acrylate) (in the 'other polymers' sheet) - AccuDyne Test polymer surfac
280	3M Foldable OCA CEF3501	expansion_linear	2716	datasheet	https://www.plitek.com/wp-content/uploads/3m-contrast-enhancement-film-cef35xx-series.pdf		3M Contrast Enhancement Film CEF35XX Series, 3M Display Materials & Systems Division, Technical Data 2019 (doc dz24979)
280	3M Foldable OCA CEF3501	expansion_linear	2289	journal	https://pmc.ncbi.nlm.nih.gov/articles/PMC11199615/	10.1038/s41598-024-64960-2	Effect of temperature and humidity on mechanical properties and constitutive modeling of pressure-sensitive adhesives
280	3M Foldable OCA CEF3501	expansion_linear	102	datasheet	https://multimedia.3m.com/mws/media/1793258O/optically-clear-adhesives-for-foldable-oled-displays-whitepaper.pdf		Optically clear adhesives for foldable OLED displays (3M whitepaper)
280	3M Foldable OCA CEF3501	expansion_linear	2135	journal	https://www.oaepublish.com/articles/ss.2024.22	10.20517/ss.2024.22	Towards the optimal design of optically clear adhesives for flexible display, Soft Science (2024)
280	3M Foldable OCA CEF3501	expansion_linear	3012	database	https://www.accudynetest.com/polymer_surface_data/other_polymers.pdf		Surface Energy Data for PEHA: Poly(2-ethylhexyl acrylate) (in the 'other polymers' sheet) - AccuDyne Test polymer surfac
281	3M Optically Clear Adhesive 8211	youngs_modulus, expansion_linear	2022	datasheet	https://multimedia.3m.com/mws/media/530755O/3mtm-optically-clear-adhesives-8211-8212-8213-8214-8215.pdf		3M Optically Clear Adhesives 8211 • 8212 • 8213 • 8214 • 8215, Technical Data January 2010
281	3M Optically Clear Adhesive 8211	youngs_modulus, expansion_linear	102	datasheet	https://multimedia.3m.com/mws/media/1793258O/optically-clear-adhesives-for-foldable-oled-displays-whitepaper.pdf		Optically clear adhesives for foldable OLED displays (3M whitepaper)
281	3M Optically Clear Adhesive 8211	youngs_modulus, expansion_linear	3012	database	https://www.accudynetest.com/polymer_surface_data/other_polymers.pdf		Surface Energy Data for PEHA: Poly(2-ethylhexyl acrylate) (in the 'other polymers' sheet) - AccuDyne Test polymer surfac
282	OCA acrylic (flexible device, Tg 0C) - Micromachines 2022 characterization	expansion_linear	101	journal	https://pmc.ncbi.nlm.nih.gov/articles/PMC8879156/	10.3390/mi13020301	Mechanical Behavior and Constitutive Model Characterization of Optically Clear Adhesive in Flexible Devices (PMC8879156)
282	OCA acrylic (flexible device, Tg 0C) - Micromachines 2022 characterization	expansion_linear	2135	journal	https://www.oaepublish.com/articles/ss.2024.22	10.20517/ss.2024.22	Towards the optimal design of optically clear adhesives for flexible display, Soft Science (2024)
286	OCA 8211 (3M, rigid standard)	expansion_linear	2022	datasheet	https://multimedia.3m.com/mws/media/530755O/3mtm-optically-clear-adhesives-8211-8212-8213-8214-8215.pdf		3M Optically Clear Adhesives 8211 • 8212 • 8213 • 8214 • 8215, Technical Data January 2010
286	OCA 8211 (3M, rigid standard)	expansion_linear	102	datasheet	https://multimedia.3m.com/mws/media/1793258O/optically-clear-adhesives-for-foldable-oled-displays-whitepaper.pdf		Optically clear adhesives for foldable OLED displays (3M whitepaper)
286	OCA 8211 (3M, rigid standard)	expansion_linear	3012	database	https://www.accudynetest.com/polymer_surface_data/other_polymers.pdf		Surface Energy Data for PEHA: Poly(2-ethylhexyl acrylate) (in the 'other polymers' sheet) - AccuDyne Test polymer surfac
287	Kaneka Multilayer Graphite Sheet Thermal Strap (space)	youngs_modulus, poisson_ratio	2132	datasheet	https://www.farnell.com/datasheets/530450.pdf		"PGS" Graphite Sheets — Panasonic pyrolytic graphite sheet datasheet
287	Kaneka Multilayer Graphite Sheet Thermal Strap (space)	youngs_modulus, poisson_ratio	2055	datasheet	https://www.elecdiv.kaneka.co.jp/en/products/heat-measures/insulation.html		Thermal Strap for Space Applications (Multi Layer insulation (MLI)/Heat-dissipating Material)
287	Kaneka Multilayer Graphite Sheet Thermal Strap (space)	youngs_modulus, poisson_ratio	2131	other	https://patents.google.com/patent/US10546797B2/en		US 10,546,797 B2 — Heat transfer structure and manufacturing method therefor (Kaneka Corporation)
292	ACF acrylic solder-type (generic, literature)	expansion_linear	2576	computed	https://github.com/squall321/MaterialTwinWeb		MaterialTwinWeb 클래스 가정 — 카탈로그 내 동일 클래스 실측값의 중앙값
292	ACF acrylic solder-type (generic, literature)	expansion_linear	1955	journal	https://doi.org/10.3390/met8010042	10.3390/met8010042	Mechanism of Solder Joint Cracks in Anisotropic Conductive Films Bonding and Solutions, Metals 8(1):42 (2018)
292	ACF acrylic solder-type (generic, literature)	expansion_linear	2354	datasheet	https://storage.ua.prom.st/1446883_a966296d53b685a261.pdf		HITACHI CHEMICAL DATA SHEET - Hitachi Anisotropic Conductive Film ANISOLM AC-7206U-18
323	VHB Gray 1.1mm (3M 4941)	youngs_modulus	2527	datasheet	https://multimedia.3m.com/mws/media/2371577O/3m-vhb-tapes-product-information-guide.pdf		3M VHB Tapes — Product Information Guide, December 2023 (Outdoor Weathering / Solvent and Moisture Resistance sections)
323	VHB Gray 1.1mm (3M 4941)	youngs_modulus	2218	datasheet	https://multimedia.3m.com/mws/media/67100O/3m-vhb-tapes.pdf		3M VHB Tapes Technical Data (October 2018)
323	VHB Gray 1.1mm (3M 4941)	youngs_modulus	971	book			Rubber Technology Handbook (Hofmann)
323	VHB Gray 1.1mm (3M 4941)	youngs_modulus	2805	datasheet	https://thetapelab.com/wp-content/uploads/datasheets/3M-4941.pdf		3M VHB Tape 4941 Technical Data Sheet (Aug 2018 revision)
324	VHB Black 0.4mm (3M 5915)	youngs_modulus	2218	datasheet	https://multimedia.3m.com/mws/media/67100O/3m-vhb-tapes.pdf		3M VHB Tapes Technical Data (October 2018)
324	VHB Black 0.4mm (3M 5915)	youngs_modulus	971	book			Rubber Technology Handbook (Hofmann)
324	VHB Black 0.4mm (3M 5915)	youngs_modulus	2902	datasheet	https://multimedia.3m.com/mws/media/2369604O/3m-vhb-tape-5952-technical-data-sheet.pdf		3M™ VHB™ Tape 5915 Technical Data Sheet (교차 대상: 3M™ VHB™ Tape 5952 TDS 및 3M™ VHB™ Tapes Technical Data)
324	VHB Black 0.4mm (3M 5915)	youngs_modulus	2808	datasheet	https://multimedia.3m.com/mws/media/2369602O/3m-vhb-tape-5915-technical-data-sheet.pdf		3M VHB Tape 5915 Technical Data Sheet (CTE 칸이 5952를 지시) + 3M VHB Tape 5952 Technical Data Sheet (값 인쇄)
325	VHB Gray 1.6mm (3M 4956)	youngs_modulus	2218	datasheet	https://multimedia.3m.com/mws/media/67100O/3m-vhb-tapes.pdf		3M VHB Tapes Technical Data (October 2018)
325	VHB Gray 1.6mm (3M 4956)	youngs_modulus	971	book			Rubber Technology Handbook (Hofmann)
325	VHB Gray 1.6mm (3M 4956)	youngs_modulus	2806	datasheet	https://thetapelab.com/wp-content/uploads/datasheets/3M-4956.pdf		3M VHB Tape 4956 Technical Data Sheet (CTE 칸이 4941을 지시) + 3M VHB Tape 4941 Technical Data Sheet (값 인쇄)
326	VHB Gray 1.1mm (3M RP45)	youngs_modulus, expansion_linear	2218	datasheet	https://multimedia.3m.com/mws/media/67100O/3m-vhb-tapes.pdf		3M VHB Tapes Technical Data (October 2018)
326	VHB Gray 1.1mm (3M RP45)	youngs_modulus, expansion_linear	971	book			Rubber Technology Handbook (Hofmann)
327	VHB Black 0.6mm (3M 5925)	youngs_modulus	2218	datasheet	https://multimedia.3m.com/mws/media/67100O/3m-vhb-tapes.pdf		3M VHB Tapes Technical Data (October 2018)
327	VHB Black 0.6mm (3M 5925)	youngs_modulus	971	book			Rubber Technology Handbook (Hofmann)
327	VHB Black 0.6mm (3M 5925)	youngs_modulus	2902	datasheet	https://multimedia.3m.com/mws/media/2369604O/3m-vhb-tape-5952-technical-data-sheet.pdf		3M™ VHB™ Tape 5915 Technical Data Sheet (교차 대상: 3M™ VHB™ Tape 5952 TDS 및 3M™ VHB™ Tapes Technical Data)
327	VHB Black 0.6mm (3M 5925)	youngs_modulus	2809	datasheet	https://multimedia.3m.com/mws/media/2369603O/3m-vhb-tape-5925-technical-data-sheet.pdf		3M VHB Tape 5925 Technical Data Sheet (CTE 칸이 5952를 지시) + 3M VHB Tape 5952 Technical Data Sheet (값 인쇄)
328	VHB Gray 2.3mm (3M 4991)	youngs_modulus	2218	datasheet	https://multimedia.3m.com/mws/media/67100O/3m-vhb-tapes.pdf		3M VHB Tapes Technical Data (October 2018)
328	VHB Gray 2.3mm (3M 4991)	youngs_modulus	971	book			Rubber Technology Handbook (Hofmann)
328	VHB Gray 2.3mm (3M 4991)	youngs_modulus	2807	datasheet	https://multimedia.3m.com/mws/media/2369600O/3m-vhb-tape-4991-technical-data-sheet.pdf		3M VHB Tape 4991 Technical Data Sheet (CTE 칸이 4941을 지시) + 3M VHB Tape 4941 Technical Data Sheet (값 인쇄)
329	VHB Black 1.0mm FR (3M 5958FR)	youngs_modulus	2218	datasheet	https://multimedia.3m.com/mws/media/67100O/3m-vhb-tapes.pdf		3M VHB Tapes Technical Data (October 2018)
329	VHB Black 1.0mm FR (3M 5958FR)	youngs_modulus	971	book			Rubber Technology Handbook (Hofmann)
329	VHB Black 1.0mm FR (3M 5958FR)	youngs_modulus	2902	datasheet	https://multimedia.3m.com/mws/media/2369604O/3m-vhb-tape-5952-technical-data-sheet.pdf		3M™ VHB™ Tape 5915 Technical Data Sheet (교차 대상: 3M™ VHB™ Tape 5952 TDS 및 3M™ VHB™ Tapes Technical Data)
329	VHB Black 1.0mm FR (3M 5958FR)	youngs_modulus	2810	datasheet	https://multimedia.3m.com/mws/media/2369605O/3m-vhb-tape-5958fr-technical-data-sheet.pdf		3M VHB Tape 5958FR Technical Data Sheet (CTE 칸이 5952를 지시) + 3M VHB Tape 5952 Technical Data Sheet (값 인쇄)
330	tesa ACXplus 7054 (0.5mm transparent)	youngs_modulus, expansion_linear	2219	datasheet	https://www.tesa.com/en/files/download/9806599,14,tesa-acxplus-technical-information-sheet.pdf		tesa ACXplus Technical Information Sheet
330	tesa ACXplus 7054 (0.5mm transparent)	youngs_modulus, expansion_linear	2135	journal	https://www.oaepublish.com/articles/ss.2024.22	10.20517/ss.2024.22	Towards the optimal design of optically clear adhesives for flexible display, Soft Science (2024)
331	tesa ACXplus 7074 (1.0mm black foamed)	youngs_modulus, expansion_linear	2515	datasheet	https://docs.rs-online.com/b099/A700000010038103.pdf		tesa ACXplus 7074 Product Information
331	tesa ACXplus 7074 (1.0mm black foamed)	youngs_modulus, expansion_linear	2568	datasheet	https://static.findtape.com/TDS/Tesa/Tesa-ACXplus-TDS.pdf		TECHNICAL INFORMATION AND DATA SHEET tesa ACXplus
331	tesa ACXplus 7074 (1.0mm black foamed)	youngs_modulus, expansion_linear	2219	datasheet	https://www.tesa.com/en/files/download/9806599,14,tesa-acxplus-technical-information-sheet.pdf		tesa ACXplus Technical Information Sheet
331	tesa ACXplus 7074 (1.0mm black foamed)	youngs_modulus, expansion_linear	971	book			Rubber Technology Handbook (Hofmann)
332	tesa ACXplus 7044 (1.0mm filled acrylic)	youngs_modulus, expansion_linear	2219	datasheet	https://www.tesa.com/en/files/download/9806599,14,tesa-acxplus-technical-information-sheet.pdf		tesa ACXplus Technical Information Sheet
332	tesa ACXplus 7044 (1.0mm filled acrylic)	youngs_modulus, expansion_linear	2135	journal	https://www.oaepublish.com/articles/ss.2024.22	10.20517/ss.2024.22	Towards the optimal design of optically clear adhesives for flexible display, Soft Science (2024)
333	tesa ACXplus 7063 (0.8mm black tackified)	youngs_modulus, expansion_linear	2568	datasheet	https://static.findtape.com/TDS/Tesa/Tesa-ACXplus-TDS.pdf		TECHNICAL INFORMATION AND DATA SHEET tesa ACXplus
333	tesa ACXplus 7063 (0.8mm black tackified)	youngs_modulus, expansion_linear	2219	datasheet	https://www.tesa.com/en/files/download/9806599,14,tesa-acxplus-technical-information-sheet.pdf		tesa ACXplus Technical Information Sheet
333	tesa ACXplus 7063 (0.8mm black tackified)	youngs_modulus, expansion_linear	971	book			Rubber Technology Handbook (Hofmann)
334	tesa ACXplus 7072 (0.5mm black foamed)	youngs_modulus, expansion_linear	2219	datasheet	https://www.tesa.com/en/files/download/9806599,14,tesa-acxplus-technical-information-sheet.pdf		tesa ACXplus Technical Information Sheet
334	tesa ACXplus 7072 (0.5mm black foamed)	youngs_modulus, expansion_linear	971	book			Rubber Technology Handbook (Hofmann)
335	Extreme Sealing Tape 2.0mm (3M 4412N)	youngs_modulus, expansion_linear	1790	datasheet	https://multimedia.3m.com/mws/media/1329189O/7000021302-3m-extreme-sealing-tape-exterior-technical-data.pdf		3M Extreme Sealing Tape 4411N / 4411G / 4412N / 4412G Technical Data (October 2011)
335	Extreme Sealing Tape 2.0mm (3M 4412N)	youngs_modulus, expansion_linear	2135	journal	https://www.oaepublish.com/articles/ss.2024.22	10.20517/ss.2024.22	Towards the optimal design of optically clear adhesives for flexible display, Soft Science (2024)
335	Extreme Sealing Tape 2.0mm (3M 4412N)	youngs_modulus, expansion_linear	2614	datasheet	https://multimedia.3m.com/mws/media/2366539O/3M-Extreme-Sealing-Tape-4412N.pdf?pif=003954		Technical Data Sheet — 3M Extreme Sealing Tape 4412N (and: 3M Extreme Sealing Tape 4411N / 4411G / 4411B / 4412N / 4412G
336	Nitto No.500 double-coated tape 0.16mm	youngs_modulus, density, expansion_linear	2220	datasheet	https://tewipack.de/fileadmin/website/service/downloads/produktinfos/nitto/nitto-mounting-tapes-2025-en.pdf		Nitto Mounting Tapes 2025 (EN) product catalogue
336	Nitto No.500 double-coated tape 0.16mm	youngs_modulus, density, expansion_linear	2135	journal	https://www.oaepublish.com/articles/ss.2024.22	10.20517/ss.2024.22	Towards the optimal design of optically clear adhesives for flexible display, Soft Science (2024)
337	Nitto No.5015E double-coated tape 0.16mm	youngs_modulus, density, expansion_linear	2220	datasheet	https://tewipack.de/fileadmin/website/service/downloads/produktinfos/nitto/nitto-mounting-tapes-2025-en.pdf		Nitto Mounting Tapes 2025 (EN) product catalogue
337	Nitto No.5015E double-coated tape 0.16mm	youngs_modulus, density, expansion_linear	2135	journal	https://www.oaepublish.com/articles/ss.2024.22	10.20517/ss.2024.22	Towards the optimal design of optically clear adhesives for flexible display, Soft Science (2024)
338	Nitto No.5050S double-coated tape 0.105mm	youngs_modulus, density, expansion_linear	2220	datasheet	https://tewipack.de/fileadmin/website/service/downloads/produktinfos/nitto/nitto-mounting-tapes-2025-en.pdf		Nitto Mounting Tapes 2025 (EN) product catalogue
338	Nitto No.5050S double-coated tape 0.105mm	youngs_modulus, density, expansion_linear	2135	journal	https://www.oaepublish.com/articles/ss.2024.22	10.20517/ss.2024.22	Towards the optimal design of optically clear adhesives for flexible display, Soft Science (2024)
339	Lohmann DuploCOLL 330 (perm/peel PET 0.16mm)	youngs_modulus, density, expansion_linear	2221	datasheet	https://www.lohmann-tapes.us/files_db/1642579726,921__6.pdf		Lohmann DuploCOLL 330 technical data sheet
339	Lohmann DuploCOLL 330 (perm/peel PET 0.16mm)	youngs_modulus, density, expansion_linear	2135	journal	https://www.oaepublish.com/articles/ss.2024.22	10.20517/ss.2024.22	Towards the optimal design of optically clear adhesives for flexible display, Soft Science (2024)
339	Lohmann DuploCOLL 330 (perm/peel PET 0.16mm)	youngs_modulus, density, expansion_linear	2362	datasheet	https://www.lohmann-tapes.com/en/products/duplocoll-330/		Lohmann DuploCOLL 330 technical data sheet
340	Lohmann DuploCOLL 365.2 (pure acrylic PET 0.54mm)	youngs_modulus, density, expansion_linear	2222	datasheet	https://www.lohmann-tapes.us/files_db/1604563302,9683__6.pdf		Lohmann DuploCOLL 365.2 (Art. No. 11 00 23) technical data sheet
340	Lohmann DuploCOLL 365.2 (pure acrylic PET 0.54mm)	youngs_modulus, density, expansion_linear	2135	journal	https://www.oaepublish.com/articles/ss.2024.22	10.20517/ss.2024.22	Towards the optimal design of optically clear adhesives for flexible display, Soft Science (2024)
340	Lohmann DuploCOLL 365.2 (pure acrylic PET 0.54mm)	youngs_modulus, density, expansion_linear	2363	datasheet	https://www.lohmann-tapes.com/en/products/duplocoll-365-2/		Lohmann DuploCOLL 365.2 technical data sheet
341	Avery Dennison AFT Clear 1000 (1mm acrylic foam adhesive)	youngs_modulus, expansion_linear	2223	datasheet	https://tapes.averydennison.com/content/dam/averydennison/pt/na/en/Literature/Product%20Information/TDS/AFT-CLEAR-1000-TDS-ADPT.pdf		Avery Dennison AFT CLEAR 1000 Technical Data Sheet
341	Avery Dennison AFT Clear 1000 (1mm acrylic foam adhesive)	youngs_modulus, expansion_linear	971	book			Rubber Technology Handbook (Hofmann)
341	Avery Dennison AFT Clear 1000 (1mm acrylic foam adhesive)	youngs_modulus, expansion_linear	2346	datasheet	https://tapes.averydennison.com/content/dam/averydennison/pt/na/en/Literature/Brochures/AFB-Selection-Guide-BRCH-ADPT.pdf		AFB Acrylic Foam Bond – Product Selection Guide
342	Avery Dennison FT F2001 MAT (43um acrylic transfer)	youngs_modulus, density, expansion_linear	2453	datasheet	https://tapes.averydennison.com/content/dam/averydennison/pt/products/tds/FT-F2001-MAT-datasheet.pdf		FT F2001 MAT Technical Data Sheet
342	Avery Dennison FT F2001 MAT (43um acrylic transfer)	youngs_modulus, density, expansion_linear	2224	datasheet	https://tapes.averydennison.com/content/dam/averydennison/pt/na/en/Literature/Product%20Information/TDS/FT-F2001-MAT-TDS-ADPT.pdf		Avery Dennison FT F2001 MAT Technical Data Sheet
342	Avery Dennison FT F2001 MAT (43um acrylic transfer)	youngs_modulus, density, expansion_linear	2135	journal	https://www.oaepublish.com/articles/ss.2024.22	10.20517/ss.2024.22	Towards the optimal design of optically clear adhesives for flexible display, Soft Science (2024)
343	Avery Dennison FT T4040 NBP (90um double-sided PET)	youngs_modulus, density, expansion_linear	2225	datasheet	https://tapes.averydennison.com/content/dam/averydennison/pt/na/en/Literature/Product%20Information/TDS/FT-T4040-NBP-TDS-ADPT.pdf		Avery Dennison FT T4040 NBP Technical Data Sheet
343	Avery Dennison FT T4040 NBP (90um double-sided PET)	youngs_modulus, density, expansion_linear	2135	journal	https://www.oaepublish.com/articles/ss.2024.22	10.20517/ss.2024.22	Towards the optimal design of optically clear adhesives for flexible display, Soft Science (2024)
344	Avery Dennison FT F2070 (45um acrylic transfer)	youngs_modulus, density, expansion_linear	2349	datasheet	https://tapes.averydennison.com/content/dam/averydennison/pt/products/tds/FT-F2070-datasheet.pdf		Technical Data Sheet Avery Dennison FT F2070
344	Avery Dennison FT F2070 (45um acrylic transfer)	youngs_modulus, density, expansion_linear	2226	datasheet	https://tapes.averydennison.com/content/dam/averydennison/pt/na/en/Literature/Product%20Information/TDS/FT-F2070-TDS-ADPT.pdf		Avery Dennison FT F2070 Technical Data Sheet
344	Avery Dennison FT F2070 (45um acrylic transfer)	youngs_modulus, density, expansion_linear	2135	journal	https://www.oaepublish.com/articles/ss.2024.22	10.20517/ss.2024.22	Towards the optimal design of optically clear adhesives for flexible display, Soft Science (2024)
345	Avery Dennison FT B2183 (60um double-sided PET)	youngs_modulus, density, expansion_linear	2227	datasheet	https://tapes.averydennison.com/content/dam/averydennison/pt/na/en/Literature/Product%20Information/TDS/FT-B2183-TDS-ADPT.pdf		Avery Dennison FT B2183 Technical Data Sheet
345	Avery Dennison FT B2183 (60um double-sided PET)	youngs_modulus, density, expansion_linear	2135	journal	https://www.oaepublish.com/articles/ss.2024.22	10.20517/ss.2024.22	Towards the optimal design of optically clear adhesives for flexible display, Soft Science (2024)
346	Avery Dennison OF 2429 (134um heat-sensitive LDPE film tape)	youngs_modulus, density, expansion_linear	2228	datasheet	https://tapes.averydennison.com/content/dam/averydennison/pt/na/en/Literature/Product%20Information/TDS/OF-2429-TDS-ADPT.pdf		Avery Dennison OF 2429 Technical Data Sheet
346	Avery Dennison OF 2429 (134um heat-sensitive LDPE film tape)	youngs_modulus, density, expansion_linear	2350	datasheet	https://tapes.averydennison.com/content/dam/averydennison/pt/products/tds/OF-2429-datasheet.pdf		Technical Data Sheet Avery Dennison OF 2429
346	Avery Dennison OF 2429 (134um heat-sensitive LDPE film tape)	youngs_modulus, density, expansion_linear	2998	journal	https://www.ebi.ac.uk/europepmc/webservices/rest/PMC6432432/fullTextXML	10.3390/polym8040077	Static and Dynamic Properties of Semi-Crystalline Polyethylene
346	Avery Dennison OF 2429 (134um heat-sensitive LDPE film tape)	youngs_modulus, density, expansion_linear	2135	journal	https://www.oaepublish.com/articles/ss.2024.22	10.20517/ss.2024.22	Towards the optimal design of optically clear adhesives for flexible display, Soft Science (2024)
347	Avery Dennison FM M2750 (1.1mm PE foam double-sided)	youngs_modulus, density, expansion_linear	2229	datasheet	https://tapes.averydennison.com/content/dam/averydennison/pt/na/en/Literature/Product%20Information/TDS/FM-M2750-TDS-ADPT.pdf		Avery Dennison FM M2750 Technical Data Sheet
347	Avery Dennison FM M2750 (1.1mm PE foam double-sided)	youngs_modulus, density, expansion_linear	971	book			Rubber Technology Handbook (Hofmann)
347	Avery Dennison FM M2750 (1.1mm PE foam double-sided)	youngs_modulus, density, expansion_linear	2798	database	https://www.makeitfrom.com/material-properties/Low-Density-Polyethylene-LDPE		MakeItFrom: Low Density Polyethylene (LDPE) — material properties
348	Avery Dennison FM M1712 (2.1mm PE foam double-sided)	youngs_modulus, density, expansion_linear	2230	datasheet	https://www.tangentsa.com/wp-content/uploads/2023/09/FM-M1712-TDS-ADPT.pdf		Avery Dennison FM M1712 Technical Data Sheet
348	Avery Dennison FM M1712 (2.1mm PE foam double-sided)	youngs_modulus, density, expansion_linear	2348	datasheet	https://tapes.averydennison.com/content/dam/averydennison/pt/products/tds/FM-M1712-datasheet.pdf		Technical Data Sheet Avery Dennison FM M1712
348	Avery Dennison FM M1712 (2.1mm PE foam double-sided)	youngs_modulus, density, expansion_linear	971	book			Rubber Technology Handbook (Hofmann)
348	Avery Dennison FM M1712 (2.1mm PE foam double-sided)	youngs_modulus, density, expansion_linear	2798	database	https://www.makeitfrom.com/material-properties/Low-Density-Polyethylene-LDPE		MakeItFrom: Low Density Polyethylene (LDPE) — material properties
349	3M Thermally Conductive Adhesive Transfer Tape 8805 (0.125mm)	youngs_modulus, expansion_linear	37	datasheet	https://multimedia.3m.com/mws/media/122119O/3m-thermally-conductive-adhesive-transfer-tapes-8800-series.pdf		3M Thermally Conductive Adhesive Transfer Tapes 8805/8810/8815/8820 Technical Data
349	3M Thermally Conductive Adhesive Transfer Tape 8805 (0.125mm)	youngs_modulus, expansion_linear	2135	journal	https://www.oaepublish.com/articles/ss.2024.22	10.20517/ss.2024.22	Towards the optimal design of optically clear adhesives for flexible display, Soft Science (2024)
349	3M Thermally Conductive Adhesive Transfer Tape 8805 (0.125mm)	youngs_modulus, expansion_linear	2328	datasheet	https://www.3m.com/electronics		3M Thermally Conductive Adhesive Transfer Tapes 8805 - 8810 - 8815 - 8820, Technical Data Sheet
350	3M Thermally Conductive Adhesive Transfer Tape 8815 (0.375mm)	youngs_modulus, expansion_linear	2743	datasheet	https://cdn-shop.adafruit.com/datasheets/3m8810.PDF		3M™ Thermally Conductive Adhesive Transfer Tapes 8805 • 8810 • 8815 • 8820 — Technical Data (이전 개정판)
350	3M Thermally Conductive Adhesive Transfer Tape 8815 (0.375mm)	youngs_modulus, expansion_linear	37	datasheet	https://multimedia.3m.com/mws/media/122119O/3m-thermally-conductive-adhesive-transfer-tapes-8800-series.pdf		3M Thermally Conductive Adhesive Transfer Tapes 8805/8810/8815/8820 Technical Data
350	3M Thermally Conductive Adhesive Transfer Tape 8815 (0.375mm)	youngs_modulus, expansion_linear	2135	journal	https://www.oaepublish.com/articles/ss.2024.22	10.20517/ss.2024.22	Towards the optimal design of optically clear adhesives for flexible display, Soft Science (2024)
350	3M Thermally Conductive Adhesive Transfer Tape 8815 (0.375mm)	youngs_modulus, expansion_linear	2328	datasheet	https://www.3m.com/electronics		3M Thermally Conductive Adhesive Transfer Tapes 8805 - 8810 - 8815 - 8820, Technical Data Sheet
351	3M Thermally Conductive Adhesive Transfer Tape 8820 (0.50mm)	youngs_modulus, expansion_linear	37	datasheet	https://multimedia.3m.com/mws/media/122119O/3m-thermally-conductive-adhesive-transfer-tapes-8800-series.pdf		3M Thermally Conductive Adhesive Transfer Tapes 8805/8810/8815/8820 Technical Data
351	3M Thermally Conductive Adhesive Transfer Tape 8820 (0.50mm)	youngs_modulus, expansion_linear	2135	journal	https://www.oaepublish.com/articles/ss.2024.22	10.20517/ss.2024.22	Towards the optimal design of optically clear adhesives for flexible display, Soft Science (2024)
351	3M Thermally Conductive Adhesive Transfer Tape 8820 (0.50mm)	youngs_modulus, expansion_linear	2328	datasheet	https://www.3m.com/electronics		3M Thermally Conductive Adhesive Transfer Tapes 8805 - 8810 - 8815 - 8820, Technical Data Sheet
352	Avery Dennison XD 3827 (94um double-sided tape)	youngs_modulus, density, expansion_linear	2351	datasheet	https://tapes.averydennison.com/content/dam/averydennison/pt/products/tds/XD-3827-datasheet.pdf		Technical Data Sheet Avery Dennison XD 3827
352	Avery Dennison XD 3827 (94um double-sided tape)	youngs_modulus, density, expansion_linear	2231	datasheet	https://tapes.averydennison.com/content/dam/averydennison/pt/na/en/Literature/Product%20Information/TDS/XD-3827-TDS-ADPT.pdf		Avery Dennison XD 3827 Technical Data Sheet
352	Avery Dennison XD 3827 (94um double-sided tape)	youngs_modulus, density, expansion_linear	2135	journal	https://www.oaepublish.com/articles/ss.2024.22	10.20517/ss.2024.22	Towards the optimal design of optically clear adhesives for flexible display, Soft Science (2024)
353	Avery Dennison FT T4020T (90um double-sided PET)	youngs_modulus, density, expansion_linear	2232	datasheet	https://tapes.averydennison.com/content/dam/averydennison/pt/products/tds/FT-T4020T-datasheet.pdf		Avery Dennison FT T4020T Technical Data Sheet
353	Avery Dennison FT T4020T (90um double-sided PET)	youngs_modulus, density, expansion_linear	2135	journal	https://www.oaepublish.com/articles/ss.2024.22	10.20517/ss.2024.22	Towards the optimal design of optically clear adhesives for flexible display, Soft Science (2024)
354	Avery Dennison FT 2018 (0.147mm modified acrylic transfer tape)	youngs_modulus, density, expansion_linear	2233	datasheet	https://tapes.averydennison.com/content/dam/averydennison/pt/products/tds/FT-2018-datasheet.pdf		Avery Dennison FT 2018 Technical Data Sheet (2020)
354	Avery Dennison FT 2018 (0.147mm modified acrylic transfer tape)	youngs_modulus, density, expansion_linear	2135	journal	https://www.oaepublish.com/articles/ss.2024.22	10.20517/ss.2024.22	Towards the optimal design of optically clear adhesives for flexible display, Soft Science (2024)
355	Lohmann DuploCOLL 918 (1.15mm pure acrylic)	youngs_modulus, density, expansion_linear	2234	datasheet	https://devtec.co.il/wp-content/uploads/2016/09/TDS_Lohmann918_devtec.pdf		Lohmann DuploCOLL 918 technical data sheet
355	Lohmann DuploCOLL 918 (1.15mm pure acrylic)	youngs_modulus, density, expansion_linear	2135	journal	https://www.oaepublish.com/articles/ss.2024.22	10.20517/ss.2024.22	Towards the optimal design of optically clear adhesives for flexible display, Soft Science (2024)
355	Lohmann DuploCOLL 918 (1.15mm pure acrylic)	youngs_modulus, density, expansion_linear	2366	datasheet	https://www.lohmann-tapes.com/en/products/duplocoll-918/		Lohmann DuploCOLL 918 technical data sheet
356	Lohmann DuploCOLL 9042 (0.76mm pure acrylic)	youngs_modulus, density, expansion_linear	2235	datasheet	https://www.lohmann-tapes.in.th/files_db/1563793322,0065__6.pdf		Lohmann DuploCOLL 9042 technical data sheet
356	Lohmann DuploCOLL 9042 (0.76mm pure acrylic)	youngs_modulus, density, expansion_linear	2135	journal	https://www.oaepublish.com/articles/ss.2024.22	10.20517/ss.2024.22	Towards the optimal design of optically clear adhesives for flexible display, Soft Science (2024)
356	Lohmann DuploCOLL 9042 (0.76mm pure acrylic)	youngs_modulus, density, expansion_linear	2365	datasheet	https://www.lohmann-tapes.com/en/products/duplocoll-9042/		Lohmann DuploCOLL 9042 technical data sheet
357	Lohmann DuploCOLL 200 (0.23mm dispersion acrylic)	youngs_modulus, density, expansion_linear	2236	datasheet	http://www.himtehprom.com.ua/upload/file/duplocoll_200.pdf		Lohmann DuploCOLL 200 technical data sheet
357	Lohmann DuploCOLL 200 (0.23mm dispersion acrylic)	youngs_modulus, density, expansion_linear	2135	journal	https://www.oaepublish.com/articles/ss.2024.22	10.20517/ss.2024.22	Towards the optimal design of optically clear adhesives for flexible display, Soft Science (2024)
357	Lohmann DuploCOLL 200 (0.23mm dispersion acrylic)	youngs_modulus, density, expansion_linear	2360	datasheet	https://www.lohmann-tapes.com/en/products/duplocoll-200/		Lohmann DuploCOLL 200 technical data sheet
358	Lohmann DuploCOLL 56003 (2.10mm pure acrylic)	youngs_modulus, density, expansion_linear	2237	datasheet	https://klebex.eu/wp-content/uploads/2023/03/DuploCOLL-56003.pdf		Lohmann DuploCOLL 56003 technical data sheet
358	Lohmann DuploCOLL 56003 (2.10mm pure acrylic)	youngs_modulus, density, expansion_linear	2135	journal	https://www.oaepublish.com/articles/ss.2024.22	10.20517/ss.2024.22	Towards the optimal design of optically clear adhesives for flexible display, Soft Science (2024)
358	Lohmann DuploCOLL 56003 (2.10mm pure acrylic)	youngs_modulus, density, expansion_linear	2364	datasheet	https://www.lohmann-tapes.com/en/products/duplocoll-56003/		Lohmann DuploCOLL 56003 technical data sheet
359	Lohmann DuploCOLL VP 6504 (0.15mm thin film tape)	youngs_modulus, density, expansion_linear	2238	datasheet	https://georgmartin.com/wp-content/uploads/2022/02/Duplocoll-VP-6504-engl..pdf		Lohmann DuploCOLL VP 6504 (Art. No. 11 741 C 03) technical data sheet
359	Lohmann DuploCOLL VP 6504 (0.15mm thin film tape)	youngs_modulus, density, expansion_linear	2135	journal	https://www.oaepublish.com/articles/ss.2024.22	10.20517/ss.2024.22	Towards the optimal design of optically clear adhesives for flexible display, Soft Science (2024)
359	Lohmann DuploCOLL VP 6504 (0.15mm thin film tape)	youngs_modulus, density, expansion_linear	2367	datasheet	https://www.lohmann-tapes.com/en/products/duplocoll-vp-6504/		Lohmann DuploCOLL VP 6504 technical data sheet
360	3M Repositionable Tape 9415PC (0.05mm)	youngs_modulus, density, expansion_linear	27	datasheet	https://multimedia.3m.com/mws/media/2279069O/repositionable-tapes-665-666-9415pc-9416-9425-9425ht-9449s-data-sheet.pdf		3M Repositionable Tapes 665/666/9415PC/9416/9425/9425HT/9449S Technical Data
360	3M Repositionable Tape 9415PC (0.05mm)	youngs_modulus, density, expansion_linear	2135	journal	https://www.oaepublish.com/articles/ss.2024.22	10.20517/ss.2024.22	Towards the optimal design of optically clear adhesives for flexible display, Soft Science (2024)
361	3M Repositionable Tape 9425HT (0.13mm)	youngs_modulus, density, expansion_linear	27	datasheet	https://multimedia.3m.com/mws/media/2279069O/repositionable-tapes-665-666-9415pc-9416-9425-9425ht-9449s-data-sheet.pdf		3M Repositionable Tapes 665/666/9415PC/9416/9425/9425HT/9449S Technical Data
361	3M Repositionable Tape 9425HT (0.13mm)	youngs_modulus, density, expansion_linear	2135	journal	https://www.oaepublish.com/articles/ss.2024.22	10.20517/ss.2024.22	Towards the optimal design of optically clear adhesives for flexible display, Soft Science (2024)
362	3M Polyester Tape 8402 (0.05mm silicone adhesive)	youngs_modulus, density, expansion_linear	2239	datasheet	https://multimedia.3m.com/mws/media/106631O/3m-tm-8403-polyester-tape.pdf		3M Polyester Tape 8402 / 8403 Technical Data (January 2017)
362	3M Polyester Tape 8402 (0.05mm silicone adhesive)	youngs_modulus, density, expansion_linear	971	book			Rubber Technology Handbook (Hofmann)
362	3M Polyester Tape 8402 (0.05mm silicone adhesive)	youngs_modulus, density, expansion_linear	2410	datasheet	https://multimedia.3m.com/mws/media/2366163O/3m-polyester-tape-8402.pdf		Technical Data Sheet 3M(TM) Polyester Tape 8402 (English-US, last revision September 2024)
363	tesa 4965 Original (0.205mm double-sided PET)	youngs_modulus, density, expansion_linear	2242	datasheet	https://docs.rs-online.com/45ab/A700000009020111.pdf		tesa 4965 Original Product Information (as of 07/03/22)
363	tesa 4965 Original (0.205mm double-sided PET)	youngs_modulus, density, expansion_linear	2135	journal	https://www.oaepublish.com/articles/ss.2024.22	10.20517/ss.2024.22	Towards the optimal design of optically clear adhesives for flexible display, Soft Science (2024)
364	Intertape AC778 (0.056mm metalized BOPP splicing tape)	youngs_modulus, density, expansion_linear	2243	datasheet	https://www.itape.com/wp-content/uploads/2023/01/DCT_AC778_TDS.pdf		Intertape Polymer Group AC778 Technical Data Sheet
364	Intertape AC778 (0.056mm metalized BOPP splicing tape)	youngs_modulus, density, expansion_linear	2135	journal	https://www.oaepublish.com/articles/ss.2024.22	10.20517/ss.2024.22	Towards the optimal design of optically clear adhesives for flexible display, Soft Science (2024)
365	Lohmann DuploCOLL 286 EC (0.26mm conductive double-sided)	youngs_modulus, density, expansion_linear	2244	datasheet	https://www.lohmann-tapes.us/files_db/1427099617_82__7.pdf		Lohmann DuploCOLL 286 EC (Art. No. 11 10 86) technical data sheet
365	Lohmann DuploCOLL 286 EC (0.26mm conductive double-sided)	youngs_modulus, density, expansion_linear	2135	journal	https://www.oaepublish.com/articles/ss.2024.22	10.20517/ss.2024.22	Towards the optimal design of optically clear adhesives for flexible display, Soft Science (2024)
365	Lohmann DuploCOLL 286 EC (0.26mm conductive double-sided)	youngs_modulus, density, expansion_linear	2361	datasheet	https://www.lohmann-tapes.com/en/products/duplocoll-286-ec/		Lohmann DuploCOLL 286 EC technical data sheet
366	Lohmann DuploCOLL 2501 (0.12mm rubber double-coated film)	youngs_modulus, density, expansion_linear	2245	datasheet	https://flexografica.com/wp-content/uploads/2024/05/Lohmann-DuploCOLL-2501.pdf		Lohmann DuploCOLL 2501 technical data sheet
366	Lohmann DuploCOLL 2501 (0.12mm rubber double-coated film)	youngs_modulus, density, expansion_linear	971	book			Rubber Technology Handbook (Hofmann)
366	Lohmann DuploCOLL 2501 (0.12mm rubber double-coated film)	youngs_modulus, density, expansion_linear	2368	datasheet	https://www.lohmann-tapes.com/en/products/duplocoll-2501/		Lohmann DuploCOLL 2501 technical data sheet
367	Avery Dennison FT B (0.21mm double coated tape)	youngs_modulus, density, expansion_linear	2246	datasheet	https://tapes.averydennison.com/content/dam/averydennison/pt/na/en/Literature/Product%20Information/FT%20B/FT-B-TDS-ADPT.pdf		Avery Dennison FT B Technical Data Sheet
367	Avery Dennison FT B (0.21mm double coated tape)	youngs_modulus, density, expansion_linear	2135	journal	https://www.oaepublish.com/articles/ss.2024.22	10.20517/ss.2024.22	Towards the optimal design of optically clear adhesives for flexible display, Soft Science (2024)
368	Avery Dennison FT D (0.23mm double coated tape)	youngs_modulus, density, expansion_linear	2247	datasheet	https://tapes.averydennison.com/content/dam/averydennison/pt/na/en/Literature/Product%20Information/FT%20D/FT-D-TDS-ADPT.pdf		Avery Dennison FT D Technical Data Sheet
368	Avery Dennison FT D (0.23mm double coated tape)	youngs_modulus, density, expansion_linear	2135	journal	https://www.oaepublish.com/articles/ss.2024.22	10.20517/ss.2024.22	Towards the optimal design of optically clear adhesives for flexible display, Soft Science (2024)
369	Avery Dennison FM M1711 (1.7mm PE foam double-sided)	youngs_modulus, density, expansion_linear	2248	datasheet	https://tapes.averydennison.com/content/dam/averydennison/pt/na/en/Literature/Product%20Information/TDS/FM-M1711-TDS-ADPT.pdf		Avery Dennison FM M1711 Technical Data Sheet
369	Avery Dennison FM M1711 (1.7mm PE foam double-sided)	youngs_modulus, density, expansion_linear	2347	datasheet	https://tapes.averydennison.com/content/dam/averydennison/pt/products/tds/FM-M1711-datasheet.pdf		Technical Data Sheet Avery Dennison FM M1711
369	Avery Dennison FM M1711 (1.7mm PE foam double-sided)	youngs_modulus, density, expansion_linear	971	book			Rubber Technology Handbook (Hofmann)
369	Avery Dennison FM M1711 (1.7mm PE foam double-sided)	youngs_modulus, density, expansion_linear	2798	database	https://www.makeitfrom.com/material-properties/Low-Density-Polyethylene-LDPE		MakeItFrom: Low Density Polyethylene (LDPE) — material properties
370	ThreeBond TB3062U UV-curing acrylate resin	expansion_linear	2250	datasheet	https://threebond.com/wp-content/uploads/2019/01/ThreeBond-3062U-uv-curing-resin.pdf		ThreeBond 3062U UV-curing Resin, Technical Data ED2009063, Mar. 3 2009
370	ThreeBond TB3062U UV-curing acrylate resin	expansion_linear	2761	datasheet	https://threebond.com/download/threebond-3062U-uv-curing-resin		ThreeBond 3062U UV-curing Resin Technical Data (Mar. 3, 2009, ED2009063) — '5. Characteristics of cured resin' table
370	ThreeBond TB3062U UV-curing acrylate resin	expansion_linear	2576	computed	https://github.com/squall321/MaterialTwinWeb		MaterialTwinWeb 클래스 가정 — 카탈로그 내 동일 클래스 실측값의 중앙값
373	Norland Optical Adhesive 61 (NOA 61)	expansion_linear	2253	datasheet	https://norlandproducts.com/wp-content/uploads/2025/02/Norland-Products-NOA-61-TDS.pdf		Norland Optical Adhesive 61 Technical Data Sheet, REV. 0
373	Norland Optical Adhesive 61 (NOA 61)	expansion_linear	2717	other	https://www.osti.gov/servlets/purl/1513839		Design Guidelines for Predicting Stress in Cemented Doublets (SPIE / OSTI 1513839), Sec. 6.3.1 Static stress
373	Norland Optical Adhesive 61 (NOA 61)	expansion_linear	2135	journal	https://www.oaepublish.com/articles/ss.2024.22	10.20517/ss.2024.22	Towards the optimal design of optically clear adhesives for flexible display, Soft Science (2024)
374	Norland Optical Adhesive 65 (NOA 65)	expansion_linear	2254	datasheet	https://norlandproducts.com/wp-content/uploads/2025/02/NOA-65-TDS.pdf		Norland Optical Adhesive 65 Technical Data Sheet, REV. 0
374	Norland Optical Adhesive 65 (NOA 65)	expansion_linear	2135	journal	https://www.oaepublish.com/articles/ss.2024.22	10.20517/ss.2024.22	Towards the optimal design of optically clear adhesives for flexible display, Soft Science (2024)
375	ARclear 8932EE optically clear silicone adhesive transfer tape	youngs_modulus, expansion_linear	2255	datasheet	https://www.adhesivesresearch.com/wp-content/uploads/2024/05/ARclear%C2%AE-8932EE-Product-Information-Sheet.pdf		Product Information Sheet ARclear 8932EE optically clear silicone adhesive transfer tape
375	ARclear 8932EE optically clear silicone adhesive transfer tape	youngs_modulus, expansion_linear	971	book			Rubber Technology Handbook (Hofmann)
376	ARclear 42010 optically clear silicone adhesive transfer tape	youngs_modulus, expansion_linear	2256	datasheet	https://www.adhesivesresearch.com/wp-content/uploads/2024/05/ARclear%C2%AE-42010-Product-Information-Sheet.pdf		Product Information Sheet ARclear 42010 optically clear silicone adhesive transfer tape
376	ARclear 42010 optically clear silicone adhesive transfer tape	youngs_modulus, expansion_linear	971	book			Rubber Technology Handbook (Hofmann)
377	ARclear 43080 optically clear high-peel silicone adhesive transfer tape	youngs_modulus, expansion_linear	2257	datasheet	https://www.adhesivesresearch.com/wp-content/uploads/2024/05/ARclear%C2%AE-43080-Product-Information-Sheet.pdf		Product Information Sheet ARclear 43080 optically clear high-peel silicone adhesive transfer tape
377	ARclear 43080 optically clear high-peel silicone adhesive transfer tape	youngs_modulus, expansion_linear	971	book			Rubber Technology Handbook (Hofmann)
378	ARclear 93495 optically clear silicone adhesive transfer tape	youngs_modulus, expansion_linear	2258	datasheet	https://www.adhesivesresearch.com/wp-content/uploads/2021/01/ARclear%C2%AE-93495-Product-Information-Sheet.pdf		Product Information Sheet ARclear 93495 optically clear silicone adhesive transfer tape
378	ARclear 93495 optically clear silicone adhesive transfer tape	youngs_modulus, expansion_linear	971	book			Rubber Technology Handbook (Hofmann)
379	Silicone OCA (Momentive, MQ resin / silicone gum)	youngs_modulus, expansion_linear	2259	datasheet	https://pstc.org/wp-content/uploads/2021/05/ChangKwanho.pdf		Silicone Optically Clear Adhesive for Electronic Applications, K. Chang and D. Newsham, PSTC Technical Seminar
379	Silicone OCA (Momentive, MQ resin / silicone gum)	youngs_modulus, expansion_linear	971	book			Rubber Technology Handbook (Hofmann)
379	Silicone OCA (Momentive, MQ resin / silicone gum)	youngs_modulus, expansion_linear	2343	datasheet	https://www.wpi-europe.com/downloads/content/11-3184-01-sylgard-184-elastomer.pdf		Technical Data Sheet SYLGARD 184 Silicone Elastomer (Form No. 11-3184-01-0224 S2D) - used only as the PDMS family analog
379	Silicone OCA (Momentive, MQ resin / silicone gum)	youngs_modulus, expansion_linear	3003	database	https://www.accudynetest.com/polymer_surface_data/polydimethylsiloxane.pdf		Surface Energy Data for PDMS: Polydimethylsiloxane - AccuDyne Test polymer surface data compilation (Diversified Enterpr
379	Silicone OCA (Momentive, MQ resin / silicone gum)	youngs_modulus, expansion_linear	2566	datasheet	https://www.shinetsusilicone-global.com/catalog/pdf/rubber_e.pdf		Characteristic properties of Silicone Rubber Compounds (p.8 Thermal conductivity)
379	Silicone OCA (Momentive, MQ resin / silicone gum)	youngs_modulus, expansion_linear	2797	journal	https://res.mdpi.com/d_attachment/polymers/polymers-12-02327/article_deploy/polymers-12-02327.pdf	10.3390/polym12102327	Reliability-Based Evaluation of the Suitability of Polymers for Additive Manufacturing Intended to Injection Molding — T
380	Dymax OP-29 light-curable optical adhesive	expansion_linear	1999	datasheet	https://focenter.com/media/wysiwyg/documents/AngstromBond---Fiber-Optic-Center-Dymax-OP-29-UV-Optical-Adhesive-(3ml)-Fiber-Optic-Center.pdf		OP-29 Multi-Purpose, Light-Curable Optical Adhesive — OP-29 Product Data Sheet (Dymax)
380	Dymax OP-29 light-curable optical adhesive	expansion_linear	2135	journal	https://www.oaepublish.com/articles/ss.2024.22	10.20517/ss.2024.22	Towards the optimal design of optically clear adhesives for flexible display, Soft Science (2024)
381	DOWSIL 3145 RTV MIL-A-46146 Adhesive Sealant	expansion_linear	2269	datasheet	https://www.farnell.com/datasheets/3283105.pdf		Technical Data Sheet DOWSIL 3145 RTV MIL-A-46146 Adhesive Sealant - Clear (Form No. 11-3215-01-0321) and DOWSIL 3145 RTV
381	DOWSIL 3145 RTV MIL-A-46146 Adhesive Sealant	expansion_linear	971	book			Rubber Technology Handbook (Hofmann)
381	DOWSIL 3145 RTV MIL-A-46146 Adhesive Sealant	expansion_linear	3003	database	https://www.accudynetest.com/polymer_surface_data/polydimethylsiloxane.pdf		Surface Energy Data for PDMS: Polydimethylsiloxane - AccuDyne Test polymer surface data compilation (Diversified Enterpr
381	DOWSIL 3145 RTV MIL-A-46146 Adhesive Sealant	expansion_linear	2797	journal	https://res.mdpi.com/d_attachment/polymers/polymers-12-02327/article_deploy/polymers-12-02327.pdf	10.3390/polym12102327	Reliability-Based Evaluation of the Suitability of Polymers for Additive Manufacturing Intended to Injection Molding — T
382	Avery Dennison FT Series Rubber Adhesive Transfer Tape	youngs_modulus, density, expansion_linear	2270	datasheet	https://tapes.averydennison.com/content/dam/averydennison/pt/products/tds/FT-2162-datasheet.pdf		Avery Dennison FT 2162 and FT 167 Technical Data Sheets
382	Avery Dennison FT Series Rubber Adhesive Transfer Tape	youngs_modulus, density, expansion_linear	971	book			Rubber Technology Handbook (Hofmann)
383	Shin-Etsu KE-45 RTV Silicone Adhesive Sealant	youngs_modulus, expansion_linear	2271	datasheet	https://www.shinetsusilicones.com/rtv.aspx?ID=KE-45		Shin-Etsu KE-45 RTV product data sheet
383	Shin-Etsu KE-45 RTV Silicone Adhesive Sealant	youngs_modulus, expansion_linear	971	book			Rubber Technology Handbook (Hofmann)
383	Shin-Etsu KE-45 RTV Silicone Adhesive Sealant	youngs_modulus, expansion_linear	3003	database	https://www.accudynetest.com/polymer_surface_data/polydimethylsiloxane.pdf		Surface Energy Data for PDMS: Polydimethylsiloxane - AccuDyne Test polymer surface data compilation (Diversified Enterpr
383	Shin-Etsu KE-45 RTV Silicone Adhesive Sealant	youngs_modulus, expansion_linear	2569	datasheet	http://www.hyedroinc.com/images/Literature/rtv_rubber_industrial_tmp_0.pdf		RTV Rubber for Electrical, Electronic and General Industrial Use — Sealing / general industrial, one-component room-temp
383	Shin-Etsu KE-45 RTV Silicone Adhesive Sealant	youngs_modulus, expansion_linear	2797	journal	https://res.mdpi.com/d_attachment/polymers/polymers-12-02327/article_deploy/polymers-12-02327.pdf	10.3390/polym12102327	Reliability-Based Evaluation of the Suitability of Polymers for Additive Manufacturing Intended to Injection Molding — T
384	PORON XRD LD (open-cell PU foam, 195 kg/m3)	expansion_linear	31	datasheet	https://www.sealanddesign.com/wp-content/uploads/2019/03/Poron-XRD-DataSheet.pdf		Rogers PORON XRD Extreme Impact Protection Data Sheet
384	PORON XRD LD (open-cell PU foam, 195 kg/m3)	expansion_linear	2272	journal	https://link.springer.com/article/10.1007/s11340-021-00772-z	10.1007/s11340-021-00772-z	Density, Microstructure, and Strain-Rate Effects on the Compressive Response of Polyurethane Foams
384	PORON XRD LD (open-cell PU foam, 195 kg/m3)	expansion_linear	971	book			Rubber Technology Handbook (Hofmann)
384	PORON XRD LD (open-cell PU foam, 195 kg/m3)	expansion_linear	3106	other	https://repository.library.brown.edu/storage/bdr:n58ashmz/PDF/		Large-deformation, viscoelastic constitutive modeling of elastomeric foams (Ph.D. thesis, Xiuqi Li, Brown University, bd
384	PORON XRD LD (open-cell PU foam, 195 kg/m3)	expansion_linear	2156	database	https://www.azom.com/properties.aspx?ArticleID=679		Properties: Polyurethane — AZoM materials property table (data from Granta Design Limited)
385	PORON XRD HD (open-cell PU foam, 405 kg/m3)	expansion_linear	31	datasheet	https://www.sealanddesign.com/wp-content/uploads/2019/03/Poron-XRD-DataSheet.pdf		Rogers PORON XRD Extreme Impact Protection Data Sheet
385	PORON XRD HD (open-cell PU foam, 405 kg/m3)	expansion_linear	2272	journal	https://link.springer.com/article/10.1007/s11340-021-00772-z	10.1007/s11340-021-00772-z	Density, Microstructure, and Strain-Rate Effects on the Compressive Response of Polyurethane Foams
385	PORON XRD HD (open-cell PU foam, 405 kg/m3)	expansion_linear	971	book			Rubber Technology Handbook (Hofmann)
385	PORON XRD HD (open-cell PU foam, 405 kg/m3)	expansion_linear	2156	database	https://www.azom.com/properties.aspx?ArticleID=679		Properties: Polyurethane — AZoM materials property table (data from Granta Design Limited)
386	OCA acrylic (foldable OLED) - Microsyst Nanoeng 2026 characterization	youngs_modulus, expansion_linear	2135	journal	https://www.oaepublish.com/articles/ss.2024.22	10.20517/ss.2024.22	Towards the optimal design of optically clear adhesives for flexible display, Soft Science (2024)
386	OCA acrylic (foldable OLED) - Microsyst Nanoeng 2026 characterization	youngs_modulus, expansion_linear	2277	journal	https://pmc.ncbi.nlm.nih.gov/articles/PMC13284314/	10.1038/s41378-026-01342-w	A unified viscoelastic-viscoplastic constitutive framework for optically clear adhesives: Experiments, modeling, and FE 
386	OCA acrylic (foldable OLED) - Microsyst Nanoeng 2026 characterization	youngs_modulus, expansion_linear	102	datasheet	https://multimedia.3m.com/mws/media/1793258O/optically-clear-adhesives-for-foldable-oled-displays-whitepaper.pdf		Optically clear adhesives for foldable OLED displays (3M whitepaper)
389	EPE EPE58 expanded polyethylene foam (58 kg/m3)	expansion_linear	2278	journal	https://pmc.ncbi.nlm.nih.gov/articles/PMC11398114/	10.3390/polym16172489	Study on the Cushioning Performance of Expanded Polyethylene Foam
389	EPE EPE58 expanded polyethylene foam (58 kg/m3)	expansion_linear	971	book			Rubber Technology Handbook (Hofmann)
389	EPE EPE58 expanded polyethylene foam (58 kg/m3)	expansion_linear	2798	database	https://www.makeitfrom.com/material-properties/Low-Density-Polyethylene-LDPE		MakeItFrom: Low Density Polyethylene (LDPE) — material properties
390	Flexible polyurethane seat foam (65 kg/m3, open cell)	youngs_modulus, expansion_linear	971	book			Rubber Technology Handbook (Hofmann)
390	Flexible polyurethane seat foam (65 kg/m3, open cell)	youngs_modulus, expansion_linear	2279	journal	https://www.mdpi.com/1996-1944/18/15/3526	10.3390/ma18153526	Characterization and Finite Element Modelling of Flexible Polyurethane Foam
390	Flexible polyurethane seat foam (65 kg/m3, open cell)	youngs_modulus, expansion_linear	2827	database	https://materials.fsri.org/materialdetail/overstuffed-chair-polyurethane-foam		UL FSRI Materials and Products Database — Overstuffed Chair Polyurethane Foam (heat flow meter, ASTM C518)
390	Flexible polyurethane seat foam (65 kg/m3, open cell)	youngs_modulus, expansion_linear	2156	database	https://www.azom.com/properties.aspx?ArticleID=679		Properties: Polyurethane — AZoM materials property table (data from Granta Design Limited)
391	Polyurethane microcellular elastomer PUME (600 kg/m3)	youngs_modulus, expansion_linear	2280	journal	https://pmc.ncbi.nlm.nih.gov/articles/PMC9920046/	10.3390/polym15030778	Compressive Response and Constitutive Model of Polyurethane Microcellular Elastomer
391	Polyurethane microcellular elastomer PUME (600 kg/m3)	youngs_modulus, expansion_linear	2996	journal	https://www.ebi.ac.uk/europepmc/webservices/rest/PMC11548374/fullTextXML	10.3390/polym16213056	Dynamic Mechanical Properties and Constitutive Modeling of Polyurethane Microporous Elastomers
391	Polyurethane microcellular elastomer PUME (600 kg/m3)	youngs_modulus, expansion_linear	2156	database	https://www.azom.com/properties.aspx?ArticleID=679		Properties: Polyurethane — AZoM materials property table (data from Granta Design Limited)
392	D3O impact protection foam (397 kg/m3)	expansion_linear	2281	journal	https://pmc.ncbi.nlm.nih.gov/articles/PMC10112387/	10.1021/acsapm.3c00062	Elastomeric Polyurea Foams with Tailored Density Gradients for Impact Protection
392	D3O impact protection foam (397 kg/m3)	expansion_linear	971	book			Rubber Technology Handbook (Hofmann)
393	Elastomeric polyurea foam, mono-density (255 kg/m3)	expansion_linear	2281	journal	https://pmc.ncbi.nlm.nih.gov/articles/PMC10112387/	10.1021/acsapm.3c00062	Elastomeric Polyurea Foams with Tailored Density Gradients for Impact Protection
393	Elastomeric polyurea foam, mono-density (255 kg/m3)	expansion_linear	971	book			Rubber Technology Handbook (Hofmann)
394	NR/SBR blend rubber bumper (77 Shore A)	youngs_modulus, expansion_linear	2282	journal	https://pmc.ncbi.nlm.nih.gov/articles/PMC11398033/	10.3390/polym16172534	Identification of Hyperelastic Material Parameters of a Rubber Bumper
394	NR/SBR blend rubber bumper (77 Shore A)	youngs_modulus, expansion_linear	971	book			Rubber Technology Handbook (Hofmann)
395	NBR nitrile rubber (Íñiguez-Macedo et al. 2019 inverse-analysis characterization)	expansion_linear	2283	journal	https://doi.org/10.3390/ma12071019	10.3390/ma12071019	Finite Element Model Updating Combined with Multi-Response Optimization for Hyper-Elastic Materials Characterization
395	NBR nitrile rubber (Íñiguez-Macedo et al. 2019 inverse-analysis characterization)	expansion_linear	971	book			Rubber Technology Handbook (Hofmann)
395	NBR nitrile rubber (Íñiguez-Macedo et al. 2019 inverse-analysis characterization)	expansion_linear	2768	other	https://res.mdpi.com/d_attachment/polymers/polymers-12-02327/article_deploy/polymers-12-02327.pdf		Reliability-Based Evaluation of the Suitability of Polymers for Additive Manufacturing Intended to Injection Molding — T
396	PUR polyurethane rubber (Íñiguez-Macedo et al. 2019 inverse-analysis characterization)	expansion_linear	2283	journal	https://doi.org/10.3390/ma12071019	10.3390/ma12071019	Finite Element Model Updating Combined with Multi-Response Optimization for Hyper-Elastic Materials Characterization
396	PUR polyurethane rubber (Íñiguez-Macedo et al. 2019 inverse-analysis characterization)	expansion_linear	971	book			Rubber Technology Handbook (Hofmann)
396	PUR polyurethane rubber (Íñiguez-Macedo et al. 2019 inverse-analysis characterization)	expansion_linear	2768	other	https://res.mdpi.com/d_attachment/polymers/polymers-12-02327/article_deploy/polymers-12-02327.pdf		Reliability-Based Evaluation of the Suitability of Polymers for Additive Manufacturing Intended to Injection Molding — T
397	EVA ethylene-vinyl acetate elastomer (Íñiguez-Macedo et al. 2019 inverse-analysis characterization)	expansion_linear	2283	journal	https://doi.org/10.3390/ma12071019	10.3390/ma12071019	Finite Element Model Updating Combined with Multi-Response Optimization for Hyper-Elastic Materials Characterization
397	EVA ethylene-vinyl acetate elastomer (Íñiguez-Macedo et al. 2019 inverse-analysis characterization)	expansion_linear	2576	computed	https://github.com/squall321/MaterialTwinWeb		MaterialTwinWeb 클래스 가정 — 카탈로그 내 동일 클래스 실측값의 중앙값
397	EVA ethylene-vinyl acetate elastomer (Íñiguez-Macedo et al. 2019 inverse-analysis characterization)	expansion_linear	2799	database	https://www.makeitfrom.com/material-properties/Ethylene-Vinyl-Acetate-EVA		MakeItFrom: Ethylene-Vinyl Acetate (EVA) — material properties
398	SBR styrene-butadiene rubber (Íñiguez-Macedo et al. 2019 inverse-analysis characterization)	expansion_linear	2283	journal	https://doi.org/10.3390/ma12071019	10.3390/ma12071019	Finite Element Model Updating Combined with Multi-Response Optimization for Hyper-Elastic Materials Characterization
398	SBR styrene-butadiene rubber (Íñiguez-Macedo et al. 2019 inverse-analysis characterization)	expansion_linear	971	book			Rubber Technology Handbook (Hofmann)
398	SBR styrene-butadiene rubber (Íñiguez-Macedo et al. 2019 inverse-analysis characterization)	expansion_linear	2895	database	https://www.azom.com/properties.aspx?ArticleID=1844		Properties: Emulsion Polymerised Styrene Butadiene Rubber (E-SBR) — AZoM materials property table (data from Granta Desi
399	Carbon-black-filled natural rubber NR50 (50 Shore A)	youngs_modulus, expansion_linear	2284	journal	https://pmc.ncbi.nlm.nih.gov/articles/PMC12693752/	10.3390/polym17233091	Hyperelastic and Viscoelastic Characterization of Carbon-Black-Filled Natural Rubber
399	Carbon-black-filled natural rubber NR50 (50 Shore A)	youngs_modulus, expansion_linear	971	book			Rubber Technology Handbook (Hofmann)
400	Carbon-black-filled natural rubber NR60 (60 Shore A)	youngs_modulus, expansion_linear	2284	journal	https://pmc.ncbi.nlm.nih.gov/articles/PMC12693752/	10.3390/polym17233091	Hyperelastic and Viscoelastic Characterization of Carbon-Black-Filled Natural Rubber
400	Carbon-black-filled natural rubber NR60 (60 Shore A)	youngs_modulus, expansion_linear	971	book			Rubber Technology Handbook (Hofmann)
406	Dragon Skin 10 (Smooth-On silicone)	expansion_linear	2332	datasheet	https://www.smooth-on.com/tb/files/DRAGON_SKIN_SERIES_TB.pdf		Dragon Skin Series - Addition Cure Silicone Rubber Compounds, Technical Bulletin
406	Dragon Skin 10 (Smooth-On silicone)	expansion_linear	2292	journal	https://pmc.ncbi.nlm.nih.gov/articles/PMC8403193/	10.1089/soro.2019.0123	Facile Analytical Extraction of the Hyperelastic Constants for the Two-Parameter Mooney-Rivlin Model from Experiments on
406	Dragon Skin 10 (Smooth-On silicone)	expansion_linear	971	book			Rubber Technology Handbook (Hofmann)
406	Dragon Skin 10 (Smooth-On silicone)	expansion_linear	2801	journal	https://www.ncbi.nlm.nih.gov/pmc/articles/PMC10725245/	10.3389/fbioe.2023.1274673	Mechanical testing and comparison of porcine tissue, silicones and 3D-printed materials for cardiovascular phantoms, Fro
406	Dragon Skin 10 (Smooth-On silicone)	expansion_linear	3003	database	https://www.accudynetest.com/polymer_surface_data/polydimethylsiloxane.pdf		Surface Energy Data for PDMS: Polydimethylsiloxane - AccuDyne Test polymer surface data compilation (Diversified Enterpr
406	Dragon Skin 10 (Smooth-On silicone)	expansion_linear	2797	journal	https://res.mdpi.com/d_attachment/polymers/polymers-12-02327/article_deploy/polymers-12-02327.pdf	10.3390/polym12102327	Reliability-Based Evaluation of the Suitability of Polymers for Additive Manufacturing Intended to Injection Molding — T
407	Sorta-Clear 40 (Smooth-On silicone)	youngs_modulus, expansion_linear	2345	datasheet	https://www.smooth-on.com/products/sorta-clear-40/		SORTA-Clear 40 product page - Technical Data
407	Sorta-Clear 40 (Smooth-On silicone)	youngs_modulus, expansion_linear	2292	journal	https://pmc.ncbi.nlm.nih.gov/articles/PMC8403193/	10.1089/soro.2019.0123	Facile Analytical Extraction of the Hyperelastic Constants for the Two-Parameter Mooney-Rivlin Model from Experiments on
407	Sorta-Clear 40 (Smooth-On silicone)	youngs_modulus, expansion_linear	2293	journal	https://discovery.ucl.ac.uk/id/eprint/10112846/	10.1089/soro.2019.0115	Toward a Common Framework and Database of Materials for Soft Robotics
407	Sorta-Clear 40 (Smooth-On silicone)	youngs_modulus, expansion_linear	971	book			Rubber Technology Handbook (Hofmann)
407	Sorta-Clear 40 (Smooth-On silicone)	youngs_modulus, expansion_linear	3003	database	https://www.accudynetest.com/polymer_surface_data/polydimethylsiloxane.pdf		Surface Energy Data for PDMS: Polydimethylsiloxane - AccuDyne Test polymer surface data compilation (Diversified Enterpr
407	Sorta-Clear 40 (Smooth-On silicone)	youngs_modulus, expansion_linear	2797	journal	https://res.mdpi.com/d_attachment/polymers/polymers-12-02327/article_deploy/polymers-12-02327.pdf	10.3390/polym12102327	Reliability-Based Evaluation of the Suitability of Polymers for Additive Manufacturing Intended to Injection Molding — T
408	Ecoflex 00-10 (Smooth-On silicone)	expansion_linear	2906	datasheet	https://www.smooth-on.com/tb/files/ECOFLEX_SERIES_TB.pdf		Smooth-On Ecoflex Series Technical Bulletin
408	Ecoflex 00-10 (Smooth-On silicone)	expansion_linear	2335	datasheet	https://www.smooth-on.com/products/ecoflex-00-10/		Ecoflex 00-10 product page - Technical Data
408	Ecoflex 00-10 (Smooth-On silicone)	expansion_linear	2293	journal	https://discovery.ucl.ac.uk/id/eprint/10112846/	10.1089/soro.2019.0115	Toward a Common Framework and Database of Materials for Soft Robotics
408	Ecoflex 00-10 (Smooth-On silicone)	expansion_linear	971	book			Rubber Technology Handbook (Hofmann)
408	Ecoflex 00-10 (Smooth-On silicone)	expansion_linear	2801	journal	https://www.ncbi.nlm.nih.gov/pmc/articles/PMC10725245/	10.3389/fbioe.2023.1274673	Mechanical testing and comparison of porcine tissue, silicones and 3D-printed materials for cardiovascular phantoms, Fro
408	Ecoflex 00-10 (Smooth-On silicone)	expansion_linear	3000	journal	https://pmc.ncbi.nlm.nih.gov/articles/PMC7645869/	10.1021/acsami.0c12925	3D Biomimetic Tongue-Emulating Surfaces for Tribological Applications
408	Ecoflex 00-10 (Smooth-On silicone)	expansion_linear	2797	journal	https://res.mdpi.com/d_attachment/polymers/polymers-12-02327/article_deploy/polymers-12-02327.pdf	10.3390/polym12102327	Reliability-Based Evaluation of the Suitability of Polymers for Additive Manufacturing Intended to Injection Molding — T
409	Ecoflex 00-30 (Smooth-On silicone)	expansion_linear	2906	datasheet	https://www.smooth-on.com/tb/files/ECOFLEX_SERIES_TB.pdf		Smooth-On Ecoflex Series Technical Bulletin
409	Ecoflex 00-30 (Smooth-On silicone)	expansion_linear	2336	datasheet	https://www.smooth-on.com/products/ecoflex-00-30/		Ecoflex 00-30 product page - Technical Data
409	Ecoflex 00-30 (Smooth-On silicone)	expansion_linear	2293	journal	https://discovery.ucl.ac.uk/id/eprint/10112846/	10.1089/soro.2019.0115	Toward a Common Framework and Database of Materials for Soft Robotics
409	Ecoflex 00-30 (Smooth-On silicone)	expansion_linear	2296	journal	https://www.mdpi.com/1996-1944/19/13/2789	10.3390/ma19132789	Regime-dependent hyperelastic characterization of Ecoflex 00-30
409	Ecoflex 00-30 (Smooth-On silicone)	expansion_linear	2725	journal	https://res.mdpi.com/d_attachment/materials/materials-18-03037/article_deploy/materials-18-03037.pdf	10.3390/ma18133037	A Comprehensive Experimental, Simulation, and Characterization Mechanical Analysis of Ecoflex and Its Formulation Under 
409	Ecoflex 00-30 (Smooth-On silicone)	expansion_linear	2758	journal	https://www.ebi.ac.uk/europepmc/webservices/rest/PMC9181817/fullTextXML	10.3390/ijms23116338	Hyperelastic Properties of Bamboo Cellulosic Fibre-Reinforced Silicone Rubber Biocomposites via Compression Test
409	Ecoflex 00-30 (Smooth-On silicone)	expansion_linear	971	book			Rubber Technology Handbook (Hofmann)
409	Ecoflex 00-30 (Smooth-On silicone)	expansion_linear	2801	journal	https://www.ncbi.nlm.nih.gov/pmc/articles/PMC10725245/	10.3389/fbioe.2023.1274673	Mechanical testing and comparison of porcine tissue, silicones and 3D-printed materials for cardiovascular phantoms, Fro
409	Ecoflex 00-30 (Smooth-On silicone)	expansion_linear	3000	journal	https://pmc.ncbi.nlm.nih.gov/articles/PMC7645869/	10.1021/acsami.0c12925	3D Biomimetic Tongue-Emulating Surfaces for Tribological Applications
409	Ecoflex 00-30 (Smooth-On silicone)	expansion_linear	2797	journal	https://res.mdpi.com/d_attachment/polymers/polymers-12-02327/article_deploy/polymers-12-02327.pdf	10.3390/polym12102327	Reliability-Based Evaluation of the Suitability of Polymers for Additive Manufacturing Intended to Injection Molding — T
410	Ecoflex 00-50 (Smooth-On silicone)	youngs_modulus, expansion_linear	2906	datasheet	https://www.smooth-on.com/tb/files/ECOFLEX_SERIES_TB.pdf		Smooth-On Ecoflex Series Technical Bulletin
410	Ecoflex 00-50 (Smooth-On silicone)	youngs_modulus, expansion_linear	2337	datasheet	https://www.smooth-on.com/products/ecoflex-00-50/		Ecoflex 00-50 product page - Technical Data
410	Ecoflex 00-50 (Smooth-On silicone)	youngs_modulus, expansion_linear	2293	journal	https://discovery.ucl.ac.uk/id/eprint/10112846/	10.1089/soro.2019.0115	Toward a Common Framework and Database of Materials for Soft Robotics
410	Ecoflex 00-50 (Smooth-On silicone)	youngs_modulus, expansion_linear	2726	journal	https://www.ebi.ac.uk/europepmc/webservices/rest/PMC8795878/fullTextXML	10.3389/frobt.2021.790571	Evolutionary Inverse Material Identification: Bespoke Characterization of Soft Materials Using a Metaheuristic Algorithm
410	Ecoflex 00-50 (Smooth-On silicone)	youngs_modulus, expansion_linear	971	book			Rubber Technology Handbook (Hofmann)
410	Ecoflex 00-50 (Smooth-On silicone)	youngs_modulus, expansion_linear	3000	journal	https://pmc.ncbi.nlm.nih.gov/articles/PMC7645869/	10.1021/acsami.0c12925	3D Biomimetic Tongue-Emulating Surfaces for Tribological Applications
410	Ecoflex 00-50 (Smooth-On silicone)	youngs_modulus, expansion_linear	2797	journal	https://res.mdpi.com/d_attachment/polymers/polymers-12-02327/article_deploy/polymers-12-02327.pdf	10.3390/polym12102327	Reliability-Based Evaluation of the Suitability of Polymers for Additive Manufacturing Intended to Injection Molding — T
411	PlatSil Gel-10 (Polytek silicone)	youngs_modulus, expansion_linear	2340	datasheet	https://polytek.com/content/pdf/TDS/PlatSilGels_TechnicalBulletin_Polytek_ALL_SkinSafe.pdf		PlatSil Silicone Gels - Technical Bulletin (Physical Properties table)
411	PlatSil Gel-10 (Polytek silicone)	youngs_modulus, expansion_linear	2293	journal	https://discovery.ucl.ac.uk/id/eprint/10112846/	10.1089/soro.2019.0115	Toward a Common Framework and Database of Materials for Soft Robotics
411	PlatSil Gel-10 (Polytek silicone)	youngs_modulus, expansion_linear	971	book			Rubber Technology Handbook (Hofmann)
411	PlatSil Gel-10 (Polytek silicone)	youngs_modulus, expansion_linear	3003	database	https://www.accudynetest.com/polymer_surface_data/polydimethylsiloxane.pdf		Surface Energy Data for PDMS: Polydimethylsiloxane - AccuDyne Test polymer surface data compilation (Diversified Enterpr
411	PlatSil Gel-10 (Polytek silicone)	youngs_modulus, expansion_linear	2797	journal	https://res.mdpi.com/d_attachment/polymers/polymers-12-02327/article_deploy/polymers-12-02327.pdf	10.3390/polym12102327	Reliability-Based Evaluation of the Suitability of Polymers for Additive Manufacturing Intended to Injection Molding — T
412	RTV615 (Momentive silicone)	youngs_modulus	2440	book	https://www.ondacorp.com/wp-content/uploads/2020/09/Rubbers.pdf		Acoustic Properties of Rubbers (Onda Corporation Acoustic Properties Tables, updated April 11, 2003)
412	RTV615 (Momentive silicone)	youngs_modulus	2341	datasheet	https://mgchemicals.com/downloads/tds/Momentive/RTV615.pdf		Technical Data Sheet RTV615 (Momentive, HCD-RTV615 Rev. 2021-05-05)
412	RTV615 (Momentive silicone)	youngs_modulus	2293	journal	https://discovery.ucl.ac.uk/id/eprint/10112846/	10.1089/soro.2019.0115	Toward a Common Framework and Database of Materials for Soft Robotics
412	RTV615 (Momentive silicone)	youngs_modulus	971	book			Rubber Technology Handbook (Hofmann)
412	RTV615 (Momentive silicone)	youngs_modulus	2757	journal	https://refractiveindex.info/?shelf=organic&book=polydimethylsiloxane&page=Schneider-Sylgard184	10.1016/j.sna.2009.01.026	Process and material properties of polydimethylsiloxane (PDMS) for Optical MEMS
412	RTV615 (Momentive silicone)	youngs_modulus	3003	database	https://www.accudynetest.com/polymer_surface_data/polydimethylsiloxane.pdf		Surface Energy Data for PDMS: Polydimethylsiloxane - AccuDyne Test polymer surface data compilation (Diversified Enterpr
413	Body Double SILK (Smooth-On silicone)	youngs_modulus, expansion_linear	2330	datasheet	https://www.smooth-on.com/tb/files/BODY_DOUBLE_SILK_TB.pdf		Body Double SILK - Self-Releasing Lifecasting Silicone Rubber, Technical Bulletin
413	Body Double SILK (Smooth-On silicone)	youngs_modulus, expansion_linear	2293	journal	https://discovery.ucl.ac.uk/id/eprint/10112846/	10.1089/soro.2019.0115	Toward a Common Framework and Database of Materials for Soft Robotics
413	Body Double SILK (Smooth-On silicone)	youngs_modulus, expansion_linear	971	book			Rubber Technology Handbook (Hofmann)
413	Body Double SILK (Smooth-On silicone)	youngs_modulus, expansion_linear	3003	database	https://www.accudynetest.com/polymer_surface_data/polydimethylsiloxane.pdf		Surface Energy Data for PDMS: Polydimethylsiloxane - AccuDyne Test polymer surface data compilation (Diversified Enterpr
413	Body Double SILK (Smooth-On silicone)	youngs_modulus, expansion_linear	2797	journal	https://res.mdpi.com/d_attachment/polymers/polymers-12-02327/article_deploy/polymers-12-02327.pdf	10.3390/polym12102327	Reliability-Based Evaluation of the Suitability of Polymers for Additive Manufacturing Intended to Injection Molding — T
414	Rebound 25 (Smooth-On silicone)	youngs_modulus, expansion_linear	2342	datasheet	https://www.smooth-on.com/products/rebound-25/		Rebound 25 product page - Technical Data
414	Rebound 25 (Smooth-On silicone)	youngs_modulus, expansion_linear	2293	journal	https://discovery.ucl.ac.uk/id/eprint/10112846/	10.1089/soro.2019.0115	Toward a Common Framework and Database of Materials for Soft Robotics
414	Rebound 25 (Smooth-On silicone)	youngs_modulus, expansion_linear	971	book			Rubber Technology Handbook (Hofmann)
414	Rebound 25 (Smooth-On silicone)	youngs_modulus, expansion_linear	3003	database	https://www.accudynetest.com/polymer_surface_data/polydimethylsiloxane.pdf		Surface Energy Data for PDMS: Polydimethylsiloxane - AccuDyne Test polymer surface data compilation (Diversified Enterpr
414	Rebound 25 (Smooth-On silicone)	youngs_modulus, expansion_linear	2797	journal	https://res.mdpi.com/d_attachment/polymers/polymers-12-02327/article_deploy/polymers-12-02327.pdf	10.3390/polym12102327	Reliability-Based Evaluation of the Suitability of Polymers for Additive Manufacturing Intended to Injection Molding — T
415	Dragon Skin FX-Pro (Smooth-On silicone)	youngs_modulus, expansion_linear	2334	datasheet	https://www.smooth-on.com/products/dragon-skin-fx-pro/		Dragon Skin FX-Pro product page - Technical Data
415	Dragon Skin FX-Pro (Smooth-On silicone)	youngs_modulus, expansion_linear	2293	journal	https://discovery.ucl.ac.uk/id/eprint/10112846/	10.1089/soro.2019.0115	Toward a Common Framework and Database of Materials for Soft Robotics
415	Dragon Skin FX-Pro (Smooth-On silicone)	youngs_modulus, expansion_linear	971	book			Rubber Technology Handbook (Hofmann)
415	Dragon Skin FX-Pro (Smooth-On silicone)	youngs_modulus, expansion_linear	3003	database	https://www.accudynetest.com/polymer_surface_data/polydimethylsiloxane.pdf		Surface Energy Data for PDMS: Polydimethylsiloxane - AccuDyne Test polymer surface data compilation (Diversified Enterpr
415	Dragon Skin FX-Pro (Smooth-On silicone)	youngs_modulus, expansion_linear	2797	journal	https://res.mdpi.com/d_attachment/polymers/polymers-12-02327/article_deploy/polymers-12-02327.pdf	10.3390/polym12102327	Reliability-Based Evaluation of the Suitability of Polymers for Additive Manufacturing Intended to Injection Molding — T
416	Dragon Skin 10 MEDIUM (Smooth-On silicone)	youngs_modulus, expansion_linear	2332	datasheet	https://www.smooth-on.com/tb/files/DRAGON_SKIN_SERIES_TB.pdf		Dragon Skin Series - Addition Cure Silicone Rubber Compounds, Technical Bulletin
416	Dragon Skin 10 MEDIUM (Smooth-On silicone)	youngs_modulus, expansion_linear	2333	datasheet	https://www.smooth-on.com/products/dragon-skin-10-medium/		Dragon Skin 10 MEDIUM product page - Technical Data
416	Dragon Skin 10 MEDIUM (Smooth-On silicone)	youngs_modulus, expansion_linear	2293	journal	https://discovery.ucl.ac.uk/id/eprint/10112846/	10.1089/soro.2019.0115	Toward a Common Framework and Database of Materials for Soft Robotics
416	Dragon Skin 10 MEDIUM (Smooth-On silicone)	youngs_modulus, expansion_linear	2726	journal	https://www.ebi.ac.uk/europepmc/webservices/rest/PMC8795878/fullTextXML	10.3389/frobt.2021.790571	Evolutionary Inverse Material Identification: Bespoke Characterization of Soft Materials Using a Metaheuristic Algorithm
416	Dragon Skin 10 MEDIUM (Smooth-On silicone)	youngs_modulus, expansion_linear	971	book			Rubber Technology Handbook (Hofmann)
416	Dragon Skin 10 MEDIUM (Smooth-On silicone)	youngs_modulus, expansion_linear	3003	database	https://www.accudynetest.com/polymer_surface_data/polydimethylsiloxane.pdf		Surface Energy Data for PDMS: Polydimethylsiloxane - AccuDyne Test polymer surface data compilation (Diversified Enterpr
416	Dragon Skin 10 MEDIUM (Smooth-On silicone)	youngs_modulus, expansion_linear	2797	journal	https://res.mdpi.com/d_attachment/polymers/polymers-12-02327/article_deploy/polymers-12-02327.pdf	10.3390/polym12102327	Reliability-Based Evaluation of the Suitability of Polymers for Additive Manufacturing Intended to Injection Molding — T
417	Smooth-Sil 950 (Smooth-On silicone, 50 Shore A)	youngs_modulus, expansion_linear	2907	datasheet	https://www.smooth-on.com/tb/files/SMOOTH-SIL_SERIES_TB.pdf		Smooth-On Smooth-Sil Series Technical Bulletin
417	Smooth-Sil 950 (Smooth-On silicone, 50 Shore A)	youngs_modulus, expansion_linear	2294	journal	https://www.scielo.org.za/pdf/rd/v41/04.pdf	10.69694/2309-8988/2025/v41a4	Characterisation of a silicone rubber for finite element modelling using inverse methods
417	Smooth-Sil 950 (Smooth-On silicone, 50 Shore A)	youngs_modulus, expansion_linear	2344	datasheet	https://www.smooth-on.com/products/smooth-sil-950/		Smooth-Sil 950 product page - Technical Data
417	Smooth-Sil 950 (Smooth-On silicone, 50 Shore A)	youngs_modulus, expansion_linear	971	book			Rubber Technology Handbook (Hofmann)
417	Smooth-Sil 950 (Smooth-On silicone, 50 Shore A)	youngs_modulus, expansion_linear	3003	database	https://www.accudynetest.com/polymer_surface_data/polydimethylsiloxane.pdf		Surface Energy Data for PDMS: Polydimethylsiloxane - AccuDyne Test polymer surface data compilation (Diversified Enterpr
417	Smooth-Sil 950 (Smooth-On silicone, 50 Shore A)	youngs_modulus, expansion_linear	2797	journal	https://res.mdpi.com/d_attachment/polymers/polymers-12-02327/article_deploy/polymers-12-02327.pdf	10.3390/polym12102327	Reliability-Based Evaluation of the Suitability of Polymers for Additive Manufacturing Intended to Injection Molding — T
418	PDMS network (DMS-V31 / HMS-301, crosslinker density series)	youngs_modulus, expansion_linear	2295	journal	https://arxiv.org/abs/2506.08958	10.48550/arXiv.2506.08958	Elasticity of silicone networks as a function of crosslinker density
418	PDMS network (DMS-V31 / HMS-301, crosslinker density series)	youngs_modulus, expansion_linear	971	book			Rubber Technology Handbook (Hofmann)
418	PDMS network (DMS-V31 / HMS-301, crosslinker density series)	youngs_modulus, expansion_linear	2338	datasheet	https://www.gelest.com/product/DMS-V31/		Gelest DMS-V31 - Vinyl Terminated Polydimethylsiloxane, 1,000 cSt (product data)
418	PDMS network (DMS-V31 / HMS-301, crosslinker density series)	youngs_modulus, expansion_linear	2339	datasheet	https://www.gelest.com/product/HMS-301/		Gelest HMS-301 - Methylhydrosiloxane-Dimethylsiloxane Copolymer, Trimethylsiloxane Terminated (product data)
418	PDMS network (DMS-V31 / HMS-301, crosslinker density series)	youngs_modulus, expansion_linear	3081	journal	https://www.ebi.ac.uk/europepmc/webservices/rest/PMC10456246/fullTextXML	10.3390/membranes13080692	Simulation of the Membrane Process of CO2 Capture from Flue Gas via Commercial Membranes While Accounting for Water Vapo
418	PDMS network (DMS-V31 / HMS-301, crosslinker density series)	youngs_modulus, expansion_linear	3003	database	https://www.accudynetest.com/polymer_surface_data/polydimethylsiloxane.pdf		Surface Energy Data for PDMS: Polydimethylsiloxane - AccuDyne Test polymer surface data compilation (Diversified Enterpr
418	PDMS network (DMS-V31 / HMS-301, crosslinker density series)	youngs_modulus, expansion_linear	2797	journal	https://res.mdpi.com/d_attachment/polymers/polymers-12-02327/article_deploy/polymers-12-02327.pdf	10.3390/polym12102327	Reliability-Based Evaluation of the Suitability of Polymers for Additive Manufacturing Intended to Injection Molding — T
419	DOWSIL 993 structural silicone sealant	youngs_modulus, expansion_linear	2331	datasheet	https://www.esco.ae/assets/pdf/products/AGPD/DOWSIL/993/TDS.pdf		Technical Data Sheet DOWSIL 993 Structural Glazing Sealant (Form No. 62-817-01 A)
419	DOWSIL 993 structural silicone sealant	youngs_modulus, expansion_linear	971	book			Rubber Technology Handbook (Hofmann)
419	DOWSIL 993 structural silicone sealant	youngs_modulus, expansion_linear	2297	journal	https://proceedings.challengingglass.com/index.php/cgc/article/view/538	10.47982/cgc.9.538	Determination of viscoelastic material parameters of structural silicone DOWSIL 993
419	DOWSIL 993 structural silicone sealant	youngs_modulus, expansion_linear	3003	database	https://www.accudynetest.com/polymer_surface_data/polydimethylsiloxane.pdf		Surface Energy Data for PDMS: Polydimethylsiloxane - AccuDyne Test polymer surface data compilation (Diversified Enterpr
419	DOWSIL 993 structural silicone sealant	youngs_modulus, expansion_linear	2797	journal	https://res.mdpi.com/d_attachment/polymers/polymers-12-02327/article_deploy/polymers-12-02327.pdf	10.3390/polym12102327	Reliability-Based Evaluation of the Suitability of Polymers for Additive Manufacturing Intended to Injection Molding — T
420	PSA Rubber Hot-Melt (SIS/C5 tackifier, 20um on 50um PET)	youngs_modulus, expansion_linear	2299	datasheet	https://pstc.org/wp-content/uploads/2022/05/TsaurAllen.pdf		Peel Adhesion as a Function of Peel Angle, Peel Rate, and Peel Temperature (PSTC TECH 34)
420	PSA Rubber Hot-Melt (SIS/C5 tackifier, 20um on 50um PET)	youngs_modulus, expansion_linear	971	book			Rubber Technology Handbook (Hofmann)
420	PSA Rubber Hot-Melt (SIS/C5 tackifier, 20um on 50um PET)	youngs_modulus, expansion_linear	2352	datasheet	https://kraton.com/wp-content/uploads/2024/10/polymer-product-guide-kraton-24-09-al-web.pdf		Kraton Polymer Product Guide (2024) - Kraton D (SIS) grade tables, 'Specific Gravity' row
423	Alnico 5 Cast Magnet (LNG40)	youngs_modulus	2993	datasheet	https://www.arnoldmagnetics.com/wp-content/uploads/2017/10/Cast-Alnico-Permanent-Magnet-Brochure-101117.pdf		Cast Alnico Permanent Magnets — Arnold Magnetic Technologies, p.6.5 Alnico 5, 5cc, 6 & ArKomax 800
423	Alnico 5 Cast Magnet (LNG40)	youngs_modulus	2370	datasheet	https://www.alnicomagnets.de/CY-Mag-Alnico.pdf		ChenYang Alnico Magnets - Aluminium-Nickel-Cobalt Magnets (2021 catalogue)
423	Alnico 5 Cast Magnet (LNG40)	youngs_modulus	2543	datasheet	https://www.arnoldmagnetics.com/wp-content/uploads/2017/10/Cast-Alnico-Permanent-Magnet-Brochure-101117-1.pdf		Cast ALNICO Permanent Magnets — Alnico 5, 5cc, 6 & ArKomax 800: Magnetic and Physical Properties (Typical Values), p.6.5
423	Alnico 5 Cast Magnet (LNG40)	youngs_modulus	2576	computed	https://github.com/squall321/MaterialTwinWeb		MaterialTwinWeb 클래스 가정 — 카탈로그 내 동일 클래스 실측값의 중앙값
423	Alnico 5 Cast Magnet (LNG40)	youngs_modulus	2745	datasheet	https://www.eclipsemagnetics.com/site/assets/files/22210/eclipsemagnetics_alnico_data_sheet.pdf		Technical Data Sheet — Alnico Magnets (Anisotropic Cast Alnico, Physical Characteristics (Typical))
423	Alnico 5 Cast Magnet (LNG40)	youngs_modulus	2824	datasheet	https://ucpcdn.thyssenkrupp.com/_binary/UCPthyssenkruppBAMXSchulteMicrositeMagnettechnik/de/downloads/link-thyssenkruppMagnettechnik-Produktinfo-AINiCo-Magnete.pdf		thyssenkrupp Materials Services — AlNiCo-Magnete Produktinformation, p.4 'Physikalische Eigenschaften'
431	DynaVia 2000 (Shipley, photo-definable buildup dielectric dry film)	youngs_modulus, poisson_ratio, density	2794	other	http://hdl.handle.net/1853/5095		Physics Based Reliability Assessment of Embedded Passives
432	ViaLux 81 (DuPont, photodielectric dry film used as PCB soldermask)	youngs_modulus, poisson_ratio, expansion_linear	2794	other	http://hdl.handle.net/1853/5095		Physics Based Reliability Assessment of Embedded Passives
432	ViaLux 81 (DuPont, photodielectric dry film used as PCB soldermask)	youngs_modulus, poisson_ratio, expansion_linear	2840	journal	https://hdl.handle.net/1853/11659	10.1109/6144.946491	R. C. Dunne, S. K. Sitaraman, S. Luo, C. P. Wong, W. E. Estes, M. Periyasamy, J. Coburn, "Thermal and Mechanical Charact
433	Polyurea elastomer, solid (Versalink P-1000 : Isonate 143L = 4:1 by weight)	expansion_linear	2795	journal	https://www.mdpi.com/2073-4360/17/3/385	10.3390/polym17030385	Potential Impact Protection of Polymer Matrix Composite Panels Using Polyurea Coatings
434	Epoxy molding compound CEL-9240HF (Hitachi Chemical, 3D-stacked memory package encapsulant)	youngs_modulus	2796	journal	https://www.mdpi.com/2079-6412/12/12/1976	10.3390/coatings12121976	Viscoelastic Simulation of Stress and Warpage for Memory Chip 3D-Stacked Package
434	Epoxy molding compound CEL-9240HF (Hitachi Chemical, 3D-stacked memory package encapsulant)	youngs_modulus	2841	datasheet	https://www.renesas.com/en/document/msd/cel-9240hf10		Material Safety Data Sheet - Epoxy Molding Compound CEL-9240HF series, Hitachi Chemical Co., Ltd., Shimodate Works (Mina
435	Underfill epoxy EPON 828 / Jeffamine D230 + 30 vol% Almatis A20 SG alumina (Sandia National Laboratories formulation, PBGA underfill)	youngs_modulus, poisson_ratio, density, expansion_linear	2835	other	https://www.osti.gov/servlets/purl/1213488		Materials Analysis and Modeling of Underfill Materials — N. B. Wyatt and R. S. Chambers, SAND2015-7070, Sandia National 
436	Organic flip-chip package substrate laminate, core + build-up layers (Liu 2013 Georgia Tech TSV dissertation, DMA Prony characterization)	youngs_modulus, poisson_ratio, density, expansion_linear	2836	other	https://repository.gatech.edu/server/api/core/bitstreams/d378984a-1232-4800-9d74-95ce185f5200/content		Experimental and Theoretical Assessment of Through-Silicon Vias for 3D Integrated Microelectronic Packages — Xi Liu, PhD
437	Epoxy molding resin for power module encapsulation (Kawashita et al. 2018, J. Smart Processing test power module, DMA Prony characterization)	youngs_modulus, poisson_ratio, density, expansion_linear	2837	journal	https://www.jstage.jst.go.jp/article/jspmee/7/4/7_146/_pdf	10.7791/jspmee.7.146	Evaluation of the Delimitation of Molding Resin in a Power Module under Thermal Cycle Test — S. Kawashita, Y. Nanazoshi,
438	E-44 (WSR6101) bisphenol-A epoxy potting resin, Jeffamine D230/D400 cured (electronic potting and encapsulation compound)	youngs_modulus, poisson_ratio, density, expansion_linear	2839	journal	https://www.ncbi.nlm.nih.gov/pmc/articles/PMC11013115/	10.3390/polym16070930	Characterization of Potting Epoxy Resins Performance Parameters Based on a Viscoelastic Constitutive Model, Polymers 16(
438	E-44 (WSR6101) bisphenol-A epoxy potting resin, Jeffamine D230/D400 cured (electronic potting and encapsulation compound)	youngs_modulus, poisson_ratio, density, expansion_linear	2997	journal	https://www.ebi.ac.uk/europepmc/webservices/rest/PMC13211197/fullTextXML	10.3390/polym18101228	Static and Dynamic Compressive Properties of Nano-Al2O3-Reinforced Epoxy Matrix Composites
438	E-44 (WSR6101) bisphenol-A epoxy potting resin, Jeffamine D230/D400 cured (electronic potting and encapsulation compound)	youngs_modulus, poisson_ratio, density, expansion_linear	2155	database	https://www.azom.com/properties.aspx?ArticleID=630		Properties: Epoxy Resin - General Purpose — AZoM materials property table (data from Granta Design Limited)
439	Reflexolar OSBS PV backsheet film (white PP/polyamide/clear polyester, 320 um)	youngs_modulus, poisson_ratio, density, expansion_linear	2842	other	https://arxiv.org/abs/2305.17810	10.48550/arXiv.2305.17810	Computational modeling of viscoelastic backsheet materials for photovoltaics
440	Madico TPE-HD PV backsheet film (white PVF/clear polyester/EVA, 285 um)	youngs_modulus, poisson_ratio, density, expansion_linear	2842	other	https://arxiv.org/abs/2305.17810	10.48550/arXiv.2305.17810	Computational modeling of viscoelastic backsheet materials for photovoltaics
441	Medico Reflekt LEAN PV backsheet film (fluoropolymer/polyester/polyolefine, 269 um)	youngs_modulus, poisson_ratio, density, expansion_linear	2842	other	https://arxiv.org/abs/2305.17810	10.48550/arXiv.2305.17810	Computational modeling of viscoelastic backsheet materials for photovoltaics
442	Lexan FR25A polycarbonate film (297 um, SABIC, PV backsheet relaxation study)	youngs_modulus, poisson_ratio, density, expansion_linear	3016	datasheet	https://orionind.com/wp-content/uploads/2024/01/LEXAN-FR700-FILM-DATASHEET-2020.pdf		SABIC LEXAN™ FR700 FILM — Product Datasheet (2020), Electrical property block
442	Lexan FR25A polycarbonate film (297 um, SABIC, PV backsheet relaxation study)	youngs_modulus, poisson_ratio, density, expansion_linear	2842	other	https://arxiv.org/abs/2305.17810	10.48550/arXiv.2305.17810	Computational modeling of viscoelastic backsheet materials for photovoltaics
442	Lexan FR25A polycarbonate film (297 um, SABIC, PV backsheet relaxation study)	youngs_modulus, poisson_ratio, density, expansion_linear	3002	database	https://www.accudynetest.com/polymer_surface_data/polycarbonate.pdf		Surface Energy Data for Polycarbonate - AccuDyne Test polymer surface data compilation (Diversified Enterprises, 2009)
442	Lexan FR25A polycarbonate film (297 um, SABIC, PV backsheet relaxation study)	youngs_modulus, poisson_ratio, density, expansion_linear	2900	datasheet	https://static1.squarespace.com/static/61ef1f195f3d93384f20d7f3/t/621516b217df0c4e71222dc9/1645549239156/Lexan+Valox+Ultem+Films.pdf		Lexan*, Valox* and Ultem* Films — Technical Manual, Table 2: Typical Properties
442	Lexan FR25A polycarbonate film (297 um, SABIC, PV backsheet relaxation study)	youngs_modulus, poisson_ratio, density, expansion_linear	2893	database	https://www.azom.com/article.aspx?ArticleID=1934		Polycarbonate - Supplier Data by Goodfellow (AZoM) — Thermal Properties table
443	Epoxy molding compound EMC1 (Tg 115 C, Nitto Denko, BGA warpage study)	youngs_modulus, poisson_ratio, density, expansion_linear	2843	journal	https://www.jstage.jst.go.jp/article/jiep1998/7/1/7_1_54/_pdf	10.5104/jiep.7.54	Thermo-Viscoelastic Analysis for Warpage of Ball Grid Array Packages Taking into Consideration of Chemical Shrinkage of 
444	Epoxy molding compound EMC2 (Tg 135 C, Nitto Denko, BGA warpage study)	youngs_modulus, poisson_ratio, density, expansion_linear	2843	journal	https://www.jstage.jst.go.jp/article/jiep1998/7/1/7_1_54/_pdf	10.5104/jiep.7.54	Thermo-Viscoelastic Analysis for Warpage of Ball Grid Array Packages Taking into Consideration of Chemical Shrinkage of 
445	Epoxy molding compound EMC3 (Tg 170 C, Nitto Denko, BGA warpage study)	youngs_modulus, poisson_ratio, density, expansion_linear	2843	journal	https://www.jstage.jst.go.jp/article/jiep1998/7/1/7_1_54/_pdf	10.5104/jiep.7.54	Thermo-Viscoelastic Analysis for Warpage of Ball Grid Array Packages Taking into Consideration of Chemical Shrinkage of 
446	FR-4 PCB laminate, 1 mm thick (wafer level package board level test vehicle)	poisson_ratio, density, expansion_linear	1763	datasheet	https://www.isola-group.com/wp-content/uploads/data-sheets/370hr.pdf		370HR Industry Leading, Standard Loss, Thermally Robust Epoxy Laminate and Prepreg (Rev C, 2021-04-15)
446	FR-4 PCB laminate, 1 mm thick (wafer level package board level test vehicle)	poisson_ratio, density, expansion_linear	2844	journal	https://par.nsf.gov/servlets/purl/10332776	10.1115/1.4054784	Viscoelastic Influence on the Board Level Assessment of Wafer Level Packages Under Drop Impact and Under Thermal Cycling
446	FR-4 PCB laminate, 1 mm thick (wafer level package board level test vehicle)	poisson_ratio, density, expansion_linear	3103	other	https://mavmatrix.uta.edu/mechaerospace_dissertations/377		Investigation of the Impact of Material Models on Reliability Assessment of Electronic Packages (Ph.D. dissertation, Abe
446	FR-4 PCB laminate, 1 mm thick (wafer level package board level test vehicle)	poisson_ratio, density, expansion_linear	3009	database	https://www.accudynetest.com/polymer_surface_data/epoxy.pdf		Surface Energy Data for Epoxies and epoxy resins - AccuDyne Test polymer surface data compilation (Diversified Enterpris
447	PDMS dense membrane (polydimethylsiloxane, gas transport reference — Firpo et al. 2019)	youngs_modulus, poisson_ratio, density, expansion_linear	2845	journal	https://res.mdpi.com/polymers/polymers-11-00910/article_deploy/polymers-11-00910.pdf	10.3390/polym11050910	The Role of Surfaces in Gas Transport Through Polymer Membranes
447	PDMS dense membrane (polydimethylsiloxane, gas transport reference — Firpo et al. 2019)	youngs_modulus, poisson_ratio, density, expansion_linear	3003	database	https://www.accudynetest.com/polymer_surface_data/polydimethylsiloxane.pdf		Surface Energy Data for PDMS: Polydimethylsiloxane - AccuDyne Test polymer surface data compilation (Diversified Enterpr
447	PDMS dense membrane (polydimethylsiloxane, gas transport reference — Firpo et al. 2019)	youngs_modulus, poisson_ratio, density, expansion_linear	2894	database	https://www.azom.com/properties.aspx?ArticleID=920		Properties: Silicone Rubber — AZoM materials property table (data from Granta Design Limited)
448	PDMS crosslinked membrane (TEOS 가교제 0-30 wt% 시리즈, Rao et al. 2007)	youngs_modulus, poisson_ratio, density, expansion_linear	2846	journal	https://www.ebi.ac.uk/europepmc/webservices/rest/PMC10674475/fullTextXML	10.3390/polym15224436	Influence of Type of Cross-Linking Agent on Structure and Transport Properties of Polydecylmethylsiloxane (Rao et al. 20
448	PDMS crosslinked membrane (TEOS 가교제 0-30 wt% 시리즈, Rao et al. 2007)	youngs_modulus, poisson_ratio, density, expansion_linear	3003	database	https://www.accudynetest.com/polymer_surface_data/polydimethylsiloxane.pdf		Surface Energy Data for PDMS: Polydimethylsiloxane - AccuDyne Test polymer surface data compilation (Diversified Enterpr
448	PDMS crosslinked membrane (TEOS 가교제 0-30 wt% 시리즈, Rao et al. 2007)	youngs_modulus, poisson_ratio, density, expansion_linear	2894	database	https://www.azom.com/properties.aspx?ArticleID=920		Properties: Silicone Rubber — AZoM materials property table (data from Granta Design Limited)
449	Polyimide gas separation membrane (UBE UMS-A2 module, modified polyimide hollow fiber)	youngs_modulus, poisson_ratio, density, expansion_linear	2847	journal	https://www.ebi.ac.uk/europepmc/webservices/rest/PMC12693044/fullTextXML	10.3390/molecules30234524	Transport of Carbon Dioxide, Methane, Oxygen and Nitrogen in a Glassy Polyimide Membrane
449	Polyimide gas separation membrane (UBE UMS-A2 module, modified polyimide hollow fiber)	youngs_modulus, poisson_ratio, density, expansion_linear	2158	database	https://www.azom.com/properties.aspx?ArticleID=674		Properties: Polyimide - PI — AZoM materials property table (data from Granta Design Limited)
450	PtOEP red phosphorescent dopant (platinum(II) octaethylporphyrin)	youngs_modulus, poisson_ratio, density, expansion_linear	2848	journal	https://www.ebi.ac.uk/europepmc/webservices/rest/PMC11907296/fullTextXML	10.1021/acsmaterialsau.4c00137	Ludacka et al., Luminescent Oxygen Sensor with Self-Sterilization Properties Based on Platinum(II)octaethylporphyrin in 
451	FIrpic blue phosphorescent dopant (bis[2-(4,6-difluorophenyl)pyridinato-C2,N](picolinato)iridium(III))	youngs_modulus, poisson_ratio, density, expansion_linear	2849	journal	https://www.ebi.ac.uk/europepmc/webservices/rest/PMC8336439/fullTextXML	10.1039/d1sc01426a	Wu et al., Phosphorescent [3+2+1] coordinated Ir(iii) cyano complexes for achieving efficient phosphors and their applic
452	Ir(ppy)2(acac) green phosphorescent dopant (bis(2-phenylpyridine)(acetylacetonate)iridium(III))	youngs_modulus, poisson_ratio, density, expansion_linear	2849	journal	https://www.ebi.ac.uk/europepmc/webservices/rest/PMC8336439/fullTextXML	10.1039/d1sc01426a	Wu et al., Phosphorescent [3+2+1] coordinated Ir(iii) cyano complexes for achieving efficient phosphors and their applic
453	Ir [3+2+1] piq-CN red phosphor (bis-NHC pincer / 1-phenylisoquinoline / cyanide, 568 nm)	youngs_modulus, poisson_ratio, density, expansion_linear	2849	journal	https://www.ebi.ac.uk/europepmc/webservices/rest/PMC8336439/fullTextXML	10.1039/d1sc01426a	Wu et al., Phosphorescent [3+2+1] coordinated Ir(iii) cyano complexes for achieving efficient phosphors and their applic
454	Ir [3+2+1] piq-Br red phosphor (bis-NHC pincer / 1-phenylisoquinoline / bromide, 581 nm)	youngs_modulus, poisson_ratio, density, expansion_linear	2849	journal	https://www.ebi.ac.uk/europepmc/webservices/rest/PMC8336439/fullTextXML	10.1039/d1sc01426a	Wu et al., Phosphorescent [3+2+1] coordinated Ir(iii) cyano complexes for achieving efficient phosphors and their applic
455	Ir [3+2+1] piq-OCN red phosphor (bis-NHC pincer / 1-phenylisoquinoline / cyanate, 580 nm)	youngs_modulus, poisson_ratio, density, expansion_linear	2849	journal	https://www.ebi.ac.uk/europepmc/webservices/rest/PMC8336439/fullTextXML	10.1039/d1sc01426a	Wu et al., Phosphorescent [3+2+1] coordinated Ir(iii) cyano complexes for achieving efficient phosphors and their applic
456	Ir-containing polynorbornene P1 red phosphor (water-soluble, 618 nm emission)	youngs_modulus, poisson_ratio, density, expansion_linear	2850	journal	https://www.ebi.ac.uk/europepmc/webservices/rest/PMC8587708/fullTextXML	10.3390/molecules26216349	Bochkarev et al., Red Light-Emitting Water-Soluble Luminescent Iridium-Containing Polynorbornenes, Molecules 26 (2021) 6
457	Ir-containing polynorbornene P3 red phosphor (water-soluble, 618 nm emission)	youngs_modulus, poisson_ratio, density, expansion_linear	2850	journal	https://www.ebi.ac.uk/europepmc/webservices/rest/PMC8587708/fullTextXML	10.3390/molecules26216349	Bochkarev et al., Red Light-Emitting Water-Soluble Luminescent Iridium-Containing Polynorbornenes, Molecules 26 (2021) 6
458	Ir(pphen)2-coumarin dyad 3c deep-red phosphor (cyclometalated Ir(III) 3MLCT O2 sensor, 650 nm)	youngs_modulus, poisson_ratio, density, expansion_linear	2851	journal	https://www.ebi.ac.uk/europepmc/webservices/rest/PMC9350586/fullTextXML	10.1039/d2sc02909j	Wu, Sutton, Halamicek, Xing, Bao, Teets, Cyclometalated iridium-coumarin ratiometric oxygen sensors: improved signal res
459	Ir(F2ppy)2-coumarin dyad 3a phosphor (coumarin-centred 3IL emission, hypoxic O2 sensor)	youngs_modulus, poisson_ratio, density, expansion_linear	2851	journal	https://www.ebi.ac.uk/europepmc/webservices/rest/PMC9350586/fullTextXML	10.1039/d2sc02909j	Wu, Sutton, Halamicek, Xing, Bao, Teets, Cyclometalated iridium-coumarin ratiometric oxygen sensors: improved signal res
460	Ir(F2ppy)2-bis(coumarin) dyad 5a phosphor (coumarin-centred 3IL emission)	youngs_modulus, poisson_ratio, density, expansion_linear	2851	journal	https://www.ebi.ac.uk/europepmc/webservices/rest/PMC9350586/fullTextXML	10.1039/d2sc02909j	Wu, Sutton, Halamicek, Xing, Bao, Teets, Cyclometalated iridium-coumarin ratiometric oxygen sensors: improved signal res
461	Lexan 8010MC polycarbonate film (100 um, ALD barrier substrate)	youngs_modulus, poisson_ratio, density, expansion_linear	2899	datasheet	https://www.kapoorplastics.com/download/lexan%E2%84%A2-8010-uncoated-polished-film-datasheet.pdf		LEXAN™ 8010 FILM — Product Datasheet (uncoated polished film)
461	Lexan 8010MC polycarbonate film (100 um, ALD barrier substrate)	youngs_modulus, poisson_ratio, density, expansion_linear	3002	database	https://www.accudynetest.com/polymer_surface_data/polycarbonate.pdf		Surface Energy Data for Polycarbonate - AccuDyne Test polymer surface data compilation (Diversified Enterprises, 2009)
461	Lexan 8010MC polycarbonate film (100 um, ALD barrier substrate)	youngs_modulus, poisson_ratio, density, expansion_linear	2852	journal	https://pmc.ncbi.nlm.nih.gov/articles/PMC9890669/	10.1039/d3ra00121k	Influence of deposition temperature on microstructure and gas-barrier properties of Al2O3 prepared by plasma-enhanced at
461	Lexan 8010MC polycarbonate film (100 um, ALD barrier substrate)	youngs_modulus, poisson_ratio, density, expansion_linear	2893	database	https://www.azom.com/article.aspx?ArticleID=1934		Polycarbonate - Supplier Data by Goodfellow (AZoM) — Thermal Properties table
462	Toppan GX-P-F transparent barrier film (AlOx-coated PET, 12 um)	youngs_modulus, poisson_ratio, density, expansion_linear	2853	datasheet	https://www.toppan-usa.com/products/gx-p-f/		GX-P-F — GL FILM (Transparent Barrier Film) standard specifications
462	Toppan GX-P-F transparent barrier film (AlOx-coated PET, 12 um)	youngs_modulus, poisson_ratio, density, expansion_linear	2890	database	https://www.azom.com/properties.aspx?ArticleID=795		Properties: Polyethylene Terephthalate - PET Crystalline — AZoM materials property table (data from Granta Design Limite
463	Toppan GL-RD transparent barrier film (SiOx-coated PET, 12 um)	youngs_modulus, poisson_ratio, density, expansion_linear	2854	datasheet	https://www.toppan-usa.com/products/gl-rd/		GL-RD — GL FILM (Transparent Barrier Film) standard specifications
463	Toppan GL-RD transparent barrier film (SiOx-coated PET, 12 um)	youngs_modulus, poisson_ratio, density, expansion_linear	2890	database	https://www.azom.com/properties.aspx?ArticleID=795		Properties: Polyethylene Terephthalate - PET Crystalline — AZoM materials property table (data from Granta Design Limite
464	Toppan GL-AEC-F transparent barrier film (AlOx-coated PET, 12 um)	youngs_modulus, poisson_ratio, density, expansion_linear	2855	datasheet	https://www.toppan-usa.com/products/gl-aec-f/		GL-AEC-F — GL FILM (Transparent Barrier Film) standard specifications
464	Toppan GL-AEC-F transparent barrier film (AlOx-coated PET, 12 um)	youngs_modulus, poisson_ratio, density, expansion_linear	2890	database	https://www.azom.com/properties.aspx?ArticleID=795		Properties: Polyethylene Terephthalate - PET Crystalline — AZoM materials property table (data from Granta Design Limite
465	Toppan GL-ARH transparent barrier film (AlOx-coated PET, 12 um)	youngs_modulus, poisson_ratio, density, expansion_linear	2856	datasheet	https://www.toppan-usa.com/products/gl-arh/		GL-ARH — GL FILM (Transparent Barrier Film) standard specifications
465	Toppan GL-ARH transparent barrier film (AlOx-coated PET, 12 um)	youngs_modulus, poisson_ratio, density, expansion_linear	2890	database	https://www.azom.com/properties.aspx?ArticleID=795		Properties: Polyethylene Terephthalate - PET Crystalline — AZoM materials property table (data from Granta Design Limite
466	Toppan GL-AE transparent barrier film (AlOx-coated PET, 12 um)	youngs_modulus, poisson_ratio, density, expansion_linear	2857	datasheet	https://www.toppan-usa.com/products/gl-ae/		GL-AE — GL FILM (Transparent Barrier Film) standard specifications
466	Toppan GL-AE transparent barrier film (AlOx-coated PET, 12 um)	youngs_modulus, poisson_ratio, density, expansion_linear	2890	database	https://www.azom.com/properties.aspx?ArticleID=795		Properties: Polyethylene Terephthalate - PET Crystalline — AZoM materials property table (data from Granta Design Limite
467	Toppan GL-BP-F transparent barrier film (SiOx-coated PP, 18 um)	youngs_modulus, poisson_ratio, density, expansion_linear	2858	datasheet	https://www.toppan-usa.com/products/gl-bp-f/		GL-BP-F — GL FILM (Transparent Barrier Film) standard specifications
467	Toppan GL-BP-F transparent barrier film (SiOx-coated PP, 18 um)	youngs_modulus, poisson_ratio, density, expansion_linear	2896	database	https://www.azom.com/properties.aspx?ArticleID=820		Properties: Polypropylene - PP — AZoM materials property table (data from Granta Design Limited)
468	PECVD SiOx barrier film, 150 nm SiOx on 45 um PE (HMDSO/O2 capacitively coupled plasma)	youngs_modulus, poisson_ratio, density, expansion_linear	2859	journal	https://pmc.ncbi.nlm.nih.gov/articles/PMC6412199/	10.3390/molecules24040780	Pre-grafted Group on PE Surface by DBD Plasma and Its Influence on the Oxygen Permeation with Coated SiOx (Li H, Yang L,
468	PECVD SiOx barrier film, 150 nm SiOx on 45 um PE (HMDSO/O2 capacitively coupled plasma)	youngs_modulus, poisson_ratio, density, expansion_linear	2892	database	https://www.azom.com/properties.aspx?ArticleID=428		Properties: Low Density Polyethylene - LDPE — AZoM materials property table (data from Granta Design Limited)
469	PE packaging film (45 um, uncoated barrier reference)	youngs_modulus, poisson_ratio, density, expansion_linear	2998	journal	https://www.ebi.ac.uk/europepmc/webservices/rest/PMC6432432/fullTextXML	10.3390/polym8040077	Static and Dynamic Properties of Semi-Crystalline Polyethylene
469	PE packaging film (45 um, uncoated barrier reference)	youngs_modulus, poisson_ratio, density, expansion_linear	2859	journal	https://pmc.ncbi.nlm.nih.gov/articles/PMC6412199/	10.3390/molecules24040780	Pre-grafted Group on PE Surface by DBD Plasma and Its Influence on the Oxygen Permeation with Coated SiOx (Li H, Yang L,
469	PE packaging film (45 um, uncoated barrier reference)	youngs_modulus, poisson_ratio, density, expansion_linear	2892	database	https://www.azom.com/properties.aspx?ArticleID=428		Properties: Low Density Polyethylene - LDPE — AZoM materials property table (data from Granta Design Limited)
470	Irgacure TPO photoinitiator (diphenyl(2,4,6-trimethylbenzoyl)phosphine oxide)	youngs_modulus, poisson_ratio, density, expansion_linear	2860	journal	https://europepmc.org/article/PMC/PMC12257168	10.1039/d5sc03654b	Beyond absorption: online photoreactor mass spectrometry assessment of new acylphosphine oxide photoinitiators
470	Irgacure TPO photoinitiator (diphenyl(2,4,6-trimethylbenzoyl)phosphine oxide)	youngs_modulus, poisson_ratio, density, expansion_linear	2861	journal	https://www.mdpi.com/2073-4360/15/2/342	10.3390/polym15020342	High-Performance Photoinitiating Systems for LED-Induced Photopolymerization
470	Irgacure TPO photoinitiator (diphenyl(2,4,6-trimethylbenzoyl)phosphine oxide)	youngs_modulus, poisson_ratio, density, expansion_linear	2862	journal	https://www.mdpi.com/1420-3049/29/16/3898	10.3390/molecules29163898	Photoinitiators for Medical Applications - The Latest Advances
470	Irgacure TPO photoinitiator (diphenyl(2,4,6-trimethylbenzoyl)phosphine oxide)	youngs_modulus, poisson_ratio, density, expansion_linear	2863	journal	https://www.mdpi.com/1422-0067/25/23/12567	10.3390/ijms252312567	Photocrosslinkable Biomaterials for 3D Bioprinting: Mechanisms, Recent Advances, and Future Prospects
471	Irgacure 819 photoinitiator (BAPO, bis-acylphosphine oxide)	youngs_modulus, poisson_ratio, density, expansion_linear	2861	journal	https://www.mdpi.com/2073-4360/15/2/342	10.3390/polym15020342	High-Performance Photoinitiating Systems for LED-Induced Photopolymerization
471	Irgacure 819 photoinitiator (BAPO, bis-acylphosphine oxide)	youngs_modulus, poisson_ratio, density, expansion_linear	2862	journal	https://www.mdpi.com/1420-3049/29/16/3898	10.3390/molecules29163898	Photoinitiators for Medical Applications - The Latest Advances
472	Benzophenone photoinitiator (Type II)	youngs_modulus, poisson_ratio, density, expansion_linear	2861	journal	https://www.mdpi.com/2073-4360/15/2/342	10.3390/polym15020342	High-Performance Photoinitiating Systems for LED-Induced Photopolymerization
473	Thioxanthone photoinitiator (TX)	youngs_modulus, poisson_ratio, density, expansion_linear	2991	journal	https://www.ebi.ac.uk/europepmc/webservices/rest/PMC10780806/fullTextXML	10.3390/molecules29010255	Rodrigues et al., Thioxanthone-Based Siloxane Photosensitizer for Cationic/Radical Photopolymerization and Photoinduced 
473	Thioxanthone photoinitiator (TX)	youngs_modulus, poisson_ratio, density, expansion_linear	2861	journal	https://www.mdpi.com/2073-4360/15/2/342	10.3390/polym15020342	High-Performance Photoinitiating Systems for LED-Induced Photopolymerization
474	ITX photoinitiator (2-isopropylthioxanthone)	youngs_modulus, poisson_ratio, density, expansion_linear	2861	journal	https://www.mdpi.com/2073-4360/15/2/342	10.3390/polym15020342	High-Performance Photoinitiating Systems for LED-Induced Photopolymerization
475	Irgacure 2959 photoinitiator (2-hydroxy-4'-(2-hydroxyethoxy)-2-methylpropiophenone)	youngs_modulus, poisson_ratio, density, expansion_linear	2863	journal	https://www.mdpi.com/1422-0067/25/23/12567	10.3390/ijms252312567	Photocrosslinkable Biomaterials for 3D Bioprinting: Mechanisms, Recent Advances, and Future Prospects
475	Irgacure 2959 photoinitiator (2-hydroxy-4'-(2-hydroxyethoxy)-2-methylpropiophenone)	youngs_modulus, poisson_ratio, density, expansion_linear	2864	journal	https://www.science.org/doi/10.1126/sciadv.aba4261	10.1126/sciadv.aba4261	3D printing of highly stretchable hydrogel with diverse UV curable polymers
476	Color filter red pigment layer (LCD, DPP + anthraquinone + yellow pigment)	youngs_modulus, poisson_ratio, density, expansion_linear	2865	other	https://patents.google.com/patent/JP2006307149A/en		RED COLORING MATTER COMPOSITION AND COLOR FILTER (Toray Industries) JP2006307149A / JP4821316B2, Table 2
477	Color filter red pigment layer with IR-cut dye (CMOS image sensor, single-layer optical filter)	youngs_modulus, poisson_ratio, density, expansion_linear	2866	other	https://www.freepatentsonline.com/10370464.html		Pigment dispersion liquid containing organic color pigment and infrared absorbing dye, colored resin composition, and op
478	Color filter blue pigment layer with IR-cut dye (CMOS image sensor, single-layer optical filter)	youngs_modulus, poisson_ratio, density, expansion_linear	2866	other	https://www.freepatentsonline.com/10370464.html		Pigment dispersion liquid containing organic color pigment and infrared absorbing dye, colored resin composition, and op
479	Color filter green pigment PG58 (halogenated zinc phthalocyanine, aqueous dispersion)	youngs_modulus, poisson_ratio, density, expansion_linear	2867	other	https://www.freepatentsonline.com/11180658.html		Pigment composition for green filter and production method thereof (M. Technique) US11180658B2, Table 3
480	Poly(hexyl acrylate) (PA 6, n-alkyl acrylate homopolymer, amorphous)	youngs_modulus, poisson_ratio, density, expansion_linear	2869	other	https://repositories.lib.utexas.edu/server/api/core/bitstreams/b50f3cf2-2ce3-4e44-aba8-a120bd4e0003/content		Physical Properties of Poly (n-alkyl acrylate) Copolymers (K. A. O'Leary, PhD dissertation, The University of Texas at A
481	Poly(decyl acrylate) (PA 10, n-alkyl acrylate homopolymer, amorphous)	youngs_modulus, poisson_ratio, density, expansion_linear	2869	other	https://repositories.lib.utexas.edu/server/api/core/bitstreams/b50f3cf2-2ce3-4e44-aba8-a120bd4e0003/content		Physical Properties of Poly (n-alkyl acrylate) Copolymers (K. A. O'Leary, PhD dissertation, The University of Texas at A
482	UV-cured PEGDA/TRIS-A acrylate network (PEGDA 가교제 20-100 wt% 시리즈, 312 nm 광경화)	youngs_modulus, poisson_ratio, density, expansion_linear	2870	other	https://repositories.lib.utexas.edu/server/api/core/bitstreams/49adec55-6fe8-44ad-b33c-13004449f4bd/content		Effect of Network Structure Modifications on the Light Gas Transport Properties of Cross-linked Poly(ethylene oxide) Mem
483	XLPEGDA-80 (UV-cured PEGDA network, prepolymer 80 wt% PEGDA / 20 wt% water)	youngs_modulus, poisson_ratio, expansion_linear	2871	other	https://repositories.lib.utexas.edu/server/api/core/bitstreams/3fda6a29-fd3c-445b-b9dc-187caa9cb46a/content		Solubility selective membrane materials for carbon dioxide removal from mixtures with light gases (H. Lin, PhD dissertat
484	3Ph2CzCzBN blue TADF emitter (3,6-diphenylcarbazole/carbazole benzonitrile)	youngs_modulus, poisson_ratio, density, expansion_linear	2872	journal	https://www.ebi.ac.uk/europepmc/webservices/rest/PMC6261989/fullTextXML	10.1038/s41467-018-07482-6	Chan et al., Efficient and stable sky-blue delayed fluorescence organic light-emitting diodes with CIEy below 0.4, Natur
485	4CzBN blue TADF emitter (4-carbazolyl benzonitrile)	youngs_modulus, poisson_ratio, density, expansion_linear	2872	journal	https://www.ebi.ac.uk/europepmc/webservices/rest/PMC6261989/fullTextXML	10.1038/s41467-018-07482-6	Chan et al., Efficient and stable sky-blue delayed fluorescence organic light-emitting diodes with CIEy below 0.4, Natur
486	TXADO-spiro-DMACF deep-blue TADF emitter (thioxanthene-dioxide spiro-acridine fluorene)	youngs_modulus, poisson_ratio, density, expansion_linear	2873	journal	https://www.ebi.ac.uk/europepmc/webservices/rest/PMC6648766/fullTextXML	10.1021/acsomega.8b03296	Rao et al., Achieving Deep-Blue Thermally Activated Delayed Fluorescence in Nondoped Organic Light-Emitting Diodes throu
487	MFAc-PPM deep-blue TADF emitter (spiroacridine-diphenylpyrimidine)	youngs_modulus, poisson_ratio, density, expansion_linear	2874	journal	https://www.ebi.ac.uk/europepmc/webservices/rest/PMC5354065/fullTextXML	10.1039/c6sc03793c	Park et al., Pyrimidine-based twisted donor-acceptor delayed fluorescence molecules: a new universal platform for highly
488	MXAc-PPM deep-blue TADF emitter (spiroxanthene-acridine diphenylpyrimidine)	youngs_modulus, poisson_ratio, density, expansion_linear	2874	journal	https://www.ebi.ac.uk/europepmc/webservices/rest/PMC5354065/fullTextXML	10.1039/c6sc03793c	Park et al., Pyrimidine-based twisted donor-acceptor delayed fluorescence molecules: a new universal platform for highly
489	MFAc-PM deep-blue TADF emitter (spiroacridine-phenylpyrimidine)	youngs_modulus, poisson_ratio, density, expansion_linear	2874	journal	https://www.ebi.ac.uk/europepmc/webservices/rest/PMC5354065/fullTextXML	10.1039/c6sc03793c	Park et al., Pyrimidine-based twisted donor-acceptor delayed fluorescence molecules: a new universal platform for highly
490	MXAc-PM deep-blue TADF emitter (spiroxanthene-acridine phenylpyrimidine)	youngs_modulus, poisson_ratio, density, expansion_linear	2874	journal	https://www.ebi.ac.uk/europepmc/webservices/rest/PMC5354065/fullTextXML	10.1039/c6sc03793c	Park et al., Pyrimidine-based twisted donor-acceptor delayed fluorescence molecules: a new universal platform for highly
491	Ac-PM deep-blue TADF emitter (9,9-dimethylacridan-phenylpyrimidine)	youngs_modulus, poisson_ratio, density, expansion_linear	2874	journal	https://www.ebi.ac.uk/europepmc/webservices/rest/PMC5354065/fullTextXML	10.1039/c6sc03793c	Park et al., Pyrimidine-based twisted donor-acceptor delayed fluorescence molecules: a new universal platform for highly
492	DMAC-F2DPO sky-blue TADF emitter (dimethylacridan difluorophenyl-diphenyloxadiazole)	youngs_modulus, poisson_ratio, density, expansion_linear	2875	journal	https://www.ebi.ac.uk/europepmc/webservices/rest/PMC6644085/fullTextXML	10.1021/acsomega.8b01979	Cooper et al., Control of Singlet Emission Energy in a Diphenyloxadiazole Containing Fluorophore Leading To Thermally Ac
493	DMAC-DPO blue emitter (dimethylacridan phenyl-diphenyloxadiazole)	youngs_modulus, poisson_ratio, density, expansion_linear	2875	journal	https://www.ebi.ac.uk/europepmc/webservices/rest/PMC6644085/fullTextXML	10.1021/acsomega.8b01979	Cooper et al., Control of Singlet Emission Energy in a Diphenyloxadiazole Containing Fluorophore Leading To Thermally Ac
494	BOCzSi blue emitter/host (boron-oxygen fused carbazole silane)	youngs_modulus, poisson_ratio, density, expansion_linear	2876	journal	https://www.ebi.ac.uk/europepmc/webservices/rest/PMC12647608/fullTextXML	10.1038/s41467-025-65446-z	Yuan et al., Complementarity fusion of boron-oxygen and carbazole blocks enables narrowband blue OLEDs with high perform
495	2BOCzSi blue emitter/host (bis boron-oxygen fused carbazole silane)	youngs_modulus, poisson_ratio, density, expansion_linear	2876	journal	https://www.ebi.ac.uk/europepmc/webservices/rest/PMC12647608/fullTextXML	10.1038/s41467-025-65446-z	Yuan et al., Complementarity fusion of boron-oxygen and carbazole blocks enables narrowband blue OLEDs with high perform
496	Ir(F2ppy)2(CNAr-dmp)(pyridyl-coumarin C-1) ratiometric O2 sensor complex 3a	youngs_modulus, poisson_ratio, density, expansion_linear	2851	journal	https://www.ebi.ac.uk/europepmc/webservices/rest/PMC9350586/fullTextXML	10.1039/d2sc02909j	Wu, Sutton, Halamicek, Xing, Bao, Teets, Cyclometalated iridium-coumarin ratiometric oxygen sensors: improved signal res
497	Ir(F2ppy)2(pyridyl-coumarin C-1)2 ratiometric O2 sensor complex 5a	youngs_modulus, poisson_ratio, density, expansion_linear	2851	journal	https://www.ebi.ac.uk/europepmc/webservices/rest/PMC9350586/fullTextXML	10.1039/d2sc02909j	Wu, Sutton, Halamicek, Xing, Bao, Teets, Cyclometalated iridium-coumarin ratiometric oxygen sensors: improved signal res
498	Ir(pphen)2(CNAr-dmp)(pyridyl-coumarin C-1) ratiometric O2 sensor complex 3c	youngs_modulus, poisson_ratio, density, expansion_linear	2851	journal	https://www.ebi.ac.uk/europepmc/webservices/rest/PMC9350586/fullTextXML	10.1039/d2sc02909j	Wu, Sutton, Halamicek, Xing, Bao, Teets, Cyclometalated iridium-coumarin ratiometric oxygen sensors: improved signal res
499	pSFIAc1 narrowband deep-blue fluorescent emitter (spiro-configured indolo[3,2,1-de]acridine)	youngs_modulus, poisson_ratio, density, expansion_linear	2877	journal	https://www.ebi.ac.uk/europepmc/webservices/rest/PMC9116299/fullTextXML	10.1039/d2sc01543a	Meng et al., Highly efficient and stable deep-blue OLEDs based on narrowband emitters featuring an orthogonal spiro-conf
500	pSFIAc2 narrowband deep-blue fluorescent emitter (spiro-configured indolo[3,2,1-de]acridine)	youngs_modulus, poisson_ratio, density, expansion_linear	2877	journal	https://www.ebi.ac.uk/europepmc/webservices/rest/PMC9116299/fullTextXML	10.1039/d2sc01543a	Meng et al., Highly efficient and stable deep-blue OLEDs based on narrowband emitters featuring an orthogonal spiro-conf
501	DBCz-Mes BT.2020 blue multi-resonance emitter (mesityl-substituted dual boron-carbazole)	youngs_modulus, poisson_ratio, density, expansion_linear	2878	journal	https://www.ebi.ac.uk/europepmc/webservices/rest/PMC10181185/fullTextXML	10.1126/sciadv.adh1434	Wang et al., Improving the stability and color purity of a BT.2020 blue multiresonance emitter by alleviating hydrogen r
502	3CzCCN deep-blue TADF emitter (tri-carbazolyl carbazole-2-carbonitrile)	youngs_modulus, poisson_ratio, density, expansion_linear	2879	journal	https://www.ebi.ac.uk/europepmc/webservices/rest/PMC9258325/fullTextXML	10.1039/d2sc02478k	Chan et al., Carbazole-2-carbonitrile as an acceptor in deep-blue thermally activated delayed fluorescence emitters for 
503	3MeCzCCN deep-blue TADF emitter (tri-methylcarbazolyl carbazole-2-carbonitrile)	youngs_modulus, poisson_ratio, density, expansion_linear	2879	journal	https://www.ebi.ac.uk/europepmc/webservices/rest/PMC9258325/fullTextXML	10.1039/d2sc02478k	Chan et al., Carbazole-2-carbonitrile as an acceptor in deep-blue thermally activated delayed fluorescence emitters for 
504	3PhCzCCN deep-blue TADF emitter (tri-phenylcarbazolyl carbazole-2-carbonitrile)	youngs_modulus, poisson_ratio, density, expansion_linear	2879	journal	https://www.ebi.ac.uk/europepmc/webservices/rest/PMC9258325/fullTextXML	10.1039/d2sc02478k	Chan et al., Carbazole-2-carbonitrile as an acceptor in deep-blue thermally activated delayed fluorescence emitters for 
505	PdOEP red phosphorescent dopant (palladium(II) octaethylporphyrin)	youngs_modulus, poisson_ratio, density, expansion_linear	2880	journal	https://www.ebi.ac.uk/europepmc/webservices/rest/PMC12147201/fullTextXML	10.1021/acs.jpcb.5c02423	Banaszek et al., Enhancing Photostability by Thermodynamic and Kinetic Factors: Free-Base and Palladium meso-Aryl-octaet
506	PdTPP red phosphorescent dopant (palladium(II) meso-tetraphenylporphyrin)	youngs_modulus, poisson_ratio, density, expansion_linear	2880	journal	https://www.ebi.ac.uk/europepmc/webservices/rest/PMC12147201/fullTextXML	10.1021/acs.jpcb.5c02423	Banaszek et al., Enhancing Photostability by Thermodynamic and Kinetic Factors: Free-Base and Palladium meso-Aryl-octaet
507	H2TPP free-base porphyrin dye (5,10,15,20-tetraphenylporphyrin)	youngs_modulus, poisson_ratio, density, expansion_linear	2880	journal	https://www.ebi.ac.uk/europepmc/webservices/rest/PMC12147201/fullTextXML	10.1021/acs.jpcb.5c02423	Banaszek et al., Enhancing Photostability by Thermodynamic and Kinetic Factors: Free-Base and Palladium meso-Aryl-octaet
508	Pt(BPI-Et)(phenylacetylide) red Pt(II) phosphor / TTA-UC sensitizer	youngs_modulus, poisson_ratio, density, expansion_linear	2881	journal	https://www.ebi.ac.uk/europepmc/webservices/rest/PMC12728933/fullTextXML	10.1021/acs.inorgchem.5c04677	Payce et al., Energy Upconversion Using Platinum(II)-BPI Photosensitizers, Inorg. Chem. 64 (2025) 24851-24864, Table 8 (
509	Pt(BPI-Et)(4-methoxyphenylacetylide) red Pt(II) phosphor / TTA-UC sensitizer	youngs_modulus, poisson_ratio, density, expansion_linear	2881	journal	https://www.ebi.ac.uk/europepmc/webservices/rest/PMC12728933/fullTextXML	10.1021/acs.inorgchem.5c04677	Payce et al., Energy Upconversion Using Platinum(II)-BPI Photosensitizers, Inorg. Chem. 64 (2025) 24851-24864, Table 8 (
510	Pt(BPI-Et)(3-thienylacetylide) red Pt(II) phosphor / TTA-UC sensitizer	youngs_modulus, poisson_ratio, density, expansion_linear	2881	journal	https://www.ebi.ac.uk/europepmc/webservices/rest/PMC12728933/fullTextXML	10.1021/acs.inorgchem.5c04677	Payce et al., Energy Upconversion Using Platinum(II)-BPI Photosensitizers, Inorg. Chem. 64 (2025) 24851-24864, Table 8 (
511	Pt(BPI-Et)(4-fluorophenylacetylide) red Pt(II) phosphor / TTA-UC sensitizer	youngs_modulus, poisson_ratio, density, expansion_linear	2881	journal	https://www.ebi.ac.uk/europepmc/webservices/rest/PMC12728933/fullTextXML	10.1021/acs.inorgchem.5c04677	Payce et al., Energy Upconversion Using Platinum(II)-BPI Photosensitizers, Inorg. Chem. 64 (2025) 24851-24864, Table 8 (
512	Pt(BPI-Et)(4-dimethylaminophenylacetylide) red Pt(II) phosphor / TTA-UC sensitizer	youngs_modulus, poisson_ratio, density, expansion_linear	2881	journal	https://www.ebi.ac.uk/europepmc/webservices/rest/PMC12728933/fullTextXML	10.1021/acs.inorgchem.5c04677	Payce et al., Energy Upconversion Using Platinum(II)-BPI Photosensitizers, Inorg. Chem. 64 (2025) 24851-24864, Table 8 (
513	[Pt(L1)(acac)] cyclometalated Pt(II) orange-red phosphor (2-(2-(trifluoromethoxy)phenyl)quinoxaline / acetylacetonate)	youngs_modulus, poisson_ratio, density, expansion_linear	2882	journal	https://www.ebi.ac.uk/europepmc/webservices/rest/PMC10107691/fullTextXML	10.1002/chem.202203241	Fitzgerald et al., Organometallic Platinum(II) Photosensitisers that Demonstrate Ligand-Modulated Triplet-Triplet Annihi
514	[Pt(L2)(acac)] cyclometalated Pt(II) orange-red phosphor (2-(3-(trifluoromethoxy)phenyl)quinoxaline / acetylacetonate)	youngs_modulus, poisson_ratio, density, expansion_linear	2882	journal	https://www.ebi.ac.uk/europepmc/webservices/rest/PMC10107691/fullTextXML	10.1002/chem.202203241	Fitzgerald et al., Organometallic Platinum(II) Photosensitisers that Demonstrate Ligand-Modulated Triplet-Triplet Annihi
515	[Pt(L3)(acac)] cyclometalated Pt(II) orange-red phosphor (2-(4-(trifluoromethoxy)phenyl)quinoxaline / acetylacetonate)	youngs_modulus, poisson_ratio, density, expansion_linear	2882	journal	https://www.ebi.ac.uk/europepmc/webservices/rest/PMC10107691/fullTextXML	10.1002/chem.202203241	Fitzgerald et al., Organometallic Platinum(II) Photosensitisers that Demonstrate Ligand-Modulated Triplet-Triplet Annihi
516	[Pt(L4)(acac)] cyclometalated Pt(II) orange-red phosphor (2-(3-(trifluoromethyl)phenyl)quinoxaline / acetylacetonate)	youngs_modulus, poisson_ratio, density, expansion_linear	2882	journal	https://www.ebi.ac.uk/europepmc/webservices/rest/PMC10107691/fullTextXML	10.1002/chem.202203241	Fitzgerald et al., Organometallic Platinum(II) Photosensitisers that Demonstrate Ligand-Modulated Triplet-Triplet Annihi
517	[Pt(L5)(acac)] cyclometalated Pt(II) orange-red phosphor (2-(4-(trifluoromethyl)phenyl)quinoxaline / acetylacetonate)	youngs_modulus, poisson_ratio, density, expansion_linear	2882	journal	https://www.ebi.ac.uk/europepmc/webservices/rest/PMC10107691/fullTextXML	10.1002/chem.202203241	Fitzgerald et al., Organometallic Platinum(II) Photosensitisers that Demonstrate Ligand-Modulated Triplet-Triplet Annihi
518	Poly(dodecyl acrylate) (PA 12, n-alkyl acrylate homopolymer, side-chain crystalline)	youngs_modulus, poisson_ratio, density, expansion_linear	2869	other	https://repositories.lib.utexas.edu/server/api/core/bitstreams/b50f3cf2-2ce3-4e44-aba8-a120bd4e0003/content		Physical Properties of Poly (n-alkyl acrylate) Copolymers (K. A. O'Leary, PhD dissertation, The University of Texas at A
519	Poly(tetradecyl acrylate) (PA 14, n-alkyl acrylate homopolymer, side-chain crystalline)	youngs_modulus, poisson_ratio, density, expansion_linear	2869	other	https://repositories.lib.utexas.edu/server/api/core/bitstreams/b50f3cf2-2ce3-4e44-aba8-a120bd4e0003/content		Physical Properties of Poly (n-alkyl acrylate) Copolymers (K. A. O'Leary, PhD dissertation, The University of Texas at A
519	Poly(tetradecyl acrylate) (PA 14, n-alkyl acrylate homopolymer, side-chain crystalline)	youngs_modulus, poisson_ratio, density, expansion_linear	2883	other	https://repositories.lib.utexas.edu/server/api/core/bitstreams/57695eb4-74ec-4a1a-b808-6b126bcfe936/content		Gas transport properties of poly(n-alkyl acrylate) blends and modeling of modified atmosphere storage using selective an
520	Poly(octadecyl acrylate) (PA 18, n-alkyl acrylate homopolymer, side-chain crystalline)	youngs_modulus, poisson_ratio, density, expansion_linear	2869	other	https://repositories.lib.utexas.edu/server/api/core/bitstreams/b50f3cf2-2ce3-4e44-aba8-a120bd4e0003/content		Physical Properties of Poly (n-alkyl acrylate) Copolymers (K. A. O'Leary, PhD dissertation, The University of Texas at A
520	Poly(octadecyl acrylate) (PA 18, n-alkyl acrylate homopolymer, side-chain crystalline)	youngs_modulus, poisson_ratio, density, expansion_linear	2883	other	https://repositories.lib.utexas.edu/server/api/core/bitstreams/57695eb4-74ec-4a1a-b808-6b126bcfe936/content		Gas transport properties of poly(n-alkyl acrylate) blends and modeling of modified atmosphere storage using selective an
521	Poly(docosyl acrylate) (PA 22, n-alkyl acrylate homopolymer, side-chain crystalline)	youngs_modulus, poisson_ratio, density, expansion_linear	2869	other	https://repositories.lib.utexas.edu/server/api/core/bitstreams/b50f3cf2-2ce3-4e44-aba8-a120bd4e0003/content		Physical Properties of Poly (n-alkyl acrylate) Copolymers (K. A. O'Leary, PhD dissertation, The University of Texas at A
521	Poly(docosyl acrylate) (PA 22, n-alkyl acrylate homopolymer, side-chain crystalline)	youngs_modulus, poisson_ratio, density, expansion_linear	2886	journal	https://www.ncbi.nlm.nih.gov/pmc/articles/PMC8223484/	10.1021/acs.macromol.1c00133	Organic Polymer Hosts for Triplet-Triplet Annihilation Upconversion Systems (Macromolecules 2021, 54, 5, 2255-2270) — 본문
522	Poly(hexadecyl acrylate) (PA 16, n-alkyl acrylate homopolymer, side-chain crystalline)	youngs_modulus, poisson_ratio, density, expansion_linear	2883	other	https://repositories.lib.utexas.edu/server/api/core/bitstreams/57695eb4-74ec-4a1a-b808-6b126bcfe936/content		Gas transport properties of poly(n-alkyl acrylate) blends and modeling of modified atmosphere storage using selective an
523	PA14(45)/PA18(55) 블렌드 (poly(n-tetradecyl acrylate)/poly(n-octadecyl acrylate) 45/55 wt%)	youngs_modulus, poisson_ratio, density, expansion_linear	2883	other	https://repositories.lib.utexas.edu/server/api/core/bitstreams/57695eb4-74ec-4a1a-b808-6b126bcfe936/content		Gas transport properties of poly(n-alkyl acrylate) blends and modeling of modified atmosphere storage using selective an
524	PA16(50)/PA18(50) 블렌드 (poly(n-hexadecyl acrylate)/poly(n-octadecyl acrylate) 50/50 wt%)	youngs_modulus, poisson_ratio, density, expansion_linear	2883	other	https://repositories.lib.utexas.edu/server/api/core/bitstreams/57695eb4-74ec-4a1a-b808-6b126bcfe936/content		Gas transport properties of poly(n-alkyl acrylate) blends and modeling of modified atmosphere storage using selective an
525	PA14(50)/PA16(50) 블렌드 (poly(n-tetradecyl acrylate)/poly(n-hexadecyl acrylate) 50/50 wt%)	youngs_modulus, poisson_ratio, density, expansion_linear	2883	other	https://repositories.lib.utexas.edu/server/api/core/bitstreams/57695eb4-74ec-4a1a-b808-6b126bcfe936/content		Gas transport properties of poly(n-alkyl acrylate) blends and modeling of modified atmosphere storage using selective an
526	PA14(75)/PA16(25) 블렌드 (poly(n-tetradecyl acrylate)/poly(n-hexadecyl acrylate) 75/25 wt%)	youngs_modulus, poisson_ratio, density, expansion_linear	2883	other	https://repositories.lib.utexas.edu/server/api/core/bitstreams/57695eb4-74ec-4a1a-b808-6b126bcfe936/content		Gas transport properties of poly(n-alkyl acrylate) blends and modeling of modified atmosphere storage using selective an
527	UV-cured PEGDA/2-HEA acrylate network (PEGDA 가교제 40-96 wt% 시리즈, 312 nm 광경화)	youngs_modulus, poisson_ratio, density, expansion_linear	2870	other	https://repositories.lib.utexas.edu/server/api/core/bitstreams/49adec55-6fe8-44ad-b33c-13004449f4bd/content		Effect of Network Structure Modifications on the Light Gas Transport Properties of Cross-linked Poly(ethylene oxide) Mem
528	UV-cured PEGDA/EGMEA acrylate network (PEGDA 가교제 37-95 wt% 시리즈, 312 nm 광경화)	youngs_modulus, poisson_ratio, density, expansion_linear	2870	other	https://repositories.lib.utexas.edu/server/api/core/bitstreams/49adec55-6fe8-44ad-b33c-13004449f4bd/content		Effect of Network Structure Modifications on the Light Gas Transport Properties of Cross-linked Poly(ethylene oxide) Mem
529	UV-cured PEGDA/2-EEA acrylate network (PEGDA 가교제 35-94 wt% 시리즈, 312 nm 광경화)	youngs_modulus, poisson_ratio, density, expansion_linear	2870	other	https://repositories.lib.utexas.edu/server/api/core/bitstreams/49adec55-6fe8-44ad-b33c-13004449f4bd/content		Effect of Network Structure Modifications on the Light Gas Transport Properties of Cross-linked Poly(ethylene oxide) Mem
530	UV-cured PEGDA/DEGEEA acrylate network (PEGDA 가교제 29-94 wt% 시리즈, 312 nm 광경화)	youngs_modulus, poisson_ratio, density, expansion_linear	2870	other	https://repositories.lib.utexas.edu/server/api/core/bitstreams/49adec55-6fe8-44ad-b33c-13004449f4bd/content		Effect of Network Structure Modifications on the Light Gas Transport Properties of Cross-linked Poly(ethylene oxide) Mem
531	UV-cured PEGDA/DEGPEA acrylate network (PEGDA 가교제 0-92 wt% 시리즈, 312 nm 광경화)	youngs_modulus, poisson_ratio, density, expansion_linear	2870	other	https://repositories.lib.utexas.edu/server/api/core/bitstreams/49adec55-6fe8-44ad-b33c-13004449f4bd/content		Effect of Network Structure Modifications on the Light Gas Transport Properties of Cross-linked Poly(ethylene oxide) Mem
532	UV-cured PEGDA/PEGPEA acrylate network (PEGDA 가교제 0-90 wt% 시리즈, 312 nm 광경화)	youngs_modulus, poisson_ratio, density, expansion_linear	2870	other	https://repositories.lib.utexas.edu/server/api/core/bitstreams/49adec55-6fe8-44ad-b33c-13004449f4bd/content		Effect of Network Structure Modifications on the Light Gas Transport Properties of Cross-linked Poly(ethylene oxide) Mem
533	UV-cured BPAEDA4 homopolymer acrylate network (가교제 100 wt% 단독 네트워크)	youngs_modulus, poisson_ratio, density, expansion_linear	2870	other	https://repositories.lib.utexas.edu/server/api/core/bitstreams/49adec55-6fe8-44ad-b33c-13004449f4bd/content		Effect of Network Structure Modifications on the Light Gas Transport Properties of Cross-linked Poly(ethylene oxide) Mem
534	UV-cured BPAEDA4/PEGMEA acrylate network (BPAEDA4 가교제 28-85 wt% 시리즈)	youngs_modulus, poisson_ratio, density, expansion_linear	2870	other	https://repositories.lib.utexas.edu/server/api/core/bitstreams/49adec55-6fe8-44ad-b33c-13004449f4bd/content		Effect of Network Structure Modifications on the Light Gas Transport Properties of Cross-linked Poly(ethylene oxide) Mem
535	UV-cured BPAEDA4/PEGA acrylate network (BPAEDA4 가교제 31-88 wt% 시리즈)	youngs_modulus, poisson_ratio, density, expansion_linear	2870	other	https://repositories.lib.utexas.edu/server/api/core/bitstreams/49adec55-6fe8-44ad-b33c-13004449f4bd/content		Effect of Network Structure Modifications on the Light Gas Transport Properties of Cross-linked Poly(ethylene oxide) Mem
536	UV-cured BPAEDA15 homopolymer acrylate network (가교제 100 wt% 단독 네트워크)	youngs_modulus, poisson_ratio, density, expansion_linear	2870	other	https://repositories.lib.utexas.edu/server/api/core/bitstreams/49adec55-6fe8-44ad-b33c-13004449f4bd/content		Effect of Network Structure Modifications on the Light Gas Transport Properties of Cross-linked Poly(ethylene oxide) Mem
537	UV-cured BPAEDA15/PEGMEA acrylate network (BPAEDA15 가교제 50-80 wt% 시리즈)	youngs_modulus, poisson_ratio, density, expansion_linear	2870	other	https://repositories.lib.utexas.edu/server/api/core/bitstreams/49adec55-6fe8-44ad-b33c-13004449f4bd/content		Effect of Network Structure Modifications on the Light Gas Transport Properties of Cross-linked Poly(ethylene oxide) Mem
538	UV-cured BPAEDA15/DEGEEA acrylate network (BPAEDA15 가교제 50-80 wt% 시리즈)	youngs_modulus, poisson_ratio, density, expansion_linear	2870	other	https://repositories.lib.utexas.edu/server/api/core/bitstreams/49adec55-6fe8-44ad-b33c-13004449f4bd/content		Effect of Network Structure Modifications on the Light Gas Transport Properties of Cross-linked Poly(ethylene oxide) Mem
539	UV-cured XLPEGDA-100 network (PEGDA n=14 단독 광경화, 희석 없음)	youngs_modulus, poisson_ratio, expansion_linear	2871	other	https://repositories.lib.utexas.edu/server/api/core/bitstreams/3fda6a29-fd3c-445b-b9dc-187caa9cb46a/content		Solubility selective membrane materials for carbon dioxide removal from mixtures with light gases (H. Lin, PhD dissertat
539	UV-cured XLPEGDA-100 network (PEGDA n=14 단독 광경화, 희석 없음)	youngs_modulus, poisson_ratio, expansion_linear	2870	other	https://repositories.lib.utexas.edu/server/api/core/bitstreams/49adec55-6fe8-44ad-b33c-13004449f4bd/content		Effect of Network Structure Modifications on the Light Gas Transport Properties of Cross-linked Poly(ethylene oxide) Mem
540	Silane-modified acrylic hydrogel CL, Ref (Sil-OH 32.29 / DMA 64.58 / MMA 0.97 / MA 0.97 / EGDMA 0.99 / AIBN 0.20 wt%)	youngs_modulus, poisson_ratio, density, expansion_linear	2884	journal	https://www.ncbi.nlm.nih.gov/pmc/articles/PMC12732896/	10.3390/gels11120987	Synergistic Enhancement of Oxygen Permeability in Silane-Modified Hydrogel Networks for Advanced Ophthalmic Applications
541	Silane-modified acrylic hydrogel CL, 2T20 (2TSEMA 16.67 wt% 치환, EGDMA 0.82 wt%)	youngs_modulus, poisson_ratio, density, expansion_linear	2884	journal	https://www.ncbi.nlm.nih.gov/pmc/articles/PMC12732896/	10.3390/gels11120987	Synergistic Enhancement of Oxygen Permeability in Silane-Modified Hydrogel Networks for Advanced Ophthalmic Applications
542	Silane-modified acrylic hydrogel CL, 2TT1 (2TSEMA 16.50 + TRIS 0.99 wt%, EGDMA 0.82 wt%)	youngs_modulus, poisson_ratio, density, expansion_linear	2884	journal	https://www.ncbi.nlm.nih.gov/pmc/articles/PMC12732896/	10.3390/gels11120987	Synergistic Enhancement of Oxygen Permeability in Silane-Modified Hydrogel Networks for Advanced Ophthalmic Applications
543	Non-silicone hydrogel CL, Sample 3E-B (DMAA 79.64 / CHMA 20.04 / 3-EGDMA 0.27 wt%, WC 80.28%)	youngs_modulus, poisson_ratio, density, expansion_linear	2885	journal	https://www.ncbi.nlm.nih.gov/pmc/articles/PMC11593662/	10.3390/gels10110726	Optimization of the Oxygen Permeability of Non-Silicone Hydrogel Contact Lenses Through Crosslinking Modifications (Gels
544	Comfi Daily disposable contact lens (etafilcon A, HEMA/methacrylic acid hydrogel)	youngs_modulus, poisson_ratio, density, expansion_linear	2885	journal	https://www.ncbi.nlm.nih.gov/pmc/articles/PMC11593662/	10.3390/gels10110726	Optimization of the Oxygen Permeability of Non-Silicone Hydrogel Contact Lenses Through Crosslinking Modifications (Gels
545	Poly(methyl acrylate) (PMA, n-alkyl acrylate homopolymer, C1 side chain)	youngs_modulus, poisson_ratio, density, expansion_linear	2886	journal	https://www.ncbi.nlm.nih.gov/pmc/articles/PMC8223484/	10.1021/acs.macromol.1c00133	Organic Polymer Hosts for Triplet-Triplet Annihilation Upconversion Systems (Macromolecules 2021, 54, 5, 2255-2270) — 본문
545	Poly(methyl acrylate) (PMA, n-alkyl acrylate homopolymer, C1 side chain)	youngs_modulus, poisson_ratio, density, expansion_linear	3010	database	https://www.accudynetest.com/polymer_surface_data/polymethyl_acrylate.pdf		Surface Energy Data for PMA: Poly(methyl acrylate) - AccuDyne Test polymer surface data compilation (Diversified Enterpr
546	Poly(ethyl acrylate) (PEA, n-alkyl acrylate homopolymer, C2 side chain)	youngs_modulus, poisson_ratio, density, expansion_linear	2886	journal	https://www.ncbi.nlm.nih.gov/pmc/articles/PMC8223484/	10.1021/acs.macromol.1c00133	Organic Polymer Hosts for Triplet-Triplet Annihilation Upconversion Systems (Macromolecules 2021, 54, 5, 2255-2270) — 본문
546	Poly(ethyl acrylate) (PEA, n-alkyl acrylate homopolymer, C2 side chain)	youngs_modulus, poisson_ratio, density, expansion_linear	3011	database	https://www.accudynetest.com/polymer_surface_data/polyethyl_acrylate.pdf		Surface Energy Data for PEA: Poly(ethyl acrylate) - AccuDyne Test polymer surface data compilation (Diversified Enterpri
547	HD MicroSystems PI-2611 polyimide (BPDA/PPD, low-stress spin-coated, non-photosensitive)	poisson_ratio	3078	datasheet	https://web.archive.org/web/20210116234754id_/https://www.hdmicrosystems.com/content/dam/dupont/amer/us/en/hd-microsystems/public/documents/PI-2600_ProcessGuide.pdf		PRODUCT BULLETIN — PI-2600 Series, Low Stress Applications (HD MicroSystems, Revised September 2009), Table 2
547	HD MicroSystems PI-2611 polyimide (BPDA/PPD, low-stress spin-coated, non-photosensitive)	poisson_ratio	2889	datasheet	https://web.archive.org/web/20210116234754/https://www.hdmicrosystems.com/content/dam/dupont/amer/us/en/hd-microsystems/public/documents/PI-2600_ProcessGuide.pdf		HD MicroSystems — PI-2600 Series Low Stress Applications, PRODUCT BULLETIN, Revised September 2009, Table 2
547	HD MicroSystems PI-2611 polyimide (BPDA/PPD, low-stress spin-coated, non-photosensitive)	poisson_ratio	2065	journal	https://pmc.ncbi.nlm.nih.gov/articles/PMC10064999/	10.1021/acsami.2c22513	Flexible Ultrathin Chip-Film Patch for Electronic Component Integration and Encapsulation using Atomic Layer Deposition
548	HD MicroSystems PI-5878G polyimide (spin-coated dielectric)	poisson_ratio	3079	datasheet	https://web.archive.org/web/20130625190152id_/http://hdmicrosystems.com/HDMicroSystems/en_US/pdf/PI-5878G_ProductBulletin.pdf		PRODUCT BULLETIN — PI-5878G (HD MicroSystems, Revised September 2009), section 9 'Cured Film Properties (400 C Final Cur
548	HD MicroSystems PI-5878G polyimide (spin-coated dielectric)	poisson_ratio	2889	datasheet	https://web.archive.org/web/20210116234754/https://www.hdmicrosystems.com/content/dam/dupont/amer/us/en/hd-microsystems/public/documents/PI-2600_ProcessGuide.pdf		HD MicroSystems — PI-2600 Series Low Stress Applications, PRODUCT BULLETIN, Revised September 2009, Table 2
548	HD MicroSystems PI-5878G polyimide (spin-coated dielectric)	poisson_ratio	2574	journal	https://mdpi-res.com/d_attachment/coatings/coatings-10-00619/article_deploy/coatings-10-00619.pdf	10.3390/coatings10070619	Investigation of Wettability, Drying and Water Condensation on Polyimide (Kapton) Films Treated by Atmospheric Pressure 
549	HD MicroSystems PI-2525 polyimide (PMDA/ODA, spin-coated dielectric)	poisson_ratio	3080	datasheet	https://web.archive.org/web/20210117002644id_/https://www.hdmicrosystems.com/content/dam/dupont/amer/us/en/hd-microsystems/public/documents/PI-2525_2555_2574_ProductBulletin.pdf		PRODUCT BULLETIN — PI 2525, PI 2555 & PI 2574 (HD MicroSystems, Rev. November 2012), 'Cured Film Properties'
549	HD MicroSystems PI-2525 polyimide (PMDA/ODA, spin-coated dielectric)	poisson_ratio	2889	datasheet	https://web.archive.org/web/20210116234754/https://www.hdmicrosystems.com/content/dam/dupont/amer/us/en/hd-microsystems/public/documents/PI-2600_ProcessGuide.pdf		HD MicroSystems — PI-2600 Series Low Stress Applications, PRODUCT BULLETIN, Revised September 2009, Table 2
549	HD MicroSystems PI-2525 polyimide (PMDA/ODA, spin-coated dielectric)	poisson_ratio	2574	journal	https://mdpi-res.com/d_attachment/coatings/coatings-10-00619/article_deploy/coatings-10-00619.pdf	10.3390/coatings10070619	Investigation of Wettability, Drying and Water Condensation on Polyimide (Kapton) Films Treated by Atmospheric Pressure 
549	HD MicroSystems PI-2525 polyimide (PMDA/ODA, spin-coated dielectric)	poisson_ratio	2990	journal	https://www.ebi.ac.uk/europepmc/webservices/rest/PMC7565694/fullTextXML	10.3390/polym12092048	Zhang et al., High-Barrier Polyimide Containing Carbazole Moiety: Synthesis, Gas Barrier Properties, and Molecular Simul
