abs.txt		Markgraf, 2005(62)	Critical ST	γc = 35-42 mJ/m2; no temp cited                    Test liquids not known.
abs.txt		Fukuzawa, 1994(113)	Contact angle	θWY = 89.7o; no temp cited                         Contact angle measured after stabilizing for 15 secs.
abs.txt		Johansson, 2006(138)	Contact angle	θWA = 72o; no temp cited                           Ultrasonically cleaned in isopropanol and rinsed with ethanol.
abs.txt		Fukuzawa, 1994(113)	Contact angle	γs = 35.2 mJ/m2 (γsLW = 39.4, γsAB = -4.3,         Test liquids: water, formamide, and diiodomethane; acid-base | γs+ = 0.8, γs- = 5.6); no temp cited               analysis, calculated per Good and Van Oss(86). Contact angles | measured after stabilizing for 15 secs.
abs.txt		Fukuzawa, 1994(113)	Contact angle	γs = 40.5 mJ/m2; no temp cited                     Test liquids: water, formamide, and diiodomethane; acid-base | analysis calculated by arithmetic and geometric means.
abs.txt		Schoff, 2003(263)	Contact angle	γs = 45 mJ/m (γs = 37; γ s = 8); no temp cited Test liquids not known, by geometric mean equation. | 2   d        p | Cycolac GPM 5600.
abs.txt		Schoff, 2003(263)	Contact angle	γs = 51 mJ/m2 (γsd = 40; γ sp = 11); no temp cited Test liquids not known, by geometric mean equation. | Cycoloy C-2950.
abs.txt		Schoff, 2003(263)	Contact angle	γs = 42 mJ/m (γs = 33; γ s = 9); no temp cited Test liquids not known, by geometric mean equation. | 2   d        p | Dow Magnum 344HP.
abs.txt		Top Analytica(60)	Contact angle	γs = 42 mJ/m2 (γsd = 35, γ sp = 8); no temp cited Test liquids: water, diiodomethane, and ethylene glycol, by | by harmonic mean equation.
abs.txt		Top Analytica(60)	Contact angle	γs = 42 mJ/m (γs = 39.4, γs = 2.6, | 2   LW          AB | Test liquids: water, diiodomethane, and ethylene glycol; | γs+ = 1.0, γs- = 1.7); no temp cited               acid-base analysis.
abs.txt		Top Analytica(60)	Contact angle	γs = 38 mJ/m2 (γsd = 34, γ sp = 4); no temp cited Test liquids: water, diiodomethane, and ethylene glycol, by | harmonic mean equation. Prewashed with ionized water.
aluminum_foil.txt		Hansen, 1993(109)	Contact angle	θWY = 84.5o; no temp cited                       Sample aged for one day.
aluminum_foil.txt		Hansen, 1993(109)	Contact angle	θWY = 78o; no temp cited                         Sample aged for 14 days.
aluminum_foil.txt		Hansen, 1993(109)	Contact angle	γs = 39.4 mJ/m2 (γsd = 31.3, γsp = 8.1);         Test liquids: water and diiodomethane, by harmonic mean | no temp cited                                    equation. Sample aged for one day.
aluminum_foil.txt		Hansen, 1993(109)	Contact angle	γs = 42.9 mJ/m2 (γsd = 32.1, γsp = 10.8);        Test liquids: water and diiodomethane, by harmonic mean | no temp cited                                    equation. Sample aged for 14 days.
butyl_rubber.txt		Crocker, 1969(111)	Critical ST	γc = 27 mJ/m2; no temp cited                     Test liquids not known.
butyl_rubber.txt		Shafrin, 1975(297)	Critical ST	γc = 27 mJ/m2; 20oC                              Test liquids not known.
butyl_rubber.txt		Budziak, 1991(235)	Contact angle	θWA = 110.8-113.3o; no temp cited
butyl_rubber.txt		van Oss, 1989(22)	Contact angle	γs = 25.0 mJ/m2 (γsLW = 25.0, γsAB = 0.0,        Test liquids water, alpha-bromonaphthalene, diiodomethane, | γs+ = 0.0, γs- = 0.0); 20oC                      formamide, and glycerin; acid-base analysis.
butyl_rubber.txt		Roe, 1968(32)	From polymer melt	γs = 34.0 mJ/m2; 20oC                            Measurement by pendant drop of polymer melt extrapolated | to 20oC. Mn = 2700.
butyl_rubber.txt		LeGrand, 1969(36)	From polymer melt	γs = 35.6 mJ/m2; 24oC                            Measurement by pendant drop of polymer melt extrapolated | to 20oC; various molecular weights.
butyl_rubber.txt		Wu, 1969(28)	From polymer melt	γs = 33.6 mJ/m2; 20oC                            Measurement by pendant drop of polymer melt extrapolated | to 20oC. Mn = 2700. | (d)
butyl_rubber.txt		Sewell, 1971(193)	Calculated	γs = 19.5 mJ/m2; no temp cited                   Calculated from parachor and cohesive energy. | (d)
butyl_rubber.txt		Sewell, 1971(193)	Calculated	γs = 20.4 mJ/m2; no temp cited                   Calculated by least squares from cohesive energy and molar | volume.
butyl_rubber.txt		Wu, 1974(47)	Calculated	γs = 34.6 mJ/m2; 20oC                            Calculated from free volume theory and molecular weight.
butyl_rubber.txt		Wu, 1974(47)	Calculated	γs = 35.6 mJ/m2; 20oC                            Calculated from free volume theory and molecular weight.
butyl_rubber.txt		Wu, 1982(18)	Calculated	γs = 30.8 mJ/m2; 20oC                            Calculated from cohesive energy density and solubility | parameters.
butyl_rubber.txt		Wu, 1982(18)	Calculated	γs = 34.5 mJ/m2; 20oC                            Calculated from liquid homologs. Infinite molecular weight.
butyl_rubber.txt		Van Ness, 1992(186)	Calculated	γs = 35.1 mJ/m2; 20oC                            Calculated molten surface tension value, extrapolated to 20oC. | Surface-tension.de, 2007(110)
butyl_rubber.txt			Unknown	γs = 33.6 mJ/m2 (γsd = 33.6, γsp = 0.0); 20oC    No details available.
cellulose_acetate.txt		Hamilton, 1972(74)	Critical ST	γc = 36 mJ/m2; no temp cited                      Test liquids: water and octane.
cellulose_acetate.txt		Kutsch, 1993(102)	Critical ST	γc = 39 mJ/m2; no temp cited                      Test liquids not known.
cellulose_acetate.txt		van Oss, 1989(22)	Contact angle	θWY = 54.5o; 20oC
cellulose_acetate.txt		Busscher, 1981(72)	Contact angle	γs = 38.2 mJ/m2 (γsd = 29.7, γsp = 8.5);          Test liquids: water and propanol. | no temp cited
cellulose_acetate.txt		van Oss, 1989(22)	Contact angle	γs = 43 mJ/m2 (γ sLW = 38, γsAB = 5.2,            Test liquids: water, alpha-bromonaphthalene, diiodomethane, | γs+ = 0.3, γs- = 22.7); 20oC                      formamide, and glycerin; acid-base analysis.
cellulose_acetate.txt		Wu, 1989(273)	Contact angle	γs = 45.9 mJ/m2 (γsd = 32.3, γsp = 13.6);         Test liquids not known. | 20oC
cellulose_acetate.txt		Good, 1991(135)	Contact angle	γs = 40.3 mJ/m2 (γsLW = 35, γsAB = 5.3,           Test liquids: water and glycerol; acid-base analysis. | γs+ = 0.3, γs- = 22.7); no temp cited
cellulose_acetate.txt		Lee, 1999(116)	Contact angle	γs = 38 mJ/m2 (γ sLW = 38, γsAB = 0.0,            Test liquids: water, alpha-bromonaphthalene, diiodomethane, | γs+ = 0.0, γs- = 25); 20oC                        formamide, and glycerin; acid-base analysis, based on reference | values for water of γ+ = 34.2 mJ/m2 and γ- = 19 mJ/m2. | (d)
cellulose_acetate.txt		van Oss, 2006(117)	Contact angle	γs = 52.6 mJ/m2 (γsLW = 44.9, γ sAB = 7.7,        Test liquids: water, glycerin, formamide, diiodomethane, and | γs+ = 0.8, γs- = 18.5); 20oC                      alpha-bromonaphthalene; acid-base analysis of film evaporated | on glass from MEK solution.
epoxy.txt		Wu, 1971(41)	Critical ST	γc = 44 mJ/m2; 20oC                              Test liquids not known. Amine-cured epoxy resin.
epoxy.txt		George, 1993(215)	Critical ST	γc = 43-47 mJ/m2; no temp cited                  Test liquids not known. DGEBA-amine.
epoxy.txt		Occhiello, 1991(202)	Contact angle	θWY = 54o; no temp cited                         Epoxy E11 adhesive, cured 1 h at 353K (80oC).
epoxy.txt		Occhiello, 1991(202)	Contact angle	θWA = 90o, θWR = 18o, dθW = 72o;                 Epoxy E11 adhesive, cured 1 h at 353K (80oC). | no temp cited
epoxy.txt		Uner, 2000(264)	Contact angle	θWA = 85o; no temp cited
epoxy.txt		Wu, 1989(273)	Contact angle	γs = 46.8 mJ/m2; 20oC                            Test liquids not known. Diglycidyl ether of bisphenol-A with | 6% by weight of N-N-diethylaminopropylamine, cured.
epoxy.txt		Wu, 1989(273)	Contact angle	γs = 39.1 mJ/m2 (γsd = 32.6; γsp = 6.5); 20oC    Test liquids not known. Diglycidyl ether of bisphenol-A with | stoichimetric amount of triethylenetetramine, cured.
epoxy.txt		Berger, 1991(145)	Contact angle	γs = 42.6 mJ/m2 (γsd = 42.6; γsp = 0.0);         Various test liquids, by geometric mean equation. | no temp cited                                    Commercial two-part acid-cured epoxy adhesive.
epoxy.txt		Occhiello, 1991(202)	Contact angle	γs = 51.6 mJ/m2 (γsd = 32.6, γsp = 19.0);        Test liquids: water and diiodomethane; epoxy E11 adhesive, | no temp cited                                    cured 1 h at 353K (80oC).
epoxy.txt		Comyn, 2006(279)	Contact angle	γs = 45.5 mJ/m2 (γsd = 37.2; γsp = 8.3);         Test liquids not known. Rubber modified epoxide surface. | no temp cited
epoxy.txt		Comyn, 2006(279)	Contact angle	γs = 46.2 mJ/m2 (γsd = 41.2; γsp = 5.0);         Test liquids not known. Amine cured epoxide surface. | no temp cited
fep.txt		Sperati, 1989(222)	Critical ST	γc = 17.8-18.6 mJ/m2; no temp cited               Test liquids not known.
fep.txt		Markgraf, 2005(62)	Critical ST	γc = 18-22 mJ/m2; no temp cited                   Test liquids not known.
fep.txt		Petke, 1969(234)	Contact angle	θWA = 108o; no temp cited
fep.txt		Dwight, 1974(52)	Contact angle	θWA = 109o, θWR = 93o, dθW = 16o; | no temp cited
fep.txt		Westerdahl, 1974(63)	Contact angle	θWY = 103o, no temp cited                         Commercial grade film, thickness 5 mils.
fep.txt		Triolo, 1983(189)	Contact angle	θWR = 96o; no temp cited                          Data estimated from graph. Fully hydrated sample immersed in | water; interface with advancing, submerged octane bubble.
fep.txt		Egitto, 1990(65)	Contact angle	θWY = 110o, no temp cited
fep.txt		Li, 1992(176)	Contact angle	θWY = 111.6o; 20oC
fep.txt		Pettit, 1992(305)	Contact angle	θWY = 103o; no temp cited
fep.txt		Bee, 1993(214)	Contact angle	θWA = 115o, θWR = 100o, dθW = 15o; | no temp cited
fep.txt		Good, 1998(151)	Contact angle	θWA = 118.6o, θWR = 105.2o, dθW = 13.4o;          Surface rinsed with unspecified light hydrocarbon. | no temp cited
fep.txt		Angu, 2000(220)	Contact angle	θWY = 101.5o; no temp cited                       Underwater captive bubble method, measured on concave | tubular surface; technique A.
fep.txt		Angu, 2000(220)	Contact angle	θWY = 107.3o; no temp cited                       Underwater captive bubble method, measured on concave | tubular surface; technique B.
fep.txt		Ebnesajjad, 2006(280)	Contact angle	θWY = 101o, no temp cited                         FEP-coated wire.
fep.txt		Chaudhury, 1984(21)	Contact angle	γs = 17.9 mJ/m2 (γsLW = 17.9, γsAB = 0.0,         Test liquids: water, alpha-bromonaphthalene, diiodomethane, | γs+ = 0.0, γs- = 0.0); 20oC                       formamide, and glycerin; acid-base analysis.
fep.txt		Li, 1992(176)	Contact angle	γc = 15.9 mJ/m2; 20oC                             Test liquids not known; from advancing contact angles by | equation of state method.
fep.txt		Kwok, 2000(166)	Contact angle	γc = 18.0 mJ/m2; no temp cited                    Re-calculated by equation of state method from data produced | by Kwok, 1995(167).
fep.txt		Kwok, 2000(166)	Contact angle	γc = 17.8 mJ/m2; no temp cited                    Re-calculated by alternate equation of state method from data | produced by Kwok, 1995(167).
fep.txt		Ebnesajjad, 2006(280)	Contact angle	γs = 16.9 mJ/m2 (γsd = 14.3, γsp = 2.6);          Test liquids: water, diiodomethane, and xylene; FEP-coated | no temp cited                                     wire, by geometric mean equation.
fep.txt		Ebnesajjad, 2006(280)	Contact angle	γs = 22.7 mJ/m2 (γsd = 17.3, γsp = 5.4);          Test liquids: water, diiodomethane, and xylene; FEP-coated | no temp cited                                     wire, by harmonic mean equation.
fep.txt		Andrews, 1973(51)	Unknown	γs = 20.0 mJ/m2 (γsd = 19.6, γsp = 0.4);          Test details unknown; probably by contact angle. | no temp cited
fep.txt		Wu, 1982(49)	Unknown	γs = 18.8 mJ/m2; 20oC                             Measurement method not cited; PE molded under nitrogen.
hexatriacontane.txt		Fox, 1952(11)	Critical ST	γc = 21 mJ/m2; no temp cited                      Test liquids not known.
hexatriacontane.txt		Fox, 1952(11)	Contact angle	θWY = 111o; 20oC                                  Crystal platelets grown in pure n-hexane and stored under N2 | until tested.
hexatriacontane.txt		Hellwig, 1968(164)	Contact angle	θWY = 105.3o; 25oC
hexatriacontane.txt		Clouet, 1994(114)	Contact angle	θWA = 109o; 23oC                                  Crystallized in distilled hexane and stored under argon until | tested.
hexatriacontane.txt		Shafrin, 1963(201)	Contact angle	γs = 19.1 mJ/m2 (γsd = 18.9, γsp = 0.2);          Test liquids not known. | no temp cited
hexatriacontane.txt		Hellwig, 1968(164)	Contact angle	γs = 19.5 mJ/m2; 25oC                             Test liquids not known.
hexatriacontane.txt		Kitazaki, 1972(191)	Contact angle	γs = 20.6 mJ/m2 (γsd = 20.6, γsp = 0.0);          Various test liquids; original results split polar component into | no temp cited                                     hydrogen- and non-hydrogen bonding parameters.
hexatriacontane.txt		Wu, 1979(45)	Contact angle	γs = 19.1 mJ/m2; 20oC                             Test liquids not known, by geometric mean equation.
hexatriacontane.txt		Wu, 1979(45)	Contact angle	γs = 23.6 mJ/m2; 20oC                             Test liquids not known, by harmonic mean equation.
hexatriacontane.txt		Wu, 1979(45)	Contact angle	γc = 23.0 mJ/m2; 20oC                             Test liquids not known; calculated by the equation of state | method.
hexatriacontane.txt		Spelt, 1996(177)	Contact angle	γc = 19.8 mJ/m2; 20oC                             Re-calculated by equation of state method from data produced | by Hellwig, 1968(164).
hexatriacontane.txt		Wang, 1997(260)	Contact angle	γs = 20.4 mJ/m2; no temp cited                    Test liquids not known.
hexatriacontane.txt		Della Volpe, 2000(163)	Contact angle	γs = 20.5 mJ/m2; no temp cited                    Re-calculated from data produced by Hellwig, 1968(164).
hexatriacontane.txt		Kwok, 2000(166)	Contact angle	γc = 19.6 mJ/m2; no temp cited                    Re-calculated by equation of state method from data produced | by Fox, 1952(11).
hexatriacontane.txt		Kwok, 2000(166)	Contact angle	γc = 20.3 mJ/m2; no temp cited                    Re-calculated by equation of state method from literature | data.
hexatriacontane.txt		Kwok, 2000(166)	Contact angle	γc = 19.7 mJ/m2; no temp cited                    Re-calculated by alternate equation of state method from | literature data.
hexatriacontane.txt		Wu, 1989(273)	From polymer melt	γs = 31.4 mJ/m2 (γsd = 31.4, γsp = 0.0); 20oC     Direct measurement of polymer melt extrapolated to 20oC. | M=507.
hexatriacontane.txt		Wu, 1979(45)	Calculated	γs = 31.4 mJ/m2; 20oC                             Calculated from liquid homologs.
kevlar_aramid.txt		Li, 1984(265)	Contact angle	θWA = 66.2o; no temp cited                      Kevlar fiber.
kevlar_aramid.txt		Carroll, 1976(216)	Contact angle	γs = 47 mJ/m2; no temp cited                    Test liquids not known. Kevlar fiber.
kevlar_aramid.txt		Li, 1984(265)	Contact angle	γs = 43.7 mJ/m2; no temp cited                  Test liquids: water and glycerol. Kevlar fiber.
kevlar_aramid.txt		Li, 1984(265)	Calculated	θWA = 61.2o; no temp cited                      Kevlar fiber; calculated by solidification front method.
kevlar_aramid.txt		Li, 1984(265)	Calculated	γs = 46.4 mJ/m2; no temp cited                  Kevlar fiber; calculated from solidification front method.
nafion.txt		Curtin, 2004(278)	Contact angle	θWA = 95o; 23oC, 50% RH                         Extruded NR112.
nafion.txt		Curtin, 2004(278)	Contact angle	θWA = 94o; 23oC, 50% RH                         Cast NR112.
nafion.txt		Curtin, 2004(278)	Contact angle	θWA = 85o; 23oC, 50% RH                         Extruded NR112, boiled before testing.
nafion.txt		Curtin, 2004(278)	Contact angle	θWA = 88o; 23oC, 50% RH                         Cast NR112, boiled before testing.
nitrocellulose.txt		Starov, 2007(281)	Contact angle	θWA = 67o, θWR = 46o, dθW = 21o;                  Nonporous nitrocellulose substrate. | no temp cited
nitrocellulose.txt		Starov, 2007(281)	Contact angle	θWA = 51o, θWR = 7o, dθW = 44o;                   Porous nitrocellulose membrane, average pore size 0.22 um. | no temp cited
nitrocellulose.txt		Starov, 2007(281)	Contact angle	θWA = 46o, θWR = 7o, dθW = 39o;                   Porous nitrocellulose membrane, average pore size 3.0 um. | no temp cited
nitrocellulose.txt		van Oss, 1987(1)	Contact angle	γs = 45.1 mJ/m2 (γsLW = 44.7, γ sAB = 0.4,        Test liquids not known; acid-base analysis, using advancing | γs+ = 0.003, γs- = 13.9); no temp cited           contact angle data
nitrocellulose.txt		Wu, 1989(273)	Contact angle	γs = 38 mJ/m2; 20oC                               Test liquids not known.
nitrocellulose.txt		van Oss, 1989(87)	Contact angle	γs = 45 mJ/m2 (γsLW = 45, γsAB = 0.0,             Test liquids not known; acid-base analysis. | γs+ = 0.0, γs- = 16); no temp cited
nitrocellulose.txt		Lee, 1999(116)	Contact angle	γs = 45.2 mJ/m2 (γsLW = 44.7, γ sAB = 0.5,        Test liquids: water, alpha-bromonaphthalene, diiodomethane, | γs+ = 0.01, γs- = 10.7); 20oC                     formamide, and glycerin; acid-base analysis, based on reference | values for water of γ+ = 34.2 mJ/m2 and γ- = 19 mJ/m2.
nylon11.txt		Fort, 1964(17)	Critical ST	γc = 33 mJ/m2; 22oC, 65% RH                     Test liquids: water, glycerol, and formamide.
nylon11.txt		Dann, 1970(94)	Critical ST	γc = 32 mJ/m2; 25oC                             Ethylene glycol/2-ethoxyethanol mixes, based on advancing | contact angles.
nylon11.txt		Dann, 1970(94)	Critical ST	γc = 43 mJ/m2; 25oC                             Ethylene glycol/2-ethoxyethanol mixes, based on retreating | contact angles.
nylon11.txt		Dann, 1970(94)	Critical ST	γc = 31.5 mJ/m2; 25oC                           Polyglycol blends, based on advancing contact angles.
nylon11.txt		Dann, 1970(94)	Critical ST	γc = 37 mJ/m2; 25oC                             Polyglycol blends, based on retreating contact angles.
nylon11.txt		Dann, 1970(94)	Critical ST	γc = 31 mJ/m2; 25oC                             Formamide/2-ethoxyethanol mixes, based on advancing | contact angles.
nylon11.txt		Dann, 1970(94)	Critical ST	γc = 37 mJ/m2; 25oC                             Formamide/2-ethoxyethanol mixes, based on retreating | contact angles.
nylon11.txt		Dann, 1970(94)	Critical ST	γc = 40 mJ/m2; 25oC                             Per ASTM D-2578, using formamide/2-ethoxyethanol mixes.
nylon11.txt		Fort, 1964(17)	Contact angle	θWA = 89o; 22oC, 65% RH
nylon11.txt		Dann, 1970(94)	Contact angle	θWA = 75o; 25oC                                 Sessile drop method; surface cleaned with detergent and rinsed | with distilled water.
nylon11.txt		Dann, 1970(94)	Contact angle	γsd = 40 mJ/m2; 25oC                            Various test liquids.
nylon11.txt		Sewell, 1971(193)	Calculated	γs = 34.0 mJ/m2; no temp cited                  Calculated from parachor and cohesive energy.
nylon12.txt		Pfluger, 1989(224)	Critical ST	γc = 31 mJ/m2; 23oC                              Test liquids not known.
nylon12.txt		Omenyi, 1981(178)	Contact angle	θWA = 66.5o; 22oC
nylon12.txt		Gotoh, 2000(172)	Contact angle	θWA = 73.7o; no temp cited                       Single fiber measured by Wilhelmy plate technique.
nylon12.txt		Extrand, 2002(143)	Contact angle	θWA = 77.0o; θWR = 56.5o, dθW = 20.5o;           Measured by sessile drop method; cleaned with hexane and | 23oC                                             dried under vacuum.
nylon12.txt		Omenyi, 1981(178)	Contact angle	γc = 43.2 mJ/m2; 23oC                            Test liquids not known; calculated by equation of state method.
nylon12.txt		Gotoh, 2000(172)	Contact angle	γs = 41.3 mJ/m2 (γsLW = 37.0, γsAB = 4.3,        Test liquids: water, diiodomethane, and ethylene glycol. Acid- | γs+ = 0.6, γs- = 7.6); no temp cited             base Wilhelmy plate analysis, advancing contact angles.
nylon12.txt		Wu, 2003(53)	Contact angle	γs = 35.8 mJ/m2 (γsd = 30.3, γsp = 5.5); 20oC    Test liquids not known.
nylon12.txt		Surface-tension.de, 2007(110)	Unknown	γs = 40.7 mJ/m2 (γsd = 35.9, γsp = 4.9); 20oC    No details available.
nylon66.txt		Ellison, 1954(13)	Critical ST	γc = 46 mJ/m 2; 20oC                       Test liquids not known.
nylon66.txt		Fox, 1954(204)	Critical ST	γc = 42.5 mJ/m2; no temp cited             Test liquids not known.
nylon66.txt		Fort, 1964(17)	Critical ST	γc = 42 mJ/m2; 22oC, 65% RH                Test liquids: water, glycerol, and formamide. Polymer samples | prepared by bulk melt polymerization and finish formed | in contact with aluminum foil.
nylon66.txt		Dann, 1970(94)	Critical ST	γc = 37.5 mJ/m2; 25oC                      Ethylene glycol/2-ethoxyethanol mixes, based on advancing | contact angles.
nylon66.txt		Dann, 1970(94)	Critical ST	γc = 49 mJ/m2; 25oC                        Ethylene glycol/2-ethoxyethanol mixes, based on retreating | contact angles.
nylon66.txt		Dann, 1970(94)	Critical ST	γc = 36.5 mJ/m2; 25oC                      Polyglycol blends, based on advancing contact angles.
nylon66.txt		Dann, 1970(94)	Critical ST	γc = 48 mJ/m2; 25oC                        Polyglycol blends, based on retreating contact angles.
nylon66.txt		Dann, 1970(94)	Critical ST	γc = 34 mJ/m2; 25oC                        Formamide/2-ethoxyethanol mixes, based on advancing | contact angles. | (d)
nylon66.txt		Dann, 1970(94)	Critical ST	γc = >56 mJ/m2; 25oC                       Formamide/2-ethoxyethanol mixes, based on retreating | contact angles. | (d)
nylon66.txt		Dann, 1970(94)	Critical ST	γc = >56 mJ/m2; 25oC                       Per ASTM D-2578, using formamide/2-ethoxyethanol mixes.
nylon66.txt		Van Krevelen, 1976(85)	Critical ST	γc = 44 mJ/m2; 23oC                        Test liquids not known.
nylon66.txt		Fort, 1964(17)	Contact angle	θWA = 73o; 22oC, 65% RH                    Polymer samples prepared by bulk melt polymerization and | finish formed in contact with aluminum foil.
nylon66.txt		Owens, 1969(155)	Contact angle	θWY = 72o; no temp cited
nylon66.txt		Dann, 1970(94)	Contact angle	θWA = 65o; 25oC                            Sessile drop method; surface cleaned with detergent and rinsed | with distilled water.
nylon66.txt		Wu, 1971(29)	Contact angle	θWY = 70o; 20oC
nylon66.txt		Absolom, 1979(179)	Contact angle	θWA = 70o; 20oC
nylon66.txt		Wu, 1982(50)	Contact angle	θWY = 72o; 20oC
nylon66.txt		Hsieh, 1992(230)	Contact angle	θWY = 61.4o; no temp cited                 Nylon fibers. | (d)
nylon66.txt		Jonsson, 1992(112)	Contact angle	θWY = 32o; no temp cited                   Cleaned by sonification in a 70/30 ethanol/water solution and | rinsed with distilled water.
nylon66.txt		Spelt, 1992(88)	Contact angle	θWA = 70o; 23oC
nylon66.txt		Extrand, 2002(143)	Contact angle	θWA = 68.5o; θWR = 40.9o, dθW = 27.6o;     Measured by sessile drop method; cleaned with hexane and | 23oC                                       dried under vacuum.
nylon66.txt		van Oss, 2006(20)	Contact angle	θWY = 64o; 20oC
nylon66.txt		Shafrin, 1963(201)	Contact angle	γs = 43.2 mJ/m2 (γsd = 34.1, γsp = 9.1);   Test liquids not known. | no temp cited
nylon66.txt		Owens, 1969(155)	Contact angle	γs = 47.0 mJ/m2 (γsd = 40.8, γsp = 6.2);   Test liquids: water and diiodomethane, by geometric mean | no temp cited                              equation.
nylon66.txt		Dann, 1970(94)	Contact angle	γsd = 47 mJ/m2; 25oC                       Various test liquids.
nylon66.txt		Wu, 1971(29)	Contact angle	γs = 47.9 mJ/m2 (γsd = 35.0, γsp = 12.9); 20oC    Test liquids: water and diiodomethane, by harmonic mean | equation.
nylon66.txt		Kitazaki, 1972(191)	Contact angle	γs = 46.5 mJ/m2 (γsd = 42.0, γsp = 4.5);          Various test liquids; original results split polar component into | no temp cited                                     hydrogen- and non-hydrogen bonding parameters.
nylon66.txt		Absolom, 1979(179)	Contact angle	γs = 44.1 mJ/m2; 20oC
nylon66.txt		Wu, 1979(45)	Contact angle	γs = 44.7 mJ/m2; 20oC                             Test liquids not known, by harmonic mean equation.
nylon66.txt		Wu, 1979(45)	Contact angle	γc = 43.8 mJ/m2; 20oC                             Test liquids not known; calculated by the equation of state | method.
nylon66.txt		Tagawa, 1989(232)	Contact angle	γs = 52.9 mJ/m2; no temp cited                    Test liquids: water and n-alkane; nylon fiber.
nylon66.txt		Berger, 1991(145)	Contact angle	γs = 41.6 mJ/m2 (γsd = 33.1; γsp = 8.5);          Various test liquids, by geometric mean equation. Surface | no temp cited                                     cleaned with dichloromethane.
nylon66.txt		Berger, 1991(145)	Contact angle	γs = 39.3 mJ/m2 (γsd = 31.7; γsp = 7.6);          Various test liquids, by geometric mean equation. 43% glass | no temp cited                                     reinforced; surface cleaned with dichloromethane.
nylon66.txt		Spelt, 1992(88)	Contact angle	γc = 41.4 mJ/m2; 23oC                             Test liquids not known; calculated by the equation of state | method.
nylon66.txt		van Oss, 2006(20)	Contact angle	γs = 37.7 mJ/m2 (γsLW = 36.4, γsAB = 1.3,         Test liquids: water, alpha-bromonaphthalene, diiodomethane, | γs+ = 0.02, γs- = 21.6); 20oC                     formamide, and glycerin; acid-base analysis.
nylon66.txt		Morra, 1999(134)	Contact angle	γs = 42.8 mJ/m2 (γsLW = 37.4, γsAB = 5.4,         Test liquids not known; acid-base analysis based on reference | γs+ = 3.0, γs- = 2.5); no temp cited              values for water of γ+ = 48.5 mJ/m2 and γ- = 11.2 mJ/m2.
nylon66.txt		Kwok, 2000(166)	Contact angle	γc = 41.5 mJ/m2; no temp cited                    Re-calculated by equation of state method from data produced | by Ellison, 1954(13).
nylon66.txt		Wu, 1971(41)	From polymer melt	γs = 46.5 mJ/m2 (γsd = 30.5, γsp = 16.0); 20oC    Direct measurement of polymer melt extrapolated to 20oC; | polarity calculated from interfacial tension with PE by | harmonic mean. Mn = 19,000.
nylon66.txt		Wu, 1968(182)	Calculated	γs = 46 mJ/m2; 20oC                               Calculated from molecular constitution.
nylon66.txt		Sewell, 1971(193)	Calculated	γs = 42.6 mJ/m2; no temp cited                    Calculated from parachor and cohesive energy.
nylon66.txt		Sewell, 1971(193)	Calculated	γs = 44.3 mJ/m2; no temp cited                    Calculated by least squares from cohesive energy and molar | volume.
nylon66.txt		Vargha-Butler, 1985(180)	Calculated	γs = 39.0 mJ/m2; 23oC                             Calculated from sedimentation volume.
nylon66.txt		Wu, 1982(50)	Calculated	θW = 62o; 20oC                                    Calculated from the theory of fractional polarity by geometric | mean equation.
nylon66.txt		Wu, 1982(50)	Calculated	θW = 72o; 20oC                                    Calculated from the theory of fractional polarity by harmonic | mean equation.
nylon66.txt		Wu, 1982(18)	Calculated	γs = 45.2 mJ/m2; 20oC                             Calculated from cohesive energy density and solubility | parameters.
nylon66.txt		Surface-tension.de, 2007(110)	Unknown	γs = 46.5 mJ/m2 (γsd = 32.5, γsp = 14); 20oC      No details available.
nylon6_polycaprolactum.txt		Fort, 1964(17)	Critical ST	γc = 42 mJ/m2; 22oC, 65% RH                        Test liquids: water, glycerol, and formamide. Polymer samples | prepared by bulk melt polymerization and finish formed | in contact with aluminum foil.
nylon6_polycaprolactum.txt		Van Krevelen, 1976(85)	Critical ST	γc = 43 mJ/m2; 23oC                                Test liquids not known.
nylon6_polycaprolactum.txt		Fort, 1964(17)	Contact angle	θWA = 70o; 22oC, 65% RH                            Polymer samples prepared by bulk melt polymerization and | finish formed in contact with aluminum foil.
nylon6_polycaprolactum.txt		Omenyi, 1981(178)	Contact angle	θWA = 60.5o; 22oC
nylon6_polycaprolactum.txt		Yasuda, 1988(173)	Contact angle	θWA = 63.1o-63.5o; no temp cited                   25.0% crystallinity.
nylon6_polycaprolactum.txt		Yasuda, 1988(173)	Contact angle	θWA = 61.9o-62.9o; no temp cited                   39.6% crystallinity.
nylon6_polycaprolactum.txt		Yasuda, 1988(173)	Contact angle	θWA = 62.3o; no temp cited                         46.1% crystallinity.
nylon6_polycaprolactum.txt		Extrand, 2002(143)	Contact angle	θWA = 69.2o; θWR = 42.4o, dθW = 26.8o; 23oC        Measured by sessile drop method; cleaned with hexane and | dried under vacuum.
nylon6_polycaprolactum.txt		Gotoh, 2004(92)	Contact angle	θW = 70.6 ; no temp cited | A        o | Measured by sessile drop method.
nylon6_polycaprolactum.txt		Omenyi, 1981(178)	Contact angle	γc = 46.6 mJ/m2; 22oC                              Test liquids not known; calculated by equation of state method.
nylon6_polycaprolactum.txt		Penn, 1981(306)	Contact angle	γs = 38.4 mJ/m2 (γsd = 31.2, γsp = 7.2); 20oC      Test liquids not known.
nylon6_polycaprolactum.txt		Schoff, 2003(263)	Contact angle	γs = 47 mJ/m2 (γsd = 35; γ sp = 12); no temp cited Test liquids not known, by geometric mean equation.
nylon6_polycaprolactum.txt		Gotoh, 2004(92)	Contact angle	γs = 45.3 mJ/m2 (γsLW = 42.5, γsAB = 2.8,          Test liquids: water, diiodomethane, and ethylene glycol; | γs+ = 0.2, γs- = 9.6); no temp cited               by sessile drop method; acid-base analysis.
nylon6_polycaprolactum.txt		Sewell, 1971(193)	Calculated	γs = 46.6 mJ/m2; no temp cited                     Calculated from parachor and cohesive energy.
nylon6_polycaprolactum.txt		Van Krevelen, 1976(85)	Calculated	γs = 47 mJ/m2; no temp cited                       Calculated from parachor parameter.
nylon6_polycaprolactum.txt		Wu, 1982(49)	Unknown	γs = 47.9 mJ/m ; 20 C | 2    o | Measurement method not cited; PE molded under nitrogen.
other_polymers.txt	Cellophane, CAS # 9005-81-6	Wu, 1989(273)	Contact angle	γs = 45.4 mJ/m2 (γsd = 29.8, γsp = 15.6); 20oC   Test liquids not known.
other_polymers.txt	CAB: Cellulose acetate butyrate, CAS # 9004-36-8	Wu, 1989(273)	Contact angle	γs = 34 mJ/m2; 20oC                              Test liquids not known.
other_polymers.txt	Cellulose triacetate, CAS # 9012-09-3	Wu, 1982(299)	Critical ST	γc = 48.8 mJ/m2; no temp cited                   Test liquids not known.
other_polymers.txt	Eicosane, CAS # 112-95-8	Wu, 1989(273)	From polymer melt	γs = 28.9 mJ/m2; 20oC                            Direct measurement of polymer melt extrapolated to 20oC. | C20H44; M = 282.
other_polymers.txt	Ethyl cellulose, CAS # 9004-57-3	Wu, 1989(273)	Contact angle	γs = 32 mJ/m2; 20oC                              Test liquids not known.
other_polymers.txt	Ethyl cellulose, CAS # 9004-57-3	Luner, 2001(144)	Contact angle	θWA = 84.5o; 20oC                                Measured by sessile drop method.
other_polymers.txt	Ethyl cellulose, CAS # 9004-57-3	Luner, 2001(144)	Contact angle	γs = 28.6 mJ/m2 (γsLW = 27.4, γ sAB = 1.2,       Test liquids: water, diiodomethane, formamide, and ethylene | γs+ = 0.04, γs- = 8.6); 20oC                     glycol. From advancing sessile drops.
other_polymers.txt	EMA: Ethyl methacrylate, CAS # 97-63-2	Good, 1998(276)	Contact angle	θWA = 74o; no temp cited
other_polymers.txt	EMA: Ethyl methacrylate, CAS # 97-63-2	Ko, 1981(103)	Contact angle	γs = 42.8 mJ/m2 (γsd = 39.1, γsp = 3.7);         Various test liquids, calculated from advancing contact angles, | no temp cited                                    using a geometric mean equation.
other_polymers.txt	EMA: Ethyl methacrylate, CAS # 97-63-2	Ko, 1981(103)	Contact angle	γs = 41.3 mJ/m2 (γsd = 38.5, γsp = 2.8);         Various test liquids; calculated from advancing contact angles, | no temp cited                                    using a harmonic mean equation.
other_polymers.txt	EPDM: Ethylene-propylene-diene-monomer, CAS # 25038-36-2	Bonnerup, 1993(7)	Contact angle	θWY = 91o, no temp cited                         Washed with toluene and isopropanol, then dried overnight.
other_polymers.txt	EPDM: Ethylene-propylene-diene-monomer, CAS # 25038-36-2	Bonnerup, 1993(7)	Contact angle	γs = 35.5 mJ/m2 (γsd = 29.7; γsp = 5.8);         Washed with toluene and isopropanol, then dried overnight. | no temp cited                                    Test liquids: water and diiodomethane.
other_polymers.txt	EPDM: Ethylene-propylene-diene-monomer, CAS # 25038-36-2	Ver Strate, 1999(285)	Unknown	γs = 29.4 - 36.8 mJ/m2; 20oC                     Value increases with ethene content.
other_polymers.txt	HEMA: 2-Hydroxyethyl methacrylate (ethylene glycol monoacrylate), CAS #867-77-9	Good, 1998(276)	Contact angle	θWA = 59o; no temp cited
other_polymers.txt	HEMA: 2-Hydroxyethyl methacrylate (ethylene glycol monoacrylate), CAS #867-77-9	Ko, 1981(103)	Contact angle	γs = 55.9 mJ/m2 (γsd = 35.9, γsp = 20.0);        Various test liquids; calculated from advancing contact angles, | no temp cited                                    using a geometric mean equation.
other_polymers.txt	HEMA: 2-Hydroxyethyl methacrylate (ethylene glycol monoacrylate), CAS #867-77-9	Ko, 1981(103)	Contact angle	γs = 57.6 mJ/m2 (γsd = 36.6, γsp = 21.0);        Various test liquids; calculated from advancing contact angles, | no temp cited                                    using a harmonic mean equation.
other_polymers.txt	Nylon 2 (polyglycine), CAS # 25718-94-9	Wu, 1989(273)	Contact angle	γs = 50.1 mJ/m2 (γsd = 27.9, γsp = 22.2); 20oC   Test liquids not known.
other_polymers.txt	Nylon 4, CAS # 24938-56-5	Wu, 2003(53)	Contact angle	γs = 48.5 mJ/m2 (γsd = 27.8, γsp = 20.7); 20oC   Test liquids not known; from advancing contact angle.
other_polymers.txt	Nylon 6,10, CAS # 9008-66-6	Omenyi, 1981(178)	Contact angle	θWA = 71.0o; 22oC
other_polymers.txt	Nylon 6,10, CAS # 9008-66-6	Omenyi, 1981(178)	Contact angle	γs = 40.5 mJ/m2; 22oC                            Test liquids not known.
other_polymers.txt	Nylon 6,12, CAS # 24936-74-1	Matsunaga, 1977(205)	Unknown	γs = 67 mJ/m2 (γsd = 62, γsp = 4.7);             No details available. | no temp cited
other_polymers.txt	Nylon 7,7	Fort, 1964(17)	Critical ST	γc = 43 mJ/m2; 22oC, 65% RH                      Test liquids: water, glycerol, and formamide. Polymer samples | prepared by bulk melt polymerization and finish formed | in contact with aluminum foil.
other_polymers.txt	Nylon 7,7	Fort, 1964(17)	Contact angle	θWA = 70o, 22oC; 65% RH                          Polymer samples prepared by bulk melt polymerization and | finish formed in contact with aluminum foil.
other_polymers.txt	Nylon 8,8	Fort, 1964(17)	Critical ST	γc = 34 mJ/m2; 22oC, 65% RH                      Test liquids: water, glycerol, and formamide. Polymer samples | prepared by bulk melt polymerization and finish formed | in contact with aluminum foil.
other_polymers.txt	Nylon 8,8	Fort, 1964(17)	Contact angle	θWA = 86o; 22oC, 65% RH                         Polymer samples prepared by bulk melt polymerization and | finish formed in contact with aluminum foil.
other_polymers.txt	Nylon 9,9	Fort, 1964(17)	Critical ST	γc = 36 mJ/m2; 22oC, 65% RH                     Test liquids: water, glycerol, and formamide. Polymer samples | prepared by bulk melt polymerization and finish formed | in contact with aluminum foil.
other_polymers.txt	Nylon 9,9	Fort, 1964(17)	Contact angle	θWA = 82o; 22oC, 65% RH                         Polymer samples prepared by bulk melt polymerization and | finish formed in contact with aluminum foil.
other_polymers.txt	Nylon 10,10	Fort, 1964(17)	Critical ST	γc = 32 mJ/m2; 22oC, 65% RH                     Test liquids: water, glycerol, and formamide. Polymer samples | prepared by bulk melt polymerization and finish formed | in contact with aluminum foil.
other_polymers.txt	Nylon 10,10	Fort, 1964(17)	Contact angle	θWA = 94o; 22oC, 65% RH                         Polymer samples prepared by bulk melt polymerization and | finish formed in contact with aluminum foil.
other_polymers.txt	Phenoxy resin, CAS # 26402-79-9	Wu, 1989(273)	Contact angle	γs = 43.0 mJ/m2; 20oC                           Details not known.
other_polymers.txt	Polyacetylene (polyethyne)	Guiseppe-Elie, 1986(77)	Contact angle	θWY = 72o; no temp cited                        Stored and tested under argon to avoid oxidation; 20% trans, | 80% cis-isomer polyacetylene.
other_polymers.txt	Polyacetylene (polyethyne)	Schonhorn, 1985(284)	Contact angle	γs = 51 mJ/m2 (γsd = 46.9, γsp = 4.1); 20oC     Test liquids not known; cis-isomer polyacetylene.
other_polymers.txt	Polyacetylene (polyethyne)	Schonhorn, 1985(284)	Contact angle	γs = 52 mJ/m2 (γsd = 49.4, γsp = 2.6); 20oC     Test liquids not known; trans-isomer polyacetylene. | Polyacrylamide, CAS # 9003-05-08
other_polymers.txt	Polyacetylene (polyethyne)	Jarvis, 1964(15)	Critical ST	γc = 31 mJ/m2; 25oC                             Various test liquids, not including water (testing performed | under N2).
other_polymers.txt	Polyacetylene (polyethyne)	Crocker, 1969(111)	Critical ST	γc = 35-40 mJ/m2; no temp cited                 Test liquids not known.
other_polymers.txt	Polyacetylene (polyethyne)	Kitazaki, 1972(191)	Contact angle	γs = 52.3 mJ/m2 (γsd = 26.5, γsp = 25.8);       Various test liquids; original results split polar component into | no temp cited                                   hydrogen- and non-hydrogen bonding parameters.
other_polymers.txt	Poly(L-alanine), CAS # 25191-17-7	Wu, 1989(273)	Contact angle	γs = 45.2 mJ/m2 (γsd = 36.0, γsp = 9.2); 20oC   Test liquids not known.
other_polymers.txt	Poly(benzyl methacrylate), CAS # 25085-83-0	Fox, 1952(11)	Critical ST	γc = 36 mJ/m2; 20oC                              Test liquids not known.
other_polymers.txt	PiBMA: Poly(iso-butyl methacrylate), CAS # 9011-15-8	Wu, 1971(29)	From polymer melt	γs = 30.9 mJ/m2 (γsd = 25.9, γsp = 5.0); 20oC    Measurement by pendant drop of polymer melt extrapolated | to 20oC; polarity calculated from interfacial tension with PE by | geometric mean equation.
other_polymers.txt	PiBMA: Poly(iso-butyl methacrylate), CAS # 9011-15-8	Wu, 1971(29)	From polymer melt	γs = 30.9 mJ/m2 (γsd = 26.6, γsp = 4.3); 20oC    Measurement by pendant drop of polymer melt extrapolated | to 20oC; polarity calculated from interfacial tension with PE by | harmonic mean. Mv = 35,000.
other_polymers.txt	Poly(butylene isophthalate)	Kasemura, 1979(295)	From polymer melt	γs = 47.8 mJ/m2 (γsd = 34.9, γsp = 12.9); 20oC   Direct measurement of polymer melt extrapolated to 20oC.
other_polymers.txt	PDES: Polydiethylsiloxane, CAS # 63148-61-8	Fox, 1947(44)	From polymer melt	γs = 25.7 mJ/m2 (γsd = 23.8, γsp = 1.9); 20oC    Measurement of polymer melt by ring method extrapolated to | 20oC.
other_polymers.txt	Poly(dimethylaminoethyl methacrylate)	Wu, 1989(273)	Contact angle	γs = 36 mJ/m2; 20oC                              Test liquids not known.
other_polymers.txt	PECH: Polyepichlorohydrin, CAS # 24969-06-0	Crocker, 1969(111)	Critical ST	γc = 35 mJ/m2; no temp cited                     Test liquids not known.
other_polymers.txt	PECH: Polyepichlorohydrin, CAS # 24969-06-0	Shafrin, 1975(297)	Critical ST	γc = 35 mJ/m2; 20oC                              Test liquids not known.
other_polymers.txt	PECH: Polyepichlorohydrin, CAS # 24969-06-0	Rastogi, 1969(42)	From polymer melt	γs = 43.2 mJ/m2; 25oC                            Measurement by pendant drop of polymer melt extrapolated | to 20oC. M = 1,500.
other_polymers.txt	PEI: Polyetherimide, CAS # 61128-46-9	Kogoma, 1987(66)	Contact angle	θWY = 85o; no temp cited
other_polymers.txt	PEI: Polyetherimide, CAS # 61128-46-9	Asfardjani, 1991(76)	Contact angle	θWY = 68o; no temp cited
other_polymers.txt	PES: Polyethersulfone, CAS # 25154-01-2	Kogoma, 1987(66)	Contact angle	θWY = 69.0o; no temp cited
other_polymers.txt	PES: Polyethersulfone, CAS # 25154-01-2	Cho, 2005(226)	Contact angle	θWY = 68o; no temp cited                        Measured by sessile drop method.
other_polymers.txt	PES: Polyethersulfone, CAS # 25154-01-2	Cho, 2005(226)	Contact angle	γs = 47 mJ/m2 (γsd = 40, γsp = 7);              Test liquids: water and formamide. | no temp cited
other_polymers.txt	PEHA: Poly(2-ethylhexyl acrylate), CAS # 9003-77-4	Wu, 1971(41)	Critical ST	γc = 31 mJ/m 2 (γsd = 30.1, γsp = 0.9); 20oC    Test liquids not known.
other_polymers.txt	PEHA: Poly(2-ethylhexyl acrylate), CAS # 9003-77-4	Wu, 1971(41)	From polymer melt	γs = 30.2 mJ/m2 (γsd = 29.4, γsp = 0.8); 20oC   Direct measurement of polymer melt extrapolated to 20oC; | polarity calculated from interfacial tension with PE by | harmonic mean. Mn = 34,000.
other_polymers.txt	PEHA: Poly(2-ethylhexyl acrylate), CAS # 9003-77-4	Wu, 1989(273)	From polymer melt	γs = 29.2 mJ/m2 (γsd = 27.1, γsp = 2.2); 20oC   Direct measurement of polymer melt extrapolated to 20oC.
other_polymers.txt	PEHMA: Poly(2-ethylhexyl methacrylate), CAS # 25719-51-1	Wu, 1971(41)	From polymer melt	γs = 28.8 mJ/m2; 20oC                           Direct measurement of polymer melt extrapolated to 20oC. | Mv = 64,000.
other_polymers.txt	Poly(heptadecafluorooctyl methacrylate)	Wu, 1989(273)	Contact angle	γs = 15.3 mJ/m2 (γsd = 13.9, γsp = 1.4); 20oC   Test liquids not known.
other_polymers.txt	Poly(heptafluoroisopropyl acrylate)	Pittman, 1968(294)	Contact angle	γs = 14 mJ/m2 ; 20oC                            Test liquids not known.
other_polymers.txt	Poly(heptafluoroisopropyl methacrylate)	Pittman, 1968(294)	Contact angle	γs = 15 mJ/m2 ; 20oC                            Test liquids not known.
other_polymers.txt	Poly(hexachlorobutadiene)	Kaelble, 1974(292)	Contact angle	γs = 41.5 mJ/m2 (γsd = 40.7, γsp = 0.8); 20oC   Test liquids not known.
other_polymers.txt	PnHMA: Poly(hexyl methacrylate), CAS # 25087-17-6	Kamagata, 1974(301)	Critical ST	γc = 27.5 mJ/m2; 20oC                           Test liquids not known.
other_polymers.txt	PnHMA: Poly(hexyl methacrylate), CAS # 25087-17-6	Wu, 1971(41)	From polymer melt	γs = 30.0 mJ/m2 (γsd = 28.1, γsp = 1.9); 20oC   Direct measurement of polymer melt extrapolated to 20oC. | Mv = 52,000.
other_polymers.txt	PnHMA: Poly(hexyl methacrylate), CAS # 25087-17-6	Surface-tension.de, 2007(110)	Unknown	γs = 30.0 mJ/m2 (γsd = 27.0, γsp = 3.0); 20oC   No details available.
other_polymers.txt	Poly(2-hydroxyethyl methacrylate), CAS # 24249-16-5	Wu, 1971(41)	Critical ST	γc = 37 mJ/m2; 20oC              Test liquids not known.
other_polymers.txt	Poly(isoprene), CAS # 9003-31-0	Lee, 1967(221)	Contact angle	γs = 32 mJ/m2; no temp cited     Test liquids not known; cis-isomer polyisoprene.
other_polymers.txt	Poly(isoprene), CAS # 9003-31-0	Lee, 1967(221)	Contact angle	γs = 31 mJ/m2; no temp cited     Test liquids not known; trans-isomer polyisoprene.
other_polymers.txt	Poly(isoprene), CAS # 9003-31-0	Lee, 1967(221)	Contact angle	γs = 34 mJ/m2; no temp cited     Test liquids not known; cyclized polyisoprene.
other_polymers.txt	Poly(lauryl methacrylate) (poly(dodecyl methacrylate)), CAS # 25719-52-2	Kamagata, 1974(301)	Critical ST	γc = 21.3 mJ/m2; 20oC            Test liquids not known.
other_polymers.txt	Poly(lauryl methacrylate) (poly(dodecyl methacrylate)), CAS # 25719-52-2	Wu, 1989(273)	Contact angle	γs = 32.8 mJ/m2; 20oC            Test liquids not known.
other_polymers.txt	Poly(4-methyl pentene-1)	Heggs, 1992(287)	Contact angle	γs = 25 mJ/m2; 20oC              Test liquids not known.
other_polymers.txt	PMS: Poly(α -methyl styrene), CAS # 25014-31-7	Hata, 1968(37)	From polymer melt	γs = 38.7 mJ/m2; 20oC            Measurement by sessile bubble of polymer melt extrapolated | to 20oC. Mn = 3000.
other_polymers.txt	Polymethylphenylsiloxane, CAS # 9005-12-3	Fox, 1947(44)	From polymer melt	γs = 26.1 mJ/m2; 20oC            Measurement by ring method extrapolated to 20oC.
other_polymers.txt	Poly(methylphenylsilylene)	Fujisaka, 1993(288)	Unknown	γs = 43.3 mJ/m2; no temp cited   Details not known.
other_polymers.txt	Poly(methylphenylsilylene)	Fujisaka, 1993(288)	Unknown	γs = 44.1 mJ/m2; no temp cited   Details not known.
other_polymers.txt	Poly(nonafluoroisobutyl acrylate)	Pittman, 1968(294)	Contact angle	γs = 14 mJ/m2; 20oC              Test liquids not known.
other_polymers.txt	Poly(octyl methacrylate)	Kamagata, 1974(301)	Critical ST	γc = 23.5 mJ/m2; 20oC            Test liquids not known.
other_polymers.txt	Poly(phenyl methacrylate)	Toyama, 1974(302)	Critical ST	γc = 35 mJ/m2; 20oC                              Test liquids not known.
other_polymers.txt	PPO: Poly(phenylene oxide), CAS # 25134-01-4	Markgraf, 2005(62)	Critical ST	γc = 47 mJ/m2; no temp cited                     Test liquids not known.
other_polymers.txt	PPO: Poly(phenylene oxide), CAS # 25134-01-4	Schoff, 2003(263)	Contact angle	γs = 46 mJ/m2 (γsd = 36; γsp = 10);              Test liquids not known; by geometric mean equation. | no temp cited                                    Noryl FN215.
other_polymers.txt	Poly(phosphazene)	Allcock, 1995(289)	Critical ST	γc = 16.5 mJ/m2; no temp cited                   Test liquids not known; by Zisman plot.
other_polymers.txt	Poly(phosphazene)	Allcock, 1995(289)	Contact angle	γs = 16 mJ/m2; no temp cited                     Test liquids not known.
other_polymers.txt	Poly(phosphazene)	Reichert, 1982(290)	Contact angle	γs = 14.4 - 16.5 mJ/m2; no temp cited            Test liquids not known; measured after exposure to prolonged | UV irradiation.
other_polymers.txt	PnPMA: Poly(n-propyl methacrylate), CAS # 2210-79-9	Wu, 1971(41)	Critical ST	γc = 32 mJ/m2; 20oC                              Test liquids not known.
other_polymers.txt	PnPMA: Poly(n-propyl methacrylate), CAS # 2210-79-9	Wu, 1971(41)	From polymer melt	γs = 33.2 mJ/m2; 20oC                            Direct measurement of polymer melt extrapolated to 20oC. | Mv = 8500.
other_polymers.txt	Poly(propylene isophthalate)	Kasemura, 1979(295)	From polymer melt	γs = 49.3 mJ/m2 (γsd = 35.1, γsp = 14.2); 20oC   Direct measurement of polymer melt extrapolated to 20oC.
other_polymers.txt	Poly(stearyl methacrylate), CAS # 25639-21-8	Kamagata, 1974(301)	Critical ST	γc = 20.8 mJ/m2; 20oC                            Test liquids not known.
other_polymers.txt	Poly(stearyl methacrylate), CAS # 25639-21-8	Wu, 2003(53)	Contact angle	γs = 36.3 mJ/m2; 20oC                            Test liquids not known.
other_polymers.txt	PTHF: Poly(tetrahydrofuran), CAS # 25190-06-1	Wu, 1971(29)	From polymer melt	γs = 31.9 mJ/m2 (γsd = 27.4, γsp = 4.5); 20oC    Measurement by pendant drop of polymer melt extrapolated | to 20oC; polarity calculated from interfacial tension with PE by | geometric mean equation.
other_polymers.txt	PTHF: Poly(tetrahydrofuran), CAS # 25190-06-1	Wu, 1971(29)	From polymer melt	γs = 31.9 mJ/m2 (γsd = 27.0, γsp = 4.9); 20oC    Measurement by pendant drop of polymer melt extrapolated | to 20oC; polarity calculated from interfacial tension with PE by | harmonic mean.
other_polymers.txt	Poly(tetramethylene oxide)	Wu, 1982(18)	Calculated	γs = 33.7 mJ/m2; 20oC                           Calculated from cohesive energy density and solubility | parameters.
other_polymers.txt	Poly(tetramethylene oxide)	Surface-tension.de, 2007(110)	Unknown	γs = 31.9 mJ/m2 (γsd = 27.4, γsp = 4.5); 20oC   No details available.
other_polymers.txt	Poly(vinyl butyral), CAS # 63148-65-2	Kutsch, 1993(102)	Critical ST	γc = 28 mJ/m2; no temp cited                    Test liquids not known.
other_polymers.txt	Poly(vinyl butyral), CAS # 63148-65-2	Wu, 1971(41)	Contact angle	γs = 38 mJ/m2; 20oC                             Test liquids not known.
other_polymers.txt	Poly(vinyl butyrate)	Wu, 1989(273)	From polymer melt	γs = 31.1 mJ/m2 (γsd = 25.8, γsp = 5.3); 20oC   Direct measurement of polymer melt extrapolated to 20oC.
other_polymers.txt	Poly(vinyl decanoate)	Wu, 1989(273)	From polymer melt	γs = 28.9 mJ/m2 (γsd = 27.1, γsp = 1.8); 20oC   Direct measurement of polymer melt extrapolated to 20oC.
other_polymers.txt	Poly(vinyl dodecanoate)	Wu, 1989(273)	From polymer melt	γs = 29.1 mJ/m2 (γsd = 27.8, γsp = 1.3); 20oC   Direct measurement of polymer melt extrapolated to 20oC.
other_polymers.txt	Poly(vinyl ethyl ether) (polyethoxyethylene), CAS # 25104-37-4	Kitazaki, 1972(293)	Contact angle	γs = 36 mJ/m2; 20oC                             Test liquids not known.
other_polymers.txt	Poly(vinyl formal), CAS # 63450-15-7	Shafrin, 1975(297)	Critical ST	γc = 39 mJ/m2; 20oC                             Test liquids not known.
other_polymers.txt	Poly(vinyl hexadecanoate)	Wu, 1989(273)	From polymer melt	γs = 30.9 mJ/m2 (γsd = 29.8, γsp = 1.1); 20oC   Direct measurement of polymer melt extrapolated to 20oC.
other_polymers.txt	Poly(vinyl hexanoate)	Wu, 1989(273)	From polymer melt	γs = 28.9 mJ/m2 (γsd = 25.1, γsp = 3.8); 20oC   Direct measurement of polymer melt extrapolated to 20oC.
other_polymers.txt	Poly(vinyl octanoate)	Wu, 1989(273)	From polymer melt	γs = 28.7 mJ/m2 (γsd = 26.5, γsp = 2.2); 20oC     Direct measurement of polymer melt extrapolated to 20oC.
other_polymers.txt	Poly(vinyl proprionate), CAS # 25035-84-1	Wu, 1989(273)	From polymer melt	γs = 34.0 mJ/m2 (γsd = 26.5, γsp = 7.5); 20oC     Direct measurement of polymer melt extrapolated to 20oC.
other_polymers.txt	PVP: Poly(vinyl pyrrolidone), CAS # 9003-39-8	Lee, 1999(116)	Contact angle	γs = 48.5 mJ/m2 (γsLW = 43.4, γsAB = 5.1,         Test liquids water, alpha-bromonaphthalene, diiodomethane, | γs+ = 0.4, γs- = 15.3); 20oC                      formamide, and glycerin; acid-base analysis, based on reference | values for water of γ+ = 34.2 mJ/m2 and γ- = 19 mJ/m2.
other_polymers.txt	PVP: Poly(vinyl pyrrolidone), CAS # 9003-39-8	van Oss, 2006(26)	Contact angle	γs = 43.4 mJ/m2 (γsLW = 43.4, γsAB = 0.0,         Test liquids water, alpha-bromonaphthalene, diiodomethane, | γs+ = 0.0, γs- = 29.7); 20oC                      formamide, and glycerin; acid-base analysis.
other_polymers.txt	Poly(xylylene) (parylene)	Nowlin, 1980(291)	Contact angle	γs = 46.3 mJ/m2 (γsd = 45.7; γsp = 0.6); 20oC     Test liquids not known.
paraffin.txt		Fox, 1952(11)	Critical ST	γc = 23 mJ/m2; 20oC                               Various test liquids.
paraffin.txt		Fox, 1952(11)	Contact angle	θWY = 108o; 20oC                                  Surface formed by pressing softened paraffin against acid | cleaned plate glass.
paraffin.txt		Dann, 1970(94)	Contact angle	θWA = 110o; 25oC                                  Measured by sessile drop method.
paraffin.txt		Janczuk, 1989(106)	Contact angle	θWY = 110.6o; 20oC
paraffin.txt		McNally, 1993(5)	Contact angle	θWA = 107o, θWR = 96o, dθW = 11o; 25oC
paraffin.txt		Fowkes, 1965(274)	Contact angle	γs = 25.5 mJ/m2; 20oC                             Test liquids not known.
paraffin.txt		Wu, 1971(29)	Contact angle	γs = 25.4 mJ/m2 (γsd = 25.4, γsp = 0.0); 20oC     Test liquids: water and diiodomethane, by geometric mean | equation.
paraffin.txt		Wu, 1971(29)	Contact angle	γs = 31.0 mJ/m2 (γsd = 31.0, γsp = 0.0); 20oC     Test liquids: water and diiodomethane, by harmonic mean | equation.
paraffin.txt		Kitazaki, 1972(191)	Contact angle	γs = 24.4 mJ/m2 (γsd = 24.4, γsp = 0.0);          Various test liquids; original results split polar component into | no temp cited                                     hydrogen- and non-hydrogen bonding parameters.
paraffin.txt		Wu, 1979(45)	Contact angle	γc = 32.0 mJ/m2; 20oC                             Test liquids not known; calculated by the equation of state | method.
paraffin.txt		Janczuk, 1988(107)	Contact angle	γs = 25.1 mJ/m2 (γsd = 25.1; γsp = 0.0);          Various test liquids, by geometric mean equation. | no temp cited
paraffin.txt		Janczuk, 1989(108)	Contact angle	γs = 27.6 mJ/m2 (γsd = 27.6; γsp = 0.0);          Various test liquids, by harmonic-geometric mean equation. | no temp cited
paraffin.txt		Janczuk, 1989(108)	Contact angle	γs = 28.7 mJ/m2 (γsd = 28.7; γsp = 0.0);          Various test liquids, by harmonic mean equation. | no temp cited
paraffin.txt		Janczuk, 1990(105)	Contact angle	γs = 22.2 mJ/m2; no temp cited                    Test liquids: water and diiodomethane.
paraffin.txt		Janczuk, 1990(105)	Contact angle	γs = 27.0 mJ/m2; no temp cited                    Averaged over 28 test liquids.
paraffin.txt		Della Volpe, 2000(163)	Contact angle	γs = 28.6 mJ/m2; no temp cited                    Re-calculated from data produced by Janczuk, 1990(105).
paraffin.txt		Kwok, 2000(166)	Contact angle	γc = 19.3 mJ/m2; no temp cited                    Re-calculated by equation of state method from data produced | by Fox, 1952(11).
paraffin.txt		Wu, 1971(29)	From polymer melt	γs = 35.0 mJ/m2; 20oC                             Direct measurement of polymer melt extrapolated to 20oC.
paraffin.txt		Wu, 1989(273)	From polymer melt	γs = 34.7 mJ/m2 (γsd = 34.7; γsp = 0.0); 20oC     Direct measurement of polymer melt extrapolated to 20oC; | melting point 65oC.
pctfe.txt		Fox, 1952(12)	Critical ST	γc = 31 mJ/m2; 20oC                              Test liquids not known.
pctfe.txt		Lee, 1968(131)	Critical ST	γc = 31 mJ/m2; no temp cited                     Test liquids: water, glycerol, formamide, alcohols, and long- | chain polyglycols.
pctfe.txt		Wu, 1971(29)	Contact angle	θWY = 90o; 20oC
pctfe.txt		Bee, 1993(4)	Contact angle	θWA = 104o, θWR = 67o, dθW = 37o; | no temp cited
pctfe.txt		Bee, 1993(214)	Contact angle	θWA = 104o, θWR = 77o, dθW = 27o; | no temp cited
pctfe.txt		Wu, 1971(29)	Contact angle	γs = 27.5 mJ/m2 (γsd = 23.9, γsp = 3.6); 20oC    Test liquids: water and diiodomethane, by geometric mean | equation.
pctfe.txt		Wu, 1971(29)	Contact angle	γs = 30.1 mJ/m2 (γsd = 21.6, γsp = 8.5); 20oC    Test liquids: water and diiodomethane, by harmonic mean | equation.
pctfe.txt		Wu, 1979(45)	Contact angle	γc = 32.1 mJ/m2; 20oC                            Test liquids not known, calculated by the equation of state | method.
pctfe.txt		Kwok, 2000(166)	Contact angle	γc = 28.9 mJ/m2; no temp cited                   Re-calculated by equation of state method from data produced | by Fox, 1952(12).
pctfe.txt		Schonhorn, 1966(39)	From polymer melt	γs = 30.9 mJ/m2 (γsd = 22.2, γsp = 8.7); 20oC    Measurement by capillary height of polymer melt extrapolated | to 20oC; polarity calculated from interfacial tension with PE by | harmonic mean. Mn = 1280.
pctfe.txt		Wu, 1971(29)	From polymer melt	γs = 31.1 mJ/m2; 20oC                            Direct measurement of polymer melt extrapolated to 20oC.
pctfe.txt		Good, 1964(16)	Calculated	γs = 38.0 mJ/m2; 20oC                            Estimated from molecular constants, using u = 1.2 debyes.
pctfe.txt		Lee, 1968(131)	Calculated	γs = 26 mJ/m2; no temp cited                     Calculated from glass temperature of 318K.
pctfe.txt		Wu, 1968(182)	Calculated	γs = 31 mJ/m2; 20oC                              Calculated from molecular constitution.
pet.txt		Ellison, 1954(13)	Critical ST	γc = 43 mJ/m 2; 20oC                         Test fluids not known.
pet.txt		Dann, 1970(94)	Critical ST	γc = 32 mJ/m2; 25oC                          Ethylene glycol/2-ethoxyethanol mixes, based on advancing | contact angles.
pet.txt		Dann, 1970(94)	Critical ST	γc = 32 mJ/m2; 25oC                          Ethylene glycol/2-ethoxyethanol mixes, based on retreating | contact angles.
pet.txt		Dann, 1970(94)	Critical ST	γc = 36.5 mJ/m2; 25oC                        Polyglycol blends, based on advancing contact angles.
pet.txt		Dann, 1970(94)	Critical ST	γc = 44 mJ/m2; 25oC                          Polyglycol blends, based on retreating contact angles.
pet.txt		Dann, 1970(94)	Critical ST	γc = 31 mJ/m2; 25oC                          Formamide/2-ethoxyethanol mixes, based on advancing | contact angles.
pet.txt		Dann, 1970(94)	Critical ST	γc = 43 mJ/m2; 25oC                          Formamide/2-ethoxyethanol mixes, based on retreating | contact angles.
pet.txt		Dann, 1970(94)	Critical ST	γc = 46 mJ/m2; 25oC                          Per ASTM D-2578, using formamide/2-ethoxyethanol mixes.
pet.txt		Markgraf, 2005(62)	Critical ST	γc = 41-44 mJ/m2; no temp cited              Test liquids not known.
pet.txt		Owens, 1969(155)	Contact angle	θWY = 76o; no temp cited
pet.txt		Dann, 1970(94)	Contact angle	θWA = 71o; 25oC                              Sessile drop method; surface cleaned with detergent and rinsed | with distilled water.
pet.txt		Wu, 1971(29)	Contact angle	θWY = 81o; 20oC
pet.txt		Leclerq, 1977(132)	Contact angle	θWA = 65.5o, θWR = 56.5o, dθW = 9.0o; 20oC   Surface cleaned with ethanol.
pet.txt		Wu, 1982(27)	Contact angle	θWA = 82o, θWR = 54o, dθW = 28o; 20oC
pet.txt		Winters, 1985(184)	Contact angle	θWY = 69o; no temp cited                     Mylar.
pet.txt		Kogoma, 1987(66)	Contact angle	θWY = 70o; no temp cited
pet.txt		Ivanov, 1987(67)	Contact angle	θWY = 70o; no temp cited
pet.txt		Yasuda, 1988(173)	Contact angle	θWA = 62.2o-63.8o; no temp cited             25.4% crystallinity.
pet.txt		Yasuda, 1988(173)	Contact angle	θWA = 63.7o-64.9o; no temp cited             37.7% crystallinity.
pet.txt		Yasuda, 1988(173)	Contact angle	θWA = 67.0o-67.1o; no temp cited             50.7% crystallinity.
pet.txt		Janczuk, 1989(106)	Contact angle	θWY = 76.5o; 20oC                            Cleaned with detergent and ultrasonically rinsed with distilled | water.
pet.txt		Dewez, 1991(78)	Contact angle	θWY = 66o; no temp cited
pet.txt		Jonsson, 1992(112)	Contact angle	θWY = 60o; no temp cited                     Cleaned by sonification in a 70/30 ethanol/water solution and | rinsed with distilled water.
pet.txt		Li, 1992(176)	Contact angle	θWA = 79.1o; 21oC
pet.txt		Strobel, 1993(3)	Contact angle	θWA = 70o, θ WR = 53o, dθW = 17o; 20oC
pet.txt		Wallace, 1993(80)	Contact angle	θWA = 74o, θ WR = 51o, dθW = 23o; 25oC
pet.txt		Strobel, 1996(95)	Contact angle	θWA = 70o, θWR = 53o, dθW = 17o;             Measured by sessile drop method. | no temp cited
pet.txt		Della Volpe, 1997(149)	Contact angle	θWA = 81o; 25oC                              From uncited literature value. | no temp cited
pet.txt		Hsieh, 1998(228)	Contact angle	θWY = 75.8o; no temp cited                       Regular denier PET fabric.
pet.txt		Hsieh, 1998(228)	Contact angle	θWY = 75.5o; no temp cited                       Microdenier PET fabric.
pet.txt		Hsieh, 1998(228)	Contact angle	θWY = 63.9o; no temp cited                       Sulfonated PET fabric.
pet.txt		V. de Vasconcelos, 1999(213)	Contact angle	θWA = 69.4o, θWR = 67.7o, dθ W = 1.7o;           Measured by sessile drop method; commercial grade PET film.
pet.txt		Johansson, 2000(101)	Contact angle	θWA = 65o; no temp cited
pet.txt		B.-Petermann, 2003(139)	Contact angle	θWY = 74o; 20oC                                  Measured by sessile drop method. Roll-coated polymer topcoat | applied to carbon steel; surface degreased with ethanol, cleaned | with detergent, and rinsed in distilled water.
pet.txt		Inagaki, 2004(58)	Contact angle	θWY = 73o; no temp cited
pet.txt		Gotoh, 2004(92)	Contact angle	θWA = 83.8o; no temp cited                       Measured by sessile drop method.
pet.txt		Gotoh, 2004(92)	Contact angle	θWA = 83.1o; θWR = 51.8o, dθW = 31.5o;           Measured by Wilhelmy plate method. | no temp cited
pet.txt		Cho, 2005(226)	Contact angle	θWY = 63o; no temp cited                         Measured by sessile drop method.
pet.txt		Johansson, 2006(138)	Contact angle	θWA = 70o; no temp cited                         Ultrasonically cleaned in isopropanol and rinsed with ethanol.
pet.txt		Leroux, 2006(56)	Contact angle	θWY = 80o; no temp cited                         Contact angle on woven and nonwoven textile structures.
pet.txt		Gao, 2007(59)	Contact angle	θWA = 82o, θWR = 49o, dθW = 33o; no temp cited   Commercial polyester film; water tested at 72.3 mJ/m2.
pet.txt		Shafrin, 1963(201)	Contact angle	γs = 41.3 mJ/m2 (γsd = 37.8, γsp = 3.5);         Test liquids not known. | no temp cited
pet.txt		Owens, 1969(155)	Contact angle	γs = 47.3 mJ/m2 (γsd = 43.2, γ sp =4.1);         Test liquids: water and diiodomethane. | no temp cited
pet.txt		Dann, 1970(94)	Contact angle	γsd = 43 mJ/m2; 25oC                             Various test liquids.
pet.txt		Wu, 1971(29)	Contact angle	γs = 41.3 mJ/m2 (γsd = 38.0; γsp = 3.3); 20oC    Test liquids: water and diiodomethane, by geometric mean | equation.
pet.txt		Wu, 1971(29)	Contact angle	γs = 42.1 mJ/m2 (γsd = 32.8; γsp = 9.3); 20oC    Test liquids: water and diiodomethane, by harmonic mean | equation.
pet.txt		Kitazaki, 1972(191)	Contact angle	γs = 43.8 mJ/m2 (γsd = 42.7, γsp = 1.1);         Various test liquids; original results split polar component into | no temp cited                                    hydrogen- and non-hydrogen bonding parameters.
pet.txt		Wu, 1979(45)	Contact angle	γc = 44.0 mJ/m2; 20oC                            Test liquids not known. Calculated by the equation of state | method.
pet.txt		Janczuk, 1989(106)	Contact angle	γs = 42.4 mJ/m2 (γsd = 37.0; γsp = 5.3);         Various test liquids, by geometric mean equation. | no temp cited
pet.txt		Janczuk, 1989(108)	Contact angle	γs = 42.6 mJ/m2 (γsd = 36.7; γsp = 5.9);         Various test liquids, by harmonic-geometric mean equation. | no temp cited
pet.txt		Janczuk, 1989(108)	Contact angle	γs = 44.2 mJ/m2 (γsd = 33.0; γsp =11.3);         Various test liquids, by harmonic mean equation. | no temp cited
pet.txt		Janczuk, 1990(105)	Contact angle	γs = 41.1 mJ/m2; no temp cited                   Test liquids: water and diiodomethane.
pet.txt		Janczuk, 1990(105)	Contact angle	γs = 40.5 mJ/m2; no temp cited                   Averaged over 28 test liquids.
pet.txt		Tagawa, 1990(229)	Contact angle	γs = 40.0 mJ/m2 (γsd = 28.3; γsp = 11.7);        Test liquids: water and n-alkane; PET fabric. | no temp cited
pet.txt		Lavielle, 1991(133)	Contact angle	γs = 50.1 mJ/m2 (γsd = 40.9; γsp = 9.2);         Sample immersed in water, with alkane droplets deposited on | no temp cited                                    immersed surface.
pet.txt		Li, 1992(176)	Contact angle	γs = 36.0 mJ/m2; 21oC                             Test liquids not known.
pet.txt		Bonnerup, 1993(7)	Contact angle	γs = 36.6 mJ/m2 (γsd = 30.1; γsp = 6.5);          Test liquids: water and diiodomethane; washed with toluene | no temp cited                                     and isopropanol, then dried overnight.
pet.txt		Della Volpe, 1997(149)	Contact angle	γs = 44.8 mJ/m2 (γsLW = 40.6, γsAB = 2.3,         Test liquids not known; acid-base analysis from uncited | γs+ = 0.4, γs- = 2.9); no temp cited              literature data.
pet.txt		V. de Vasconcelos, 1999(213)	Contact angle	γs = 49.8 mJ/m2 (γsd = 43.9; γsp = 6.0);          Test liquids: water and alpha-bromonaphthalene. Commercial | no temp cited                                     PET film.
pet.txt		Kwok, 2000(166)	Contact angle	γc = 35.2 mJ/m2; no temp cited                    Re-calculated by equation of state method from data produced | by Ellison, 1954(13).
pet.txt		B.-Petermann, 2003(139)	Contact angle	γs = 43.6 mJ/m2 (γsd = 38.2; γsp = 5.4);          Test liquids: water, diiodomethane, and formamide, measured | 20oC                                              by sessile drop method. Roll-coated polymer topcoat applied | to carbon steel; surface degreased with ethanol, cleaned | with detergent, and rinsed in distilled water.
pet.txt		Gotoh, 2004(92)	Contact angle	γs = 45.9 mJ/m2 (γsLW = 44.6, γsAB = 1.3,         Test liquids water, diiodomethane, and ethylene glycol. By | γs+ = 0.1, γs- = 4.4); no temp cited              sessile drop method; acid-base analysis.
pet.txt		Cho, 2005(226)	Contact angle	γs = 45 mJ/m2 (γsd = 32, γ sp = 13);              Test liquids: water and formamide. | no temp cited
pet.txt		Morelock, 2007(54)	Contact angle	γs = 43.9 mJ/m2; no temp cited                    Test liquid: water.
pet.txt		Wu, 1971(41)	From polymer melt	γs = 44.6 mJ/m2 (γsd = 34.7; γsp = 9.9); 20oC     Direct measurement of polymer melt extrapolated to 20oC; | polarity calculated from interfacial tension with PE by | harmonic mean. Mn = 25,000.
pet.txt		Lee, 1968(131)	Calculated	γs = 44 mJ/m2; no temp cited                      Calculated from glass temperature of 342K.
pet.txt		Wu, 1968(182)	Calculated	γs = 50 mJ/m2; 20oC                               Calculated from molecular constitution.
pet.txt		Sewell, 1971(193)	Calculated	γs = 43.9 mJ/m2; no temp cited                    Calculated from parachor and cohesive energy.
pet.txt		Sewell, 1971(193)	Calculated	γs = 52.1 mJ/m2; no temp cited                    Calculated by least squares from cohesive energy and molar | volume.
pet.txt		Van Krevelen, 1976(85)	Calculated	γs = 49 mJ/m2; no temp cited                      Calculated from parachor parameter.
pet.txt		Wu, 1982(50)	Calculated	θW = 70o; 20oC                                    Calculated from the theory of fractional polarity by geometric | mean equation.
pet.txt		Wu, 1982(50)	Calculated	θW = 81o; 20oC                                    Calculated from the theory of fractional polarity by harmonic | mean equation.
pet.txt		Wu, 1982(18)	Calculated	γs = 41.1 mJ/m2; 20oC                             Calculated from cohesive energy density and solubility | parameters. | (d) | Mangipudi, 1994(270)      Other               γs = 61 mJ/m2; no temp cited                      Measured by contact deformation per Johnson-Kendall-Roberts | method.
pet.txt		Surface-tension.de, 2007(110)	Unknown	γs = 44.6 mJ/m2 (γsd = 35.6, γsp = 9); 20oC       No details available.
pmma_polymethylmethacrylate.txt		Jarvis, 1964(15)	Critical ST	γc = 39 mJ/m2; 25oC                      Various test liquids.
pmma_polymethylmethacrylate.txt		Lee, 1968(131)	Critical ST	γc = 38 mJ/m2; no temp cited             Test liquids: water, glycerol, formamide, alcohols, and long- | chain polyglycols.
pmma_polymethylmethacrylate.txt		Dann, 1970(94)	Critical ST	γc = 30.5 mJ/m2; 25oC                    Ethylene glycol/2-ethoxyethanol mixes, based on advancing | contact angles.
pmma_polymethylmethacrylate.txt		Dann, 1970(94)	Critical ST	γc = 39 mJ/m2; 25oC                      Ethylene glycol/2-ethoxyethanol mixes, based on retreating | contact angles.
pmma_polymethylmethacrylate.txt		Dann, 1970(94)	Critical ST	γc = 31.5 mJ/m2; 25oC                    Polyglycol blends, based on advancing contact angles.
pmma_polymethylmethacrylate.txt		Dann, 1970(94)	Critical ST	γc = 37 mJ/m2; 25oC                      Polyglycol blends, based on retreating contact angles.
pmma_polymethylmethacrylate.txt		Dann, 1970(94)	Critical ST	γc = 30 mJ/m2; 25oC                      Formamide/2-ethoxyethanol mixes, based on advancing | contact angles.
pmma_polymethylmethacrylate.txt		Dann, 1970(94)	Critical ST	γc = 41 mJ/m2; 25oC                      Formamide/2-ethoxyethanol mixes, based on retreating | contact angles.
pmma_polymethylmethacrylate.txt		Dann, 1970(94)	Critical ST	γc = 45 mJ/m2; 25oC                      Per ASTM D-2578, using formamide/2-ethoxyethanol mixes.
pmma_polymethylmethacrylate.txt		Jarvis, 1964(15)	Contact angle	θWA = 94o; 25oC, 15-30% RH               Polymer surface prepared by solvent evaporation.
pmma_polymethylmethacrylate.txt		Jarvis, 1964(15)	Contact angle	θWA = 80o; 25oC, 15-30% RH               Smooth surface prepared by pressing polymer powder against | stainless steel at 150oC.
pmma_polymethylmethacrylate.txt		Dann, 1970(94)	Contact angle	θWA = 74o; 25oC                          Sessile drop method; surface cleaned with detergent and rinsed | with distilled water.
pmma_polymethylmethacrylate.txt		Wu, 1971(29)	Contact angle	θWY = 80o; 20oC
pmma_polymethylmethacrylate.txt		Panzer, 1973(250)	Contact angle	θWA = 71o; no temp cited
pmma_polymethylmethacrylate.txt		Omenyi, 1980(266)	Contact angle	θWY = 73o; no temp cited
pmma_polymethylmethacrylate.txt		Winters, 1985(184)	Contact angle	θWY = 73o; no temp cited
pmma_polymethylmethacrylate.txt		Janczuk, 1989(106)	Contact angle	θWY = 73.8o; 20oC                        Unspecified cleaning method (per Good); ultrasonically rinsed | with distilled water.
pmma_polymethylmethacrylate.txt		van Oss, 1990(2)	Contact angle	θWY = 60o; 20oC
pmma_polymethylmethacrylate.txt		van Oss, 1990(2)	Contact angle	θWY = 72o; 20oC
pmma_polymethylmethacrylate.txt		Jonsson, 1992(112)	Contact angle	θWY = 62o; no temp cited                 Cleaned by sonification in a 70/30 ethanol/water solution and | rinsed with distilled water.
pmma_polymethylmethacrylate.txt		Van Oss, 1992(236)	Contact angle	θWA = 59.3o; no temp cited
pmma_polymethylmethacrylate.txt		McNally, 1993(5)	Contact angle	θWA = 75o, θWR = 58o, dθW = 17o; 25oC
pmma_polymethylmethacrylate.txt		Fukuzawa, 1994(113)	Contact angle	θWY = 71.3o; no temp cited               Contact angle measured after stabilizing for 15 secs.
pmma_polymethylmethacrylate.txt		Etzler, 2000(250)	Contact angle	θWA = 77.9o; 20oC                        Measured by Wilhelmy plate method.
pmma_polymethylmethacrylate.txt		McCafferty, 2000(217)	Contact angle	θWY = 64.3o; no temp cited               Surface cleaned with light methanol wipe.
pmma_polymethylmethacrylate.txt		Della Volpe, 2002(141)	Contact angle	θWA = 70.1o, θWR = 50.3o, dθW = 19.8o; | no temp cited
pmma_polymethylmethacrylate.txt		Cho, 2005(226)	Contact angle	θWY = 61o; no temp cited                 Measured by sessile drop method.
pmma_polymethylmethacrylate.txt		Della Volpe, 2006(137)	Contact angle	θWY = 69.9o; no temp cited                       Wilhelmy plate method; surface cleaned in trichloroethylene; | droplet size 3 ul.
pmma_polymethylmethacrylate.txt		Della Volpe, 2006(137)	Contact angle	θWY = 66.8o; no temp cited                       Wilhelmy plate method; surface cleaned in trichloroethylene; | droplet size 5 ul.
pmma_polymethylmethacrylate.txt		Della Volpe, 2006(137)	Contact angle	θWY = 64.4o; no temp cited                       Vibrationally induced equilibrium method; surface cleaned in | trichloroethylene; droplet size 3 ul.
pmma_polymethylmethacrylate.txt		Della Volpe, 2006(137)	Contact angle	θWY = 62.3o; no temp cited                       Vibrationally induced equilibrium method; surface cleaned in | trichloroethylene; droplet size 5 ul.
pmma_polymethylmethacrylate.txt		Johansson, 2006(113)	Contact angle	θWA = 67o; no temp cited                         Ultrasonically cleaned in isopropanol and rinsed with ethanol.
pmma_polymethylmethacrylate.txt		Dann, 1970(94)	Contact angle	γsd = 41 mJ/m2; 25oC                             Various test liquids.
pmma_polymethylmethacrylate.txt		Wu, 1971(29)	Contact angle	γs = 40.2 mJ/m2 (γsd = 35.8; γsp = 4.4); 20oC    Test liquids: water and diiodomethane, by geometric mean | equation.
pmma_polymethylmethacrylate.txt		Wu, 1971(29)	Contact angle	γs = 41.2 mJ/m2 (γsd = 30.9; γsp = 10.3); 20oC   Test liquids: water and diiodomethane, by harmonic mean | equation.
pmma_polymethylmethacrylate.txt		Kitazaki, 1972(191)	Contact angle	γs = 43.2 mJ/m2 (γsd = 42.4, γsp = 0.8);         Various test liquids; original results split polar component into | no temp cited                                    hydrogen- and non-hydrogen bonding parameters.
pmma_polymethylmethacrylate.txt		Wu, 1979(45)	Contact angle	γc = 42.5 mJ/m2; 20oC                            Test liquids not known; calculated by the equation of state | method.
pmma_polymethylmethacrylate.txt		Busscher, 1981(72)	Contact angle	γs = 44.3 mJ/m2 (γsd = 33.7, γsp = 10.6);        Test liquids: water and propanol. | no temp cited
pmma_polymethylmethacrylate.txt		Chaudhury, 1984(21)	Contact angle	γs = 40.6 mJ/m2 (γsLW = 40.6, γsAB = 0.0,        Test liquids: water, alpha-bromonaphthalene, diiodomethane, | γs+ = 0.0, γs- = 12.0); 20oC                     formamide, and glycerin; acid-base analysis.
pmma_polymethylmethacrylate.txt		van Oss, 1987(24)	Contact angle	γs = 40.0 mJ/m2 (γsLW = 40.0, γsAB = 0.0,        Test liquids: water, alpha-bromonaphthalene, diiodomethane, | γs+ = 0.0, γs- = 14.6); 20oC                     formamide, and glycerin; acid-base analysis.
pmma_polymethylmethacrylate.txt		Janczuk, 1988(107)	Contact angle	γs = 44.9 mJ/m2 (γsd = 39.0; γsp = 6.0);         Various test liquids, by geometric mean equation. | no temp cited
pmma_polymethylmethacrylate.txt		Janczuk, 1989(108)	Contact angle	γs = 45.0 mJ/m2 (γsd = 38.3; γsp = 6.8);         Various test liquids, by harmonic-geometric mean equation. | no temp cited
pmma_polymethylmethacrylate.txt		Janczuk, 1989(108)	Contact angle	γs = 46.7 mJ/m2 (γsd = 34.6; γsp = 12.1);        Various test liquids, by harmonic mean equation. | no temp cited
pmma_polymethylmethacrylate.txt		van Oss, 1990(2)	Contact angle	γs = 43.2 mJ/m2 (γsLW = 43.2, γsAB = 0.0,        Test liquids water, alpha-bromonaphthalene, diiodomethane, | γs+ = 0.0, γs- = 22.4); 20oC                     formamide, and glycerin; acid-base analysis.
pmma_polymethylmethacrylate.txt		van Oss, 1990(2)	Contact angle	γs = 41.4 mJ/m2 (γsLW = 41.4, γsAB = 0.0,        Test liquids: water, alpha-bromonaphthalene, diiodomethane, | γs+ = 0.0, γs- = 12.2); 20oC                     formamide, and glycerin; acid-base analysis.
pmma_polymethylmethacrylate.txt		Janczuk, 1990(105)	Contact angle	γs = 43.2 mJ/m2; no temp cited                   Test liquids: water and diiodomethane.
pmma_polymethylmethacrylate.txt		Janczuk, 1990(105)	Contact angle	γs = 41.5 mJ/m2; no temp cited                   Averaged over 28 test liquids.
pmma_polymethylmethacrylate.txt		Berger, 1991(145)	Contact angle	γs = 43.9 mJ/m2 (γsd = 37.2; γsp = 6.7);         Various test liquids, by geometric mean equation; surface | no temp cited                                    cleaned with acetone.
pmma_polymethylmethacrylate.txt		Berger, 1991(145)	Contact angle	γs = 41.7 mJ/m2 (γsd = 37.6; γsp = 4.1);         Various test liquids, by geometric mean equation; surface | no temp cited                                    cleaned with dichloromethane.
pmma_polymethylmethacrylate.txt		Berger, 1991(145)	Contact angle	γs = 42.9 mJ/m2 (γsd = 38.6; γsp = 4.3);         Various test liquids, by geometric mean equation; surface | no temp cited                                       cleaned with detergent.
pmma_polymethylmethacrylate.txt		Ruckenstein, 1993(6)	Contact angle	γs = 51.2 mJ/m2 (γsd = 39.4; γsp = 11.8);           Octane droplets and air bubbles submersed in water; geometric | no temp cited                                       mean equation
pmma_polymethylmethacrylate.txt		Fukuzawa, 1994(113)	Contact angle	γs = 41.1 mJ/m2 (γsLW = 40.2, γsAB = 0.9,           Test liquids: water, formamide, and diiodomethane; acid-base | γs+ = 0.02, γs- = 12.2); no temp cited              analysis, calculated per Good and van Oss(86). Contact angles | measured after stabilizing for 15 secs.
pmma_polymethylmethacrylate.txt		Fukuzawa, 1994(113)	Contact angle	γs = 48.8 mJ/m2; no temp cited                      Test liquids: water, formamide, and diiodomethane; acid-base | analysis calculated by arithmetic and geometric means.
pmma_polymethylmethacrylate.txt		Hwang, 1995(257)	Contact angle	γs = 38.5 mJ/m2; no temp cited                      Test liquids not known.
pmma_polymethylmethacrylate.txt		Lloyd, 1995(218)	Contact angle	γsLW = 35.0, γs+ = 0.0, γs- = 12.2; no temp cited   Test liquids not known; acid-base analysis.
pmma_polymethylmethacrylate.txt		Lee, 1999(116)	Contact angle	γs = 43.2 mJ/m2 (γsLW = 43.2, γsAB = 0.0,           Test liquids: water, alpha-bromonaphthalene, diiodomethane, | γs+ = 0.0, γs- = 8.8); 20oC                         formamide, and glycerin; acid-base analysis, based on reference | values for water of γ+ = 34.2 mJ/m2 and γ- = 19 mJ/m2.
pmma_polymethylmethacrylate.txt		Morra, 1999(134)	Contact angle	γs = 37.7 mJ/m2 (γsLW = 37.4, γsAB = 0.3,           Test liquids not known; acid-base analysis based on reference | γs+ = 0.01, γs- = 2.2); no temp cited               values for water of γ+ = 48.5 mJ/m2 and γ- = 11.2 mJ/m2.
pmma_polymethylmethacrylate.txt		Etzler, 2000(171)	Contact angle	γs = 40.5 mJ/m2 (γsLW = 40.5, γsAB = 0.0,           Various test liquids; acid-base analysis, by Good-van Oss | γs+ = 0.0, γs- = 6.8); 20oC                         method. Commercial sample, unknown plasticizer content.
pmma_polymethylmethacrylate.txt		Kwok, 2000(166)	Contact angle	γc = 38.3 mJ/m2; no temp cited                      Re-calculated by equation of state method from data produced | by Kwok, 1998(170).
pmma_polymethylmethacrylate.txt		Kwok, 2000(166)	Contact angle	γc = 38.2 mJ/m2; no temp cited                      Re-calculated by alternate equation of state method from data | produced by Kwok, 1998(170).
pmma_polymethylmethacrylate.txt		McCafferty, 2000(217)	Contact angle	γs = 48.9 mJ/m2 (γsLW = 46.5, γsAB = 2.4,           Test liquids: water, diiodomethane, formamide, glycerin, and | γs+ = 0.08, γs- = 18.1); no temp cited              ethylene glycol; acid-base analysis. Cleaned with methanol | wipe.
pmma_polymethylmethacrylate.txt		Della Volpe, 2002(141)	Contact angle	γs = 42.3 mJ/m2 (γsLW = 41.6, γsAB = 0.7,           Various test liquids; acid-base analysis based on reference values | γs+ = 0.0, γs- = 5.3); no temp cited                for water of γ+ = 48.5 mJ/m2 and γ- = 11.2 mJ/m2; from | advancing contact angles.
pmma_polymethylmethacrylate.txt		Della Volpe, 2002(141)	Contact angle	γs = 45.2 mJ/m2 (γsLW = 43.1, γsAB = 2.1,           Various test liquids; acid-base analysis based on reference values | γs+ = 0.1, γs- = 7.6); no temp cited                for water of γ+ = 48.5 mJ/m2 and γ- = 11.2 mJ/m2; from equili- | brium (average of advancing and receding) contact angles. | (e)
pmma_polymethylmethacrylate.txt		Cho, 2005(226)	Contact angle	γs = 42 mJ/m2 (γsd = 20, γ sp = 22);                Test liquids: water and formamide. | no temp cited
pmma_polymethylmethacrylate.txt		Wu, 1970(35)	From polymer melt	γs = 41.1 mJ/m2 (γsd = 29.6; γsp = 11.5); 20oC      Measurement by pendant drop of polymer melt extrapolated | to 20oC; polarity calculated from interfacial tension with PE by | harmonic mean. Mv = 3000.
pmma_polymethylmethacrylate.txt		Wu, 1971(29)	From polymer melt	γs = 41.1 mJ/m2 (γsd = 29.0, γsp = 12.1); 20oC      Measurement by pendant drop of polymer melt extrapolated | to 20oC; polarity calculated from interfacial tension with PE by | geometric mean equation.
pmma_polymethylmethacrylate.txt		Wu, 1979(45)	From polymer melt	γs = 41.4 mJ/m2; 20oC                               Direct measurement of polymer melt extrapolated to 20oC.
pmma_polymethylmethacrylate.txt		Wu, 1968(182)	Calculated	γs = 36 mJ/m2; 20oC                                 Calculated from molecular constitution.
pmma_polymethylmethacrylate.txt		Wu, 1970(35)	Calculated	γs = 41.1 mJ/m2; 20oC                               Calculated from parachor and molecular weight.
pmma_polymethylmethacrylate.txt		Sewell, 1971(193)	Calculated	γs = 35.1 mJ/m2; no temp cited                   Calculated by least squares from cohesive energy and molar | volume.
pmma_polymethylmethacrylate.txt		Van Krevelen, 1976(85)	Calculated	γs = 42 mJ/m2; no temp cited                     Calculated from parachor parameter.
pmma_polymethylmethacrylate.txt		Omenyi, 1980(266)	Calculated	θWY = 74.6o; 20oC                                Calculated from critical velocities of PMMA powder in salol, | naphthalene, and biphenyl.
pmma_polymethylmethacrylate.txt		Omenyi, 1980(266)	Calculated	γs = 38.6 mJ/m2; 20oC                            Calculated from critical velocities of PMMA powder in salol, | naphthalene, and biphenyl.
pmma_polymethylmethacrylate.txt		Wu, 1982(50)	Calculated	θW = 68o; 20oC                                   Calculated from the theory of fractional polarity by geometric | mean equation.
pmma_polymethylmethacrylate.txt		Wu, 1982(50)	Calculated	θW = 78o; 20oC                                   Calculated from the theory of fractional polarity by harmonic | mean equation.
pmma_polymethylmethacrylate.txt		Wu, 1982(18)	Calculated	γs = 36.9 mJ/m2; 20oC                            Calculated from cohesive energy density and solubility | parameters.
pmma_polymethylmethacrylate.txt		Pritykin, 1986(199)	Calculated	γs = 35.5 mJ/m2; no temp cited                   Calculated from cohesion parameters and monomer | refractometric characteristics, equation 1.
pmma_polymethylmethacrylate.txt		Pritykin, 1986(199)	Calculated	γs = 36.6 mJ/m2; no temp cited                   Calculated from cohesion parameters and monomer | refractometric characteristics, equation 2.
pmma_polymethylmethacrylate.txt		Van Ness, 1992(186)	Calculated	γs = 37.7 mJ/m2; 20oC                            Calculated molten surface tension value, extrapolated to 20oC. | (d) | Mangipudi, 1996(269)   Other        γs = 53 mJ/m2; no temp cited                     Measured by contact deformation per Johnson-Kendall-Roberts | method.
pnba.txt		Wu, 1971(41)	Critical ST	γc = 31 mJ/m2; 20oC                              Test liquids not known.
pnba.txt		Kutsch, 1993(102)	Critical ST	γc = 28 mJ/m2; no temp cited                     Test liquids not known.
pnba.txt		Wu, 1971(41)	From polymer melt	γs = 33.7 mJ/m2 (γsd = 30.4, γsp = 3.3); 20oC    Direct measurement of polymer melt extrapolated to 20oC; | polarity calculated from interfacial tension with PE by | harmonic mean. Mn = 32,000.
pnba.txt		Wu, 1989(273)	From polymer melt	γs = 30.7 mJ/m2 (γsd = 26.8, γsp = 3.9); 20oC    Direct measurement of polymer melt extrapolated to 20oC. | Ahn, 1998(268)      Other               γs = 34 mJ/m2; no temp cited                     Measured by contact deformation per Johnson-Kendall-Roberts | method.
pnbma.txt		Wu, 1968(182)	Critical ST	γc = 32 mJ/m2; 20oC                              Test liquids not known.
pnbma.txt		Wu, 1971(29)	Contact angle	θWY = 91o; 20oC
pnbma.txt		Wu, 1971(29)	Contact angle	γs = 33.3 mJ/m2 (γsd = 31.3, γsp = 2.0); 20oC    Test liquids: water and diiodomethane, by geometric mean | equation.
pnbma.txt		Wu, 1971(29)	Contact angle	γs = 34.6 mJ/m2 (γsd = 28.4, γsp = 6.2); 20oC    Test liquids: water and diiodomethane, by harmonic mean | equation.
pnbma.txt		Chapman, 1995(259)	Contact angle	γs = 28.8 mJ/m2; no temp cited                   Test liquids not known.
pnbma.txt		Kwok, 2000(166)	Contact angle	γc = 28.8 mJ/m2; no temp cited                   Re-calculated by equation of state method from data produced | by Kwok, 1998(168).
pnbma.txt		Kwok, 2000(166)	Contact angle	γc = 28.5 mJ/m2; no temp cited                   Re-calculated by alternate equation of state method from data | produced by Kwok, 1998(168).
pnbma.txt		Wu, 1970(35)	From polymer melt	γs = 31.3 mJ/m2 (γsd = 25.0, γsp = 6.3); 20oC    Direct measurement of polymer melt extrapolated to 20oC.
pnbma.txt		Wu, 1970(35)	From polymer melt	γs = 31.2 mJ/m2 (γsd = 26.3, γsp = 4.9); 20oC    Measurement by pendant drop of polymer melt extrapolated | to 20oC; polarity calculated from interfacial tension with PE by | harmonic mean. Mv = 37,000.
pnbma.txt		Wu, 1971(29)	From polymer melt	γs = 31.2 mJ/m2 (γsd = 25.5, γsp = 5.7); 20oC    Measurement by pendant drop of polymer melt extrapolated | to 20oC; polarity calculated from interfacial tension with PE by | geometric mean equation.
pnbma.txt		Wu, 1968(182)	Calculated	γs = 32 mJ/m2; 20oC                              Calculated from molecular constitution.
pnbma.txt		Wu, 1970(35)	Calculated	γs = 38.1 mJ/m2; 20oC                            Calculated from parachor and molecular weight.
pnbma.txt		Wu, 1982(18)	Calculated	γs = 34.0 mJ/m2; 20oC                            Calculated from cohesive energy density and solubility | parameters.
pnbma.txt		Van Ness, 1992(186)	Calculated	γs = 30.8 mJ/m2; 20oC                            Calculated molten surface tension value, extrapolated to 20oC.
pnbma.txt		Pritykin, 1986(199)	Calculated	γs = 36.5 mJ/m2; no temp cited                   Calculated from cohesion parameters and monomer | refractometric characteristics, equation 1.
pnbma.txt		Pritykin, 1986(199)	Calculated	γs = 35.3 mJ/m2; no temp cited                   Calculated from cohesion parameters and monomer | refractometric characteristics, equation 2.
polyacrylonitrile.txt		Lee, 1968(131)	Critical ST	γc = 44 mJ/m2; no temp cited                    Test liquids: water, glycerol, formamide, alcohols, and long- | chain polyglycols.
polyacrylonitrile.txt		Wu, 1982(18)	Critical ST	γc = 50 mJ/m2; 20oC                             Test liquids not known.
polyacrylonitrile.txt		Liu, 2006(55)	Contact angle	γsp = 14.6 mJ/m2; temp not known                Test liquids not known; tests performed on polymer fibers.
polyacrylonitrile.txt		Lee, 1968(131)	Calculated	γs = 39 mJ/m2; no temp cited                    Calculated from glass temperature of 378K.
polyacrylonitrile.txt		Wu, 1968(182)	Calculated	γs = 44 mJ/m2; 20oC                             Calculated from molecular constitution.
polyacrylonitrile.txt		Pritykin, 1986(199)	Calculated	γs = 54.1 mJ/m2; no temp cited                  Calculated from cohesion parameters and monomer | refractometric characteristics, equation 1.
polyacrylonitrile.txt		Pritykin, 1986(199)	Calculated	γs = 49.9 mJ/m2; no temp cited                  Calculated from cohesion parameters and monomer | refractometric characteristics, equation 2.
polybutadiene_rubber.txt		Lee, 1967(221)	Critical ST	γc = 25 mJ/m2; no temp cited                     Test liquids not known; 1,2-polybutadiene.
polybutadiene_rubber.txt		Lee, 1967(221)	Critical ST	γc = 31 mJ/m2; no temp cited                     Test liquids not known; 1,4-trans polybutadiene.
polybutadiene_rubber.txt		Lee, 1967(221)	Critical ST	γc = 32 mJ/m2; no temp cited                     Test liquids not known; 1,4-cis polybutadiene.
polybutadiene_rubber.txt		Carey, 1994(286)	Contact angle	θWY = 95o; no temp cited, pH = 1                 1,2-polybutadiene.
polybutadiene_rubber.txt		Carey, 1994(286)	Contact angle	θWY = 97o; no temp cited, pH = 12                1,2-polybutadiene.
polybutadiene_rubber.txt		Wu, 1989(273)	From polymer melt	γs = 48.6 mJ/m2; 20oC                            Direct measurement of polymer melt extrapolated to 20oC. | Mn = 5,400; carboxyl acid end group.
polybutadiene_rubber.txt		Wu, 1989(273)	From polymer melt	γs = 43.1 mJ/m2; 20oC                            Direct measurement of polymer melt extrapolated to 20oC. | Mn = 5,400; methyl ester end group.
polybutylene_terephthalate.txt		Della Volpe, 1997(149)	Contact angle	θWA = 84o, θWR = 75o, dθW = 9o; 25oC             PBT filter material.
polybutylene_terephthalate.txt		Della Volpe, 1997(149)	Contact angle	θWA = 84o, θWR = 64o, dθW = 20o; 25oC            Pressed PBT filter material.
polybutylene_terephthalate.txt		Della Volpe, 1997(149)	Contact angle	γs = 46.2 mJ/m2 (γsd = 44.6; γsp = 1.6); 25oC    Test liquids: water, diiodomethane, and glycerol, by | geometric mean equation. PBT filter material.
polybutylene_terephthalate.txt		Della Volpe, 1997(149)	Contact angle	γs = 46.3 mJ/m2 (γsd = 39.6; γsp = 6.7); 25oC    Test liquids: water, diiodomethane, and glycerol, by | harmonic mean equation. PBT filter material.
polybutylene_terephthalate.txt		Della Volpe, 1997(149)	Contact angle	γs = 45.8 mJ/m2 (γsd = 44.3; γsp = 1.5); 25oC    Test liquids: water, diiodomethane, and glycerol, by | geometric mean equation. Pressed PBT filter material.
polybutylene_terephthalate.txt		Della Volpe, 1997(149)	Contact angle	γs = 45.9 mJ/m2 (γsd = 39.5; γsp = 6.5); 25oC    Test liquids: water, diiodomethane, and glycerol, by | harmonic mean equation. Pressed PBT filter material.
polybutylene_terephthalate.txt		Della Volpe, 1997(149)	Contact angle	γs = 47.1 mJ/m2 (γsLW = 45.8, γsAB = 1.3,        Test liquids: water, diiodomethane, and glycerol; acid-base | γs+ = 0.8, γs- = 0.6); 25oC                      analysis. Pressed PBT filter material.
polycarbonate.txt		Lee, 1968(131)	Critical ST	γc = 42 mJ/m2; no temp cited                        Test liquids: water, glycerol, formamide, alcohols, and long- | chain polyglycols.
polycarbonate.txt		Markgraf, 2005(62)	Critical ST	γc = 46 mJ/m2; no temp cited                        Test liquids not known.
polycarbonate.txt		Wu, 1982(27)	Contact angle	θWA = 84o, θWR = 68o, dθW = 16o; 20oC
polycarbonate.txt		Dewez, 1991(78)	Contact angle	θWY = 78o; no temp cited
polycarbonate.txt		Jonsson, 1992(112)	Contact angle	θWY = 88o; no temp cited                            Cleaned by sonification in a 70/30 ethanol/water solution and | rinsed with distilled water.
polycarbonate.txt		Cho, 2005(226)	Contact angle	θWY = 78o; no temp cited                            Measured by sessile drop method.
polycarbonate.txt		Van Krevelen, 1976(85)	Contact angle	γs = 45 mJ/m2; no temp cited                        Test liquids not known.
polycarbonate.txt		Schoff, 2003(263)	Contact angle	γs = 46 mJ/m2 (γsd = 45; γ sp = 1); no temp cited   Test liquids not known, by geometric mean equation. | Lexan FL-900.
polycarbonate.txt		Schoff, 2003(263)	Contact angle	γs = 50 mJ/m2 (γsd = 42; γ sp = 8); no temp cited   Test liquids not known, by geometric mean equation. | Lexan LS2.
polycarbonate.txt		Wu, 2003(53)	From polymer melt	γs = 42.9 mJ/m2; 20oC                               Direct measurement of polymer melt extrapolated to 20oC.
polycarbonate.txt		Lee, 1968(131)	Calculated	γs = 38 mJ/m2; no temp cited                        Calculated from glass temperature of 422K.
polycarbonate.txt		Wu, 1968(182)	Calculated	γs = 40 mJ/m2; 20oC                                 Calculated from molecular constitution; bisphenol-A type PC. | Surface-tension.de, 2007(110)
polycarbonate.txt			Unknown	γs = 34.2 mJ/m2 (γsd = 27.7, γsp = 6.5); 20oC       No details available.
polychloroprene.txt		Crocker, 1969(111)	Critical ST	γc = 38 mJ/m2; no temp cited                     Test liquids not known.
polychloroprene.txt		Shafrin, 1975(297)	Critical ST	γc = 38 mJ/m2; 20oC                              Test liquids not known.
polychloroprene.txt		Wu, 1971(29)	From polymer melt	γs = 43.6 mJ/m2 (γsd = 38.7, γsp = 4.9); 20oC    Measurement by pendant drop of polymer melt extrapolated | to 20oC; polarity calculated from interfacial tension with PE by | geometric mean equation. Mv = 30,000.
polychloroprene.txt		Wu, 1971(29)	From polymer melt	γs = 43.6 mJ/m2 (γsd = 38.9, γsp = 4.7); 20oC    Measurement by pendant drop of polymer melt extrapolated | to 20oC; polarity calculated from interfacial tension with PE by | harmonic mean equation. Mv = 30,000.
polychloroprene.txt		Sewell, 1971(193)	Calculated	γs = 43.3 mJ/m2; no temp cited                   Calculated from parachor and cohesive energy.
polychloroprene.txt		Sewell, 1971(193)	Calculated	γs = 35.3 mJ/m2; no temp cited                   Calculated by least squares from cohesive energy and molar | volume.
polychloroprene.txt		Wu, 1974(47)	Calculated	γs = 44.2 mJ/m2; 20oC                            Calculated from parachor and molecular weight.
polychloroprene.txt		Pritykin, 1986(199)	Calculated	γs = 38.4 mJ/m2; no temp cited                   Calculated from cohesion parameters and monomer | refractometric characteristics, equation 1.
polychloroprene.txt		Pritykin, 1986(199)	Calculated	γs = 37.7 mJ/m2; no temp cited                   Calculated from cohesion parameters and monomer | refractometric characteristics, equation 2.
polydimethylsiloxane.txt		Fox, 1947(44)	Critical ST	γc = 15.7 mJ/m2; 20oC                           Test liquids not known; dimethylsiloxane dimer.
polydimethylsiloxane.txt		Fox, 1947(44)	Critical ST	γc = 17.6 mJ/m2; 20oC                           Test liquids not known; dimethylsiloxane tetramer.
polydimethylsiloxane.txt		Fox, 1947(44)	Critical ST	γc = 18.6 mJ/m2; 20oC                           Test liquids not known; dimethylsiloxane heptamer.
polydimethylsiloxane.txt		Fox, 1947(44)	Critical ST	γc = 19.6 mJ/m2; 20oC                           Test liquids not known; dimethylsiloxane dodecamer.
polydimethylsiloxane.txt		Crocker, 1969(111)	Critical ST	γc = 24 mJ/m2; no temp cited                    Test liquids not known.
polydimethylsiloxane.txt		Lee, 1972(206)	Critical ST	γc = 20-23 mJ/m2; 20oC                          Test liquids not known; silica filled PDMS rubber.
polydimethylsiloxane.txt		Shafrin, 1975(297)	Critical ST	γc = 24 mJ/m2; 20oC                             Test liquids not known.
polydimethylsiloxane.txt		Sowell, 1972(48)	Contact angle	θWY = 99.5o; 20oC
polydimethylsiloxane.txt		Westerdahl, 1974(63)	Contact angle	θWY = 117o; no temp cited
polydimethylsiloxane.txt		Tezuka, 1986(190)	Contact angle	θWY = 107o; 25oC                                Sessile drop method.
polydimethylsiloxane.txt		Owen, 1988(187)	Contact angle	θWA = 95o - 107o (XBar = 101.8o; n = 5);        Data from five separate silicone formulations. | θWR = 48o - 70o (XBar = 59o; n = 2); | dθW = 25o - 59o (XBar = 42o; n = 2); 20oC
polydimethylsiloxane.txt		Morra, 1990(119)	Contact angle	θWA = 114o, θWR = 81o, dθW = 33o;               Measured from sessile drops; contact time 0.08 mins. | no temp cited
polydimethylsiloxane.txt		Morra, 1990(119)	Contact angle	θWA = 110o, θWR = 74o, dθW = 36o;               Measured from sessile drops; contact time 0.17 mins. | no temp cited
polydimethylsiloxane.txt		Morra, 1990(119)	Contact angle	θWA = 110o, θWR = 71o, dθW = 39o;               Measured from sessile drops; contact time 0.50 mins. | no temp cited
polydimethylsiloxane.txt		Morra, 1990(119)	Contact angle	θWA = 108o, θWR = 68o, dθW = 40o;               Measured from sessile drops; contact time 1.00 mins. | no temp cited
polydimethylsiloxane.txt		Morra, 1990(119)	Contact angle	θWA = 108o, θWR = 67o, dθW = 41o;               Measured from sessile drops; contact time 2.00 mins. | no temp cited
polydimethylsiloxane.txt		Morra, 1990(119)	Contact angle	θWA = 108o, θWR = 64o, dθW = 44o;               Measured from sessile drops; contact time 5.00 mins. | no temp cited
polydimethylsiloxane.txt		Owen, 1996(136)	Contact angle	θWA = 101o; no temp cited
polydimethylsiloxane.txt		Owen, 2003(271)	Contact angle	θWA = 102o; no temp cited                       Freshly cleaved surfaces from high molecular weight gums.
polydimethylsiloxane.txt		Sowell, 1972(48)	Contact angle	γs = 20.9 mJ/m2; 20oC                           Test liquids: water, glycerol, formamide, tricresyl phosphate, | and n-hexadecane, by harmonic mean equation.
polydimethylsiloxane.txt		Owen, 1996(136)	Contact angle	γs = 22.8 mJ/m2 (γsd = 21.7; γsp = 1.1);        Test liquids: water and diiodomethane, by geometric mean | no temp cited                                   equation.
polydimethylsiloxane.txt		Owen, 1998(152)	Contact angle	γs = 19.9 mJ/m2 (γsd = 17.9; γsp = 2.0); 23oC   Test liquids not specified, by geometric mean equation from | advancing contact angle on Dow Corning 280A pressure- | sensitive adhesive.
polydimethylsiloxane.txt		Tarkow, 1958(195)	From polymer melt	γs = 21.6 mJ/m2; 20oC                           Direct measurement of polymer melt extrapolated to 20oC.
polydimethylsiloxane.txt		Roe, 1965(196)	From polymer melt	γs = 20.6 mJ/m2; 20oC                           Direct measurement of polymer melt extrapolated to 20oC.
polydimethylsiloxane.txt		LeGrand, 1969(36)	From polymer melt	γs = 21.1 mJ/m2; 20oC                           Direct measurement of polymer melt extrapolated to 20oC. | Mw = 75,000.
polydimethylsiloxane.txt		LeGrand, 1969(36)	From polymer melt	γs = 20.6 mJ/m2; 20oC                            Direct measurement of polymer melt extrapolated to 20oC. | Mw = 3,900.
polydimethylsiloxane.txt		Wu, 1971(29)	From polymer melt	γs = 19.8 mJ/m2 (γsd = 17.5, γsp = 2.3); 20oC    Measurement by pendant drop of polymer melt extrapolated | to 20oC; polarity calculated from interfacial tension with PE by | geometric mean equation.
polydimethylsiloxane.txt		Wu, 1971(29)	From polymer melt	γs = 19.8 mJ/m2 (γsd = 19.0, γsp = 0.8); 20oC    Measurement by pendant drop of polymer melt extrapolated | to 20oC; polarity calculated from interfacial tension with PE by | harmonic mean.
polydimethylsiloxane.txt		LeGrand, 1971(43)	From polymer melt	γs = 19.9 mJ/m2; 20oC                            Direct measurement of polymer melt extrapolated to 20oC. | Mn = 1088.
polydimethylsiloxane.txt		Bhatia, 1985(275)	From polymer melt	γs = 21.0 mJ/m2; 20oC                            Direct measurement of polymer melt extrapolated to 20oC. | Mw = 75,000.
polydimethylsiloxane.txt		Bhatia, 1985(275)	From polymer melt	γs = 20.5 mJ/m2; 20oC                            Direct measurement of polymer melt extrapolated to 20oC. | Mw = 3,900.
polydimethylsiloxane.txt		Wu, 1989(273)	From polymer melt	γs = 20.4 mJ/m2 (γsd = 19.5; γsp = 0.9); 20oC    Direct measurement of polymer melt extrapolated to 20oC. | Mw = 75,000.
polydimethylsiloxane.txt		Wu, 1989(273)	From polymer melt	γs = 20.2 mJ/m2 (γsd = 19.4; γsp = 0.8); 20oC    Direct measurement of polymer melt extrapolated to 20oC. | Mw = 3,900.
polydimethylsiloxane.txt		Wu, 1989(273)	From polymer melt	γs = 19.9 mJ/m2; 20oC                            Direct measurement of polymer melt extrapolated to 20oC. | Mw = 1,274.
polydimethylsiloxane.txt		Wu, 1989(273)	From polymer melt	γs = 18.8 mJ/m2; 20oC                            Direct measurement of polymer melt extrapolated to 20oC. | Mw = 607.
polydimethylsiloxane.txt		Wu, 1989(273)	From polymer melt	γs = 17.6 mJ/m2; 20oC                            Direct measurement of polymer melt extrapolated to 20oC. | Mw = 310.
polydimethylsiloxane.txt		Wu, 1989(273)	From polymer melt	γs = 15.7 mJ/m2; 20oC                            Direct measurement of polymer melt extrapolated to 20oC. | Mw = 162.
polydimethylsiloxane.txt		Wu, 1968(182)	Calculated	γs = 23 mJ/m2; 20oC                              Calculated from molecular constitution.
polydimethylsiloxane.txt		Wu, 1974(47)	Calculated	γs = 20.4 mJ/m2; 20oC                            Calculated from free volume theory and molecular weight.
polydimethylsiloxane.txt		Wu, 1974(47)	Calculated	γs = 21.3 mJ/m2; 20oC                            Calculated from free volume theory and molecular weight.
polydimethylsiloxane.txt		Wu, 1982(18)	Calculated	γs = 20.3 mJ/m2; 20oC                            Calculated from cohesive energy density and solubility | parameters.
polydimethylsiloxane.txt		Van Ness, 1992(186)	Calculated	γs = 19.6 mJ/m2; 20oC                            Calculated molten surface tension value, extrapolated to 20oC.
polydimethylsiloxane.txt		Bicerano, 1996(272)	Calculated	γs = 21.6 mJ/m2; 20oC                            Calculated from parachor parameter. | Chaudhury, 1992(267)   Other               γs = 23 mJ/m2; no temp cited                     Measured by contact deformation per Johnson-Kendall-Roberts | method. | Owen, 1996(136)        Other               γs = 21.3 mJ/m2; no temp cited                   Direct measurement of liquid surface tension extrapolated to | infinite molecular weight.
poly_ether_ether_ketone.txt		Matienzo, 1992(243)	Contact angle	θWY = 91o; no temp cited                         Stabar film.
poly_ether_ether_ketone.txt		Bee, 1993(214)	Contact angle	θWA = 85o, θWR = 55o, dθW = 30o; | no temp cited
poly_ether_ether_ketone.txt		Marchand-Brynaert, 2000(97)	Contact angle	θWY = 88o; no temp cited
poly_ether_ether_ketone.txt		Surface-tension.de, 2007(110)	Unknown	γs = 42.1 mJ/m2 (γsd = 36.2, γsp = 5.9); 20oC    No details available.
polyethyl_acrylate.txt		Crocker, 1969(111)	Critical ST	γc = 35 mJ/m2; no temp cited                     Test liquids not known.
polyethyl_acrylate.txt		Wu, 1971(41)	Critical ST	γc = 33 mJ/m2; 20oC                              Test liquids not known.
polyethyl_acrylate.txt		Wu, 1971(41)	From polymer melt	γs = 37.0 mJ/m2 (γsd = 30.6, γsp = 6.4); 20oC    Direct measurement of polymer melt extrapolated to 20oC; | polarity calculated from interfacial tension with PE by | harmonic mean. Mn = 28,000.
polyethyl_acrylate.txt		Lee, 1968(131)	Calculated	γs = 33 mJ/m2; no temp cited                     Calculated from glass temperature of 249K.
polyethyl_acrylate.txt		Wu, 1968(182)	Calculated	γs = 35 mJ/m2; 20oC                              Calculated from molecular constitution.
polyethyl_acrylate.txt		Sewell, 1971(193)	Calculated	γs = 34.7 mJ/m2; no temp cited                   Calculated from parachor and cohesive energy.
polyethyl_acrylate.txt		Pritykin, 1986(199)	Calculated	γs = 34.5 mJ/m2; no temp cited                   Calculated from cohesion parameters and monomer | refractometric characteristics, equation 1.
polyethyl_acrylate.txt		Pritykin, 1986(199)	Calculated	γs = 36.6 mJ/m2; no temp cited                   Calculated from cohesion parameters and monomer | refractometric characteristics, equation 2.
polyethylene_oxide.txt		Lee, 1968(131)	Critical ST	γc = 43 mJ/m2; no temp cited                     Test liquids: water, glycerol, formamide, alcohols, and long- | chain polyglycols.
polyethylene_oxide.txt		van Oss, 1990(2)	Contact angle	θWY = 63o; 20oC
polyethylene_oxide.txt		van Oss, 1987(24)	Contact angle	γs = 43.0 mJ/m2 (γsLW = 43.0, γsAB = 0.0,        Test liquids: water, alpha-bromonaphthalene, diiodomethane, | γs+ = 0.0, γs- = 64.0); 20oC                     formamide, and glycerin; acid-base analysis.
polyethylene_oxide.txt		van Oss, 1987(24)	Contact angle	γs = 45.9 mJ/m2 (γsLW = 45.9, γsAB = 0.0,        Test liquids: water, alpha-bromonaphthalene, diiodomethane, | γs+ = 0.0, γs- = 58.5); 20oC                     formamide, and glycerin; acid-base analysis.
polyethylene_oxide.txt		Good, 1992(86)	Contact angle	γs = 45 mJ/m2 (γ sLW = 45, γsAB = 0.0,           Test liquids not known; acid-base analysis, using advancing | γs+ = 0.0, γs- = 66); no temp cited              contact angle data.
polyethylene_oxide.txt		Lee, 1999(116)	Contact angle	γs = 46.7 mJ/m2 (γsLW = 43.5, γsAB = 3.2,        Test liquids: water, alpha-bromonaphthalene, diiodomethane, | γs+ = 0.06, γs- = 43.5); 20oC                    formamide, and glycerin; acid-base analysis, based on reference | values for water of γ+ = 34.2 mJ/m2 and γ- = 19 mJ/m2.
polyethylene_oxide.txt		Roe, 1968(32)	From polymer melt	γs = 42.8 mJ/m2 (γsd = 30.6, γsp = 12.2); 20oC   Measurement by pendant drop of polymer melt extrapolated | to 20oC; diol solvent, Mw = 6,000.
polyethylene_oxide.txt		Wu, 1982(18)	From polymer melt	γs = 42.5 mJ/m2; 24oC                            Direct measurement of polymer melt extrapolated to 24oC.
polyethylene_oxide.txt		Yuan, 1999(207)	From polymer melt	γs = 42.9 mJ/m2; 20oC                            Direct measurement of polymer melt extrapolated to 20oC; | diol solvent, MW = 17,000.
polyethylene_oxide.txt		Yuan, 1999(207)	From polymer melt	γs = 44.1 mJ/m2; 20oC                            Direct measurement of polymer melt extrapolated to 20oC. | dimethylether solvent, Mw = 5,000.
polyethylene_oxide.txt		Yuan, 1999(207)	From polymer melt	γs = 44.2 mJ/m2; 20oC                            Direct measurement of polymer melt extrapolated to 20oC. | dimethylether solvent, Mw = 100,000.
polyethylene_oxide.txt		Sewell, 1971(193)	Calculated	γs = 37.8 mJ/m2; no temp cited                   Calculated from parachor and cohesive energy.
polyethylene_oxide.txt		Sewell, 1971(193)	Calculated	γs = 41.8 mJ/m2; no temp cited                   Calculated by least squares from cohesive energy and molar | volume.
polyethylene_oxide.txt		Wu, 1974(47)	Calculated	γs = 42.3 mJ/m2; 20oC                            Calculated from free volume theory and molecular weight.
polyethylene_oxide.txt		Wu, 1974(47)	Calculated	γs = 44.4 mJ/m2; 20oC                            Calculated from free volume theory and molecular weight.
polyethylene_oxide.txt		Wu, 1982(18)	Calculated	γs = 41.5 mJ/m2; 20oC                            Calculated from liquid homologs. Infinite molecular weight.
polyethylene_oxide.txt		Van Ness, 1992(186)	Calculated	γs = 41.5 mJ/m2; 20oC                            Calculated molten surface tension value, extrapolated to 20oC. | Surface-tension.de, 2007(110)
polyethylene_oxide.txt			Unknown	γs = 42.9 mJ/m2 (γsd = 30.9, γsp = 12.0); 20oC   No details available.
polyethylene.txt		Fox, 1952(11)	Critical ST	γc = 31 mJ/m2; 20oC                      Test liquids not known.
polyethylene.txt		Ellison, 1954(8)	Critical ST	γc = 31 mJ/m2; 20oC                      Various test liquids.
polyethylene.txt		Fort, 1964(17)	Critical ST	γc = 28 mJ/m2; 22oC, 65% RH              Test liquids: water, glycerol, and formamide.
polyethylene.txt		Fowkes, 1964(73)	Critical ST	γc = 35 mJ/m2; no temp cited             Test liquids not known.
polyethylene.txt		Lee, 1968(131)	Critical ST	γc = 31 mJ/m2; no temp cited             Test liquids: water, glycerol, formamide, alcohols, and long- | chain polyglycols; low density PE.
polyethylene.txt		Lee, 1968(131)	Critical ST	γc = 31 mJ/m2; no temp cited             Test liquids: water, glycerol, formamide, alcohols, and long- | chain polyglycols; high density PE.
polyethylene.txt		Dann, 1970(94)	Critical ST	γc = 28.5 mJ/m2; 25oC                    Ethylene glycol/2-ethoxyethanol mixes, based on advancing | contact angles.
polyethylene.txt		Dann, 1970(94)	Critical ST	γc = 33 mJ/m2; 25oC                      Ethylene glycol/2-ethoxyethanol mixes, based on retreating | contact angles.
polyethylene.txt		Dann, 1970(94)	Critical ST	γc = 31 mJ/m2; 25oC                      Polyglycol blends, based on advancing contact angles.
polyethylene.txt		Dann, 1970(94)	Critical ST	γc = 31 mJ/m2; 25oC                      Polyglycol blends, based on retreating contact angles.
polyethylene.txt		Dann, 1970(94)	Critical ST	γc = 29 mJ/m2; 25oC                      Formamide/2-ethoxyethanol mixes, based on advancing | contact angles.
polyethylene.txt		Dann, 1970(94)	Critical ST	γc = 32 mJ/m2; 25oC                      Formamide/2-ethoxyethanol mixes, based on retreating | contact angles.
polyethylene.txt		Dann, 1970(94)	Critical ST	γc = 34 mJ/m2; 25oC                      Per ASTM D-2578, using formamide/2-ethoxyethanol mixes.
polyethylene.txt		Hamilton, 1972(74)	Critical ST	γc = 33 mJ/m2; no temp cited             Test liquids not known.
polyethylene.txt		Sharma, 1991(175)	Critical ST	γc = 31 mJ/m2; no temp cited             Per ASTM D-2578, using formamide/2-ethoxyethanol mixes; | commercial low density PE film.
polyethylene.txt		Bezigian, 1992(75)	Critical ST	γc = 31 mJ/m2; no temp cited             Probably per ASTM D-2578, using formamide/2-ethoxyethanol | mixes; low density PE.
polyethylene.txt		Bezigian, 1992(75)	Critical ST	γc = 33 mJ/m2; no temp cited             Probably per ASTM D-2578, using formamide/2-ethoxyethanol | mixes; low density PE degreased with 1,1,1,trichloroethane.
polyethylene.txt		Markgraf, 2005(62)	Critical ST	γc = 30-31 mJ/m2; no temp cited          Test liquids not known.
polyethylene.txt		Fox, 1952(11)	Contact angle	θWY = 94o; 20oC                          Surface formed by pressing the softened polymer against acid | cleaned plate glass.
polyethylene.txt		de Bruyne, 1957(300)	Contact angle	θWY = 89o; no temp cited
polyethylene.txt		Fort, 1964(17)	Contact angle	θWA = 101o, 22oC, 65% RH
polyethylene.txt		Schonhorn, 1966(238)	Contact angle	θWA = 103o; no temp cited
polyethylene.txt		Schonhorn, 1966(237)	Contact angle	θWA = 93o; no temp cited
polyethylene.txt		Zettlemoyer, 1968(239)	Contact angle	θWA = 94o; no temp cited
polyethylene.txt		Owens, 1969(155)	Contact angle	θWY = 104o; no temp cited
polyethylene.txt		Petke, 1969(234)	Contact angle	θWA = 96o; no temp cited
polyethylene.txt		Dann, 1970(94)	Contact angle	θWA = 95o; 25oC                          Measured by sessile drop method; cleaned with detergent and | rinsed with distilled water.
polyethylene.txt		Kaelble, 1971(104)	Contact angle	θWY = 103o; 22oC                        Measured by sessile drop method; cleaned with detergent and | rinsed with distilled water.
polyethylene.txt		Wu, 1971(29)	Contact angle	θWY = 102o; 20oC
polyethylene.txt		Sowell, 1972(48)	Contact angle	θWY = 97.5o; 20oC                       High density PE.
polyethylene.txt		Tadros, 1974(241)	Contact angle	θWA = 88o; no temp cited
polyethylene.txt		Westerdahl, 1974(63)	Contact angle	θWY = 97o; no temp cited                Commercial low density PE film, thickness 30 mils.
polyethylene.txt		Westerdahl, 1974(63)	Contact angle	θWY = 96o; no temp cited                Commercial high density PE film, thickness 9.2 mils.
polyethylene.txt		Moshonov, 1980(118)	Contact angle	θWY = 99o; no temp cited                Measured 60 secs. after application of water droplet; surface | cleaned with isopropanol at 60oC and rinsed with methanol.
polyethylene.txt		Wu, 1982(298)	Contact angle	θWY = 94o; no temp cited                Branched PE.
polyethylene.txt		Wu, 1982(27)	Contact angle	θWA = 96o, θWR = 62o, dθW = 34o; 20oC
polyethylene.txt		Triolo, 1983(189)	Contact angle	θWR = 87o; no temp cited                Commercial grade low density PE film. Fully hydrated sample | immersed in water; interface with advancing, submerged | octane bubble.
polyethylene.txt		Lelah, 1985(304)	Contact angle	θWY = 88.4o; no temp cited              Low density PE; underwater captive bubble method, measured | on concave tubular surface.
polyethylene.txt		Vargha-Butler, 1985(180)	Contact angle	θWA = 87.1o; 20oC                       High density PE.
polyethylene.txt		Guiseppe, 1986(77)	Contact angle	θWY = 95o; no temp cited
polyethylene.txt		Kasai, 1986(64)	Contact angle	θWY = 100o; no temp cited
polyethylene.txt		Strobel, 1987(84)	Contact angle	θWA = 99o; no temp cited
polyethylene.txt		Janczuk, 1989(106)	Contact angle	θWY = 96.1o; 20oC                       Dipped in CCl4, boiled in acetone, and ultrasonically rinsed | with distilled water.
polyethylene.txt		Hsieh, 1991(231)	Contact angle	θWY = 95.6o; no temp cited              PE fiber.
polyethylene.txt		Inagaki, 1991(240)	Contact angle	θWY = 86o; no temp cited
polyethylene.txt		Sharma, 1991(175)	Contact angle	θWY = 92o; no temp cited                Commercial low density PE film.
polyethylene.txt		Jonsson, 1992(112)	Contact angle	θWY = 87o; no temp cited                Natural low density PE, cleaned by sonification in a 70/30 | ethanol/water solution and rinsed with distilled water.
polyethylene.txt		Clouet, 1994(114)	Contact angle	θWA = 105o; 23oC                        High density PE.
polyethylene.txt		Fukuzawa, 1994(113)	Contact angle	θWY = 92.4o; no temp cited              Contact angle measured after stabilizing for 15 secs.
polyethylene.txt		Inagaki, 1994(115)	Contact angle	θWA = 102o; 20oC                        Low density PE.
polyethylene.txt		Pilichowski, 1997(225)	Contact angle	θWY = 94o; no temp cited
polyethylene.txt		Sheu, 1997(79)	Contact angle	θWY = 109o; no temp cited               Porous PE sheet with average pore size of 15um.
polyethylene.txt		Sheu, 1997(79)	Contact angle	θWY = 109o; no temp cited               Porous PE sheet with average pore size of 15um; prewashed 3 | times in distilled water
polyethylene.txt		Chen, 1998(70)	Contact angle	θWA = 104o, θWR = 92o, dθW = 12o;       Low density PE; no additives. | no temp cited
polyethylene.txt		Chen, 1998(70)	Contact angle	θWA = 99o, θWR = 89o, dθW = 10o;        Low density PE with 2000 ppm erucamide. | no temp cited
polyethylene.txt		Chen, 1998(70)	Contact angle	θWA = 91o, θWR = 74o, dθW = 17o;        Low density PE with 1000 ppm N-(2-hydroxyethyl) erucamide. | no temp cited
polyethylene.txt		Chen, 1998(70)	Contact angle	θWA = 93o, θWR = 80o, dθW = 13o;                Low density PE with 2000 ppm N-(2-hydroxyethyl) erucamide. | no temp cited
polyethylene.txt		Angu, 2000(220)	Contact angle	θWY = 85.7o; no temp cited                      Low density PE; underwater captive bubble method, measured | on concave tubular surface; technique A.
polyethylene.txt		Angu, 2000(220)	Contact angle	θWY = 88.4o; no temp cited                      Low density PE; underwater captive bubble method, measured | on concave tubular surface; technique B.
polyethylene.txt		Etzler, 2000(171)	Contact angle	θWA = 98.0o; 20oC                               Measured by Wilhelmy plate method.
polyethylene.txt		Gotoh, 2000(172)	Contact angle	θWA = 110.7o; no temp cited                     Single fiber measured by Wilhelmy plate technique.
polyethylene.txt		Johansson, 2000(101)	Contact angle	θWA = 93o; no temp cited                        Low density PE.
polyethylene.txt		Nalaskowski, 2000(219)	Contact angle	θWA = 92o, θWR = 77o, dθW = 15o; | no temp cited
polyethylene.txt		Netravali, 2000(98)	Contact angle	θWA = 93.4o, θWR = 91.9o, dθW = 1.5o;           Ultra-high strength PE fibers. | no temp cited
polyethylene.txt		Starov, 2000(282)	Contact angle	θWY = 90o; no temp cited                        PE powder pressed into wafer at 1 kg/cm2, 110oC, cleaned | with alcohol and water, soaked in 50oC sulfochromic acid, | rinsed with distilled water, and dried with pure nitrogen.
polyethylene.txt		Extrand, 2002(143)	Contact angle	θWA = 104.4o; θWR = 93.5o, dθW = 10.9o;         Measured by sessile drop method; high density PE cleaned with | 23oC                                            hexane and dried under vacuum.
polyethylene.txt		Nam, 2002(142)	Contact angle	θWA = 93.6o; no temp cited                      Ultra-high strength PE fibers.
polyethylene.txt		B.-Petermann, 2003(139)	Contact angle	θWY = 79o; 20oC                                 Measured by sessile drop method. Roll-coated polymer topcoat | applied to carbon steel; surface degreased with ethanol, cleaned | with detergent, and rinsed in distilled water.
polyethylene.txt		Gotoh, 2004(92)	Contact angle	θWA = 102.8o; no temp cited                     Measured by sessile drop method.
polyethylene.txt		Gotoh, 2004(92)	Contact angle	θWA = 101o; θWR = 88.9o, dθW = 12.1o;           Measured by Wilhelmy plate method. | no temp cited
polyethylene.txt		Zeng, 2004(93)	Contact angle	θWA = 92.3o; no temp cited                      Measured by Wilhelmy plate method; UHMWPE fiber (Spectra | 1000).
polyethylene.txt		Cho, 2005(226)	Contact angle	θWY = 95o; no temp cited                        Measured by sessile drop method.
polyethylene.txt		Martinez-Garcia, 2005(251)	Contact angle	θWY = 92o; 25oC                                 Injection molded elastomeric PE (Shore A hardness 75).
polyethylene.txt		Shafrin, 1963(201)	Contact angle	γs = 33.1 mJ/m2 (γsd = 32.0, γsp = 1.1);        Test liquids not known. | no temp cited
polyethylene.txt		Owens, 1969(155)	Contact angle	γs = 33.2 mJ/m2 (γsd = 33.2, γsp = 0.0);        Test liquids: water and diiodomethane. | no temp cited
polyethylene.txt		Dann, 1970(94)	Contact angle	γsd = 36 mJ/m2; 25oC                            Various test liquids.
polyethylene.txt		Kaelble, 1971(104)	Contact angle	γs = 31.4 mJ/m2 (γsd = 30.9, γsp = 0.5); 22oC   Various test liquids.
polyethylene.txt		Wu, 1971(29)	Contact angle	γs = 36.1 mJ/m2 (γsd = 35.4, γsp = 0.7); 20oC   Test liquids: water and diiodomethane, by harmonic mean | equation.
polyethylene.txt		Kitazaki, 1972(191)	Contact angle	γs = 35.6 mJ/m2 (γsd = 35.6, γsp = 0.0);        Various test liquids; original results split polar component into | no temp cited                                   hydrogen- and non-hydrogen bonding parameters.
polyethylene.txt		Sowell, 1972(48)	Contact angle	γs = 34.2 mJ/m2; 20oC                           Test liquids: water, glycerol, formamide, and tricresyl | phosphate, by harmonic mean equation; high density PE.
polyethylene.txt		Carroll, 1976(216)	Contact angle	γs = 36 mJ/m2; no temp cited                 Ultra-high modulus PE monofilament.
polyethylene.txt		Wu, 1979(45)	Contact angle	γc = 35.9 mJ/m2; 20oC                        Test liquids not known; calculated by the equation of state | method.
polyethylene.txt		Busscher, 1981(72)	Contact angle	γs = 32 mJ/m2 (γsd = 29, γsp = 3.0);         Test liquids: water and propanol. | no temp cited
polyethylene.txt		Wu, 1982(298)	Contact angle	γc = 34.2 mJ/m2; no temp cited               Various test liquids, calculated by the equation of state method.
polyethylene.txt		Vargha-Butler, 1985(180)	Contact angle	γc = 30.3 mJ/m2; 20oC                        Test liquids not known; calculated by the equation of state | method; high density PE.
polyethylene.txt		Inagaki, 1987(82)	Contact angle	γs = 32.9 mJ/m2 (γsd = 30.7, γsp = 2.2);     Test liquids: water, glycerol, formamide, ethylene glycol, and | no temp cited                                tricresyl phosphate; calculated by Kaeble's method.
polyethylene.txt		Fowkes, 1987(23)	Contact angle	γs = 33.0 mJ/m2 (γsLW = 33.0, γsAB = 0.0,    Test liquids: water, alpha-bromonaphthalene, diiodomethane, | γs+ = 0.0, γs- = 0.0); 20oC                  formamide, and glycerin; acid-base analysis.
polyethylene.txt		Janczuk, 1989(106)	Contact angle	γs = 32.8 mJ/m2 (γsd = 32.1; γsp = 0.7);     Various test liquids, by geometric mean equation. | no temp cited
polyethylene.txt		Janczuk, 1989(108)	Contact angle	γs = 34.0 mJ/m2 (γsd = 33.3; γsp = 0.7);     Various test liquids, by harmonic-geometric mean equation. | no temp cited
polyethylene.txt		Janczuk, 1989(108)	Contact angle	γs = 34.2 mJ/m2 (γsd = 30.5; γsp = 3.7);     Various test liquids, by harmonic mean equation. | no temp cited
polyethylene.txt		Janczuk, 1990(105)	Contact angle	γs = 30.5 mJ/m2; no temp cited               Test liquids: water and diiodomethane.
polyethylene.txt		Janczuk, 1990(105)	Contact angle	γs = 33.3 mJ/m2; no temp cited               Averaged over 28 test liquids.
polyethylene.txt		Good, 1991(135)	Contact angle	γs = 33 mJ/m2 (γ sLW = 33, γsAB = 0.0,       Test liquids water and glycerol; acid-base analysis based on | γs+ = 0.0, γs- = 0.1); no temp cited         advancing contact angles. Commercial film grade PE.
polyethylene.txt		Sharma, 1991(175)	Contact angle	γs = 28.1 mJ/m2 (γsd = 25.4, γsp = 2.6);     Test liquids: water and diiodomethane; commercial low density | no temp cited                                PE film.
polyethylene.txt		Fukuzawa, 1994(113)	Contact angle	γs = 30.8 mJ/m2 (γsLW = 31.0, γsAB = -0.2,   Test liquids: water, formamide, and diiodomethane; acid-base | γs+ = 0.0, γs- = 4.2); no temp cited         analysis, calculated per Good and Van Oss(86). Contact angles | measured after stabilizing for 15 secs.
polyethylene.txt		Fukuzawa, 1994(113)	Contact angle	γs = 33.0 mJ/m2; no temp cited               Test liquids: water, formamide, and diiodomethane; acid-base | analysis calculated by arithmetic and geometric means.
polyethylene.txt		Micale, 1995(174)	Contact angle	γs = 35 mJ/m2 (γsd = 34; γ sp = 1);          Test liquids: water and alpha-bromonaphthalene, by geometric | no temp cited                                mean equation.
polyethylene.txt		Inagaki, 1996(83)	Contact angle	γs = 36 mJ/m2 (γsd = 30, γsp = 6);           Test liquids not known; low density PE. | no temp cited
polyethylene.txt		Pilichowski, 1997(225)	Contact angle	γs = 34 mJ/m2; no temp cited                 Various test liquids.
polyethylene.txt		Morra, 1999(134)	Contact angle	γs = 34.2 mJ/m2 (γsLW = 34.2, γsAB = 0.0,    Test liquids not known; acid-base analysis based on reference | γs+ = 0.0, γs- = 0.0); no temp cited         values for water of γ+ = 48.5 mJ/m2 and γ- = 11.2 mJ/m2.
polyethylene.txt		Chang, 2000(162)	Contact angle	γs = 32.0 mJ/m2; no temp cited
polyethylene.txt		Della Volpe, 2000(163)	Contact angle	γs = 33.4 mJ/m2; no temp cited               Re-calculated from data produced by Janczuk, 1990(105).
polyethylene.txt		Etzler, 2000(171)	Contact angle	γs = 26.9 mJ/m2 (γsLW = 26.9, γsAB = 0.0,    Various test liquids; acid-base analysis, by Good-van Oss | γs+ = 0.0, γs- = 0.0); 20oC                  method.
polyethylene.txt		Gotoh, 2000(172)	Contact angle	γs = 30.1 mJ/m2 (γsLW = 29.7, γsAB = 0.4,    Test liquids: water, diiodomethane, and ethylene glycol; acid- | γs+ = 0.2, γs- = 0.2); no temp cited            base Wilhelmy plate analysis from advancing contact angles. | Grundke, 2000      (256)
polyethylene.txt			Contact angle	γs = 33.8 mJ/m2; no temp cited
polyethylene.txt		B.-Petermann, 2003(139)	Contact angle	γs = 39.9 mJ/m2 (γsd = 36.0; γsp = 3.9);        Test liquids: water, diiodomethane, and formamide, measured | 20oC                                            by sessile drop method. Roll-coated polymer topcoat applied | to carbon steel; surface degreased with ethanol, cleaned | with detergent, and rinsed in distilled water.
polyethylene.txt		Gotoh, 2004(92)	Contact angle	γs = 28.1 mJ/m2 (γsLW = 27.4, γsAB = 0.7,       Test liquids water, diiodomethane, and ethylene glycol; contact | γs+ = 0.1, γs- = 1.2); no temp cited            angles measured by sessile drop method; acid-base analysis.
polyethylene.txt		Zeng, 2004(93)	Contact angle	γs = 33.8 mJ/m2 (γsLW = 33.8, γ sAB = 0.03,     Test liquids water, diiodomethane, and formamide. By sessile | γs+ = 8.0E-5, γs- = 2.3); no temp cited         drop method; acid-base analysis. UHMWPE Spectra 1000 fiber.
polyethylene.txt		Cho, 2005(226)	Contact angle	γs = 34 mJ/m2 (γsd = 30, γsp = 4);              Test liquids: water and formamide. | no temp cited
polyethylene.txt		Hybart, 1960(208)	From polymer melt	γs = 30.2 mJ/m2; 20oC                           Direct measurement of polymer melt by maximum bubble | pressure, extrapolated to 20oC; linear high density PE.
polyethylene.txt		Schonhorn, 1965(33)	From polymer melt	γs = 36.2 mJ/m2; 20oC                           Direct measurement of polymer melt extrapolated to 20oC.
polyethylene.txt		Dettre, 1966(30)	From polymer melt	γs = 36.0 mJ/m2; 20oC                           Measurement by Wilhelmy plate of polymer melt extrapolated | to 20oC; linear PE, Mw = 67,000.
polyethylene.txt		Dettre, 1966(30)	From polymer melt	γs = 34.3 mJ/m2; 20oC                           Measurement by Wilhelmy plate of polymer melt extrapolated | to 20oC; branched PE, Mn = 7,000.
polyethylene.txt		Dettre, 1966(30)	From polymer melt	γs = 33.7 mJ/m2 (γsd = 33.7, γsp = 0.0); 20oC   Direct measurement of polymer melt extrapolated to 20oC; | polarity calculated from interfacial tension with PE by | harmonic mean. Branched PE, Mn = 2000.
polyethylene.txt		Roe, 1968(32)	From polymer melt	γs = 35.6 mJ/m2; 20oC                           Measurement by pendant drop of polymer melt extrapolated | to 20oC; linear PE, Mw = 67,000.
polyethylene.txt		Roe, 1968(32)	From polymer melt	γs = 34.8 mJ/m2; 20oC                           Measurement by pendant drop of polymer melt extrapolated | to 20oC; branched PE, Mn = 7,000.
polyethylene.txt		Wu, 1969(28)	From polymer melt	γs = 35.7 mJ/m2 (γsd = 35.7, γsp = 0.0); 20oC   Measurement by pendant drop of polymer melt extrapolated | to 20oC; polarity calculated from interfacial tension with | PE by harmonic mean. Linear PE, Mw = 67,000.
polyethylene.txt		Wu, 1971(29)	From polymer melt	γs = 35.3 mJ/m2 (γsd = 35.3, γsp = 0.0); 20oC   Direct measurement of polymer melt extrapolated to 20oC; | polarity calculated from interfacial tension with PE by | harmonic mean. Branched PE, Mn = 7000.
polyethylene.txt		Wu, 1974(47)	From polymer melt	γs = 36.8 mJ/m2 (γsd = 36.8, γsp = 0.0); 20oC   Direct measurement of polymer melt extrapolated to 20oC; | polarity calculated from interfacial tension with PE by | harmonic mean. Ideal PE, infinite molecular weight.
polyethylene.txt		Lee, 1968(131)	Calculated	γs = 30 mJ/m2; no temp cited                    Calculated from glass temperature of 237K; high density PE.
polyethylene.txt		Lee, 1968(131)	Calculated	γs = 23 mJ/m2; no temp cited                    Calculated from glass temperature of 223K; low density PE.
polyethylene.txt		Wu, 1968(182)	Calculated	γs = 32 mJ/m2; 20oC                             Calculated from molecular constitution; linear PE.
polyethylene.txt		Wu, 1968(182)	Calculated	γs = 30 mJ/m2; 20oC                             Calculated from molecular constitution; branched PE.
polyethylene.txt		Sewell, 1971(193)	Calculated	γs = 42.1 mJ/m2; no temp cited                  Calculated from parachor and cohesive energy.
polyethylene.txt		Sewell, 1971(193)	Calculated	γs = 31.8 mJ/m2; no temp cited                  Calculated by least squares from cohesive energy and molar | volume.
polyethylene.txt		Wu, 1974(47)	Calculated	γs = 36.9 mJ/m2; 20oC                            Calculated from free volume theory and molecular weight.
polyethylene.txt		Wu, 1974(47)	Calculated	γs = 37.8 mJ/m2; 20oC                            Calculated from free volume theory and molecular weight.
polyethylene.txt		Wu, 1974(47)	Calculated	γs = 35.3 mJ/m2; 20oC                            Calculated from parachor and molecular weight; linear PE.
polyethylene.txt		Van Krevelen, 1976(85)	Calculated	γs = 31.5 mJ/m2; no temp cited                   Calculated from parachor parameter.
polyethylene.txt		Wu, 1979(45)	Calculated	γs = 34.7 mJ/m2; 20oC                            Calculated from liquid homologs. Infinite molecular weight.
polyethylene.txt		Wu, 1982(18)	Calculated	γs = 32.1 mJ/m2; 20oC                            Calculated from cohesive energy density and solubility | parameters.
polyethylene.txt		Vargha-Butler, 1985(180)	Calculated	γs = 29.4 mJ/m2; 20oC                            Calculated from sedimentation volume; high density PE.
polyethylene.txt		Van Ness, 1992(186)	Calculated	γs = 36.3 mJ/m2; 20oC                            Calculated molten surface tension value, extrapolated to 20oC.
polyethylene.txt		Netravali, 2000(98)	Calculated	γs = 30.8 mJ/m2 (γsLW = 30.5, γsAB = 0.2,        Test liquids water, diiodomethane, and formamide. Surface | γs+ = 0.01, γs- = 1.3); no temp cited            tension calculated from advancing wetting force measurements. | on ultra-high strength PE fibers; acid-base analysis.
polyethylene.txt		Netravali, 2000(98)	Calculated	γs = 36.1 mJ/m2 (γsLW = 35.7, γsAB = 0.4,        Test liquids water, diiodomethane, and formamide. Surface | γs+ = 0.6, γs- = 0.07); no temp cited            tension calculated from receding wetting force measurements. | on ultra-high strength PE fibers; acid-base analysis. | Mangipudi, 2002(147)       Other        γs = 33 mJ/m2; no temp cited                     Measured by contact deformation per Johnson-Kendall-Roberts | method. | Grundke, 2000(256)         Other        γs = 34.4 mJ/m2; no temp cited                   Determined by capillary penetration into packed polymer | powder.
polyethylene.txt		Wu, 1982(49)	Unknown	γs = 36.2 mJ/m2; 20oC                            Measurement method not cited; PE molded under nitrogen.
polyethylene.txt		Wu, 1982(49)	Unknown	γs = 36.2 mJ/m2; 20oC                            Measurement method not cited; PE molded against PTFE.
polyethyl_methacrylate.txt		Lee, 1968(131)	Critical ST	γc = 33 mJ/m2; no temp cited                     Test liquids: water, glycerol, formamide, alcohols, and long- | chain polyglycols.
polyethyl_methacrylate.txt		Kamagata, 1974(301)	Critical ST	γc = 31.5 mJ/m2; 20oC                            Test liquids not known.
polyethyl_methacrylate.txt		Kutsch, 1993(102)	Critical ST	γc = 33 mJ/m2; no temp cited                     Test liquids not known.
polyethyl_methacrylate.txt		Iyengar, 1996(258)	Contact angle	γs = 33.6 mJ/m2; no temp cited                   Test liquids not known.
polyethyl_methacrylate.txt		Kwok, 2000(57)	Contact angle	γc = 33.6 mJ/m2; no temp cited                   Four unknown test liquids; surface tension calculated by | equation of state approach.
polyethyl_methacrylate.txt		Wu, 1971(41)	From polymer melt	γs = 35.9 mJ/m2; 20oC                            Direct measurement of polymer melt extrapolated to 20oC. | Mv = 5200.
polyethyl_methacrylate.txt		Wu, 1968(182)	Calculated	γs = 33 mJ/m2; 20oC                              Calculated from molecular constitution.
polyethyl_methacrylate.txt		Sewell, 1971(193)	Calculated	γs = 29.0 mJ/m2; no temp cited                   Calculated from parachor and cohesive energy.
polyethyl_methacrylate.txt		Pritykin, 1986(199)	Calculated	γs = 35.3 mJ/m2; no temp cited                   Calculated from cohesion parameters and monomer | refractometric characteristics, equation 1.
polyethyl_methacrylate.txt		Pritykin, 1986(199)	Calculated	γs = 35.6 mJ/m2; no temp cited                   Calculated from cohesion parameters and monomer | refractometric characteristics, equation 2.
polyethyl_methacrylate.txt		Surface-tension.de, 2007(110)	Unknown	γs = 35.9 mJ/m2 (γsd = 26.9, γsp = 9.0); 20oC    No details available.
polyhexafluoropropylene.txt		Bernett, 1961(10)	Critical ST	γc = 16.2 mJ/m2; 20oC                             Test liquids not known.
polyhexafluoropropylene.txt		Crocker, 1969(111)	Critical ST	γc = 16-17 mJ/m2; no temp cited                   Test liquids not known.
polyhexafluoropropylene.txt		Wu, 1971(29)	Contact angle	θWY = 112o; 20oC
polyhexafluoropropylene.txt		Kitazaki, 1972(191)	Contact angle	γs = 14.9 mJ/m2 (γsd = 14.9, γsp = 0.0);          Various test liquids; original results split polar component into | no temp cited                                     hydrogen- and non-hydrogen bonding parameters.
polyhexafluoropropylene.txt		Wu, 1979(45)	Contact angle	γc = 18.0 mJ/m2; 20oC                             Test liquids not known; calculated by the equation of state | method.
polyhexafluoropropylene.txt		Wu, 1982(29)	Contact angle	γs = 12.8 mJ/m2 (γsd = 12.0, γsp = 0.8); 20oC     Test liquids: water and diiodomethane, by geometric mean | equation.
polyhexafluoropropylene.txt		Wu, 1982(29)	Contact angle	γs = 17.0 mJ/m2 (γsd = 14.0, γsp = 3.0); 20oC     Test liquids: water and diiodomethane, by harmonic mean | equation.
polyhexafluoropropylene.txt		Good, 1964(16)	Calculated	γs = 19.0 mJ/m2; 20oC                             Calculated from molecular constants, using u = 1.2 debyes.
polyimide_kapton.txt		Kogoma, 1987(66)	Contact angle	θWY = 73o; no temp cited
polyimide_kapton.txt		Egitto, 1990(65)	Contact angle	θWY = 70o; no temp cited                         Kapton film.
polyimide_kapton.txt		Thomas, 1991(242)	Contact angle	θWA = 70o, θWR = 47o, dθW = 23o;                 PMDA-ODA polyimide. | no temp cited
polyimide_kapton.txt		Matienzo, 1992(243)	Contact angle	θWY = 70o; no temp cited                         Kapton-H (PMDA-ODA) film.
polyimide_kapton.txt		Matienzo, 1992(243)	Contact angle	θWY = 70o; no temp cited                         Upilex-S (BPDA-PDA) film.
polyimide_kapton.txt		Matienzo, 1992(243)	Contact angle	θWY = 71o; no temp cited                         Upilex-R (BPDA-ODA) film.
polyimide_kapton.txt		Inagaki, 1994(115)	Contact angle	θWA = 74.7o; 20oC                                Kapton H film.
polyimide_kapton.txt		Lee, 1996(244)	Contact angle	θWA = 85o, θWR = 38o, dθW = 47o;                 PMDA-ODA polyimide. | no temp cited
polyimide_kapton.txt		Lee, 1996(244)	Contact angle	θWA = 79o, θWR = 41o, dθW = 38o;                 BPDA-PDA polyimide. | no temp cited
polyimide_kapton.txt		Lee, 1996(244)	Contact angle	θWA = 87o, θWR = 67o, dθW = 20o;                 6FDA-ODA (fluorinated) polyimide. | no temp cited
polyimide_kapton.txt		Gotoh, 2000(100)	Contact angle	θWA = 76.9o, θWR = 39.5o, dθW = 37.4o;           Measured by sessile drop method; Kapton 100H. | no temp cited
polyimide_kapton.txt		Gotoh, 2004(92)	Contact angle	θWA = 76.4o; θWR = 38.2o, dθW = 38.2o;           Measured by Wilhelmy plate method; Kapton 100H. | no temp cited
polyimide_kapton.txt		Cho, 2005(226)	Contact angle	θWY = 75o; no temp cited                         Measured by sessile drop method.
polyimide_kapton.txt		Wu, 1989(273)	Contact angle	γs = 41.0 mJ/m2 (γsd = 26.3, γsp = 14.7);        Test liquids not known. Kapton H film.
polyimide_kapton.txt		Inagaki, 1994(115)	Contact angle	γs = 37 mJ/m2 ; 20oC                             Test liquids: water, diiodomethane, glycerol, formamide, and | tricresyl phosphate. Kapton H film.
polyimide_kapton.txt		Gotoh, 2004(92)	Contact angle	γs = 44.0 mJ/m2 (γsLW = 42.5, γsAB = 1.5,        Test liquids: water, diiodomethane, and ethylene glycol, | γs+ = 0.1, γs- = 6.0); no temp cited             by sessile drop method; acid-base analysis. Kapton 100H.
polyimide_kapton.txt		Cho, 2005(226)	Contact angle	γs = 53 mJ/m2 (γsd = 50, γsp = 3);               Test liquids: water and formamide. | no temp cited
polyimide_kapton.txt		Vetelino, 1997(81)	Calculated	θWA = 85o, θWR = 67o, dθW = 18o; no temp cited   OCG 285 polyimide; calculated from surface acoustic waves.
polyimide_kapton.txt		Vetelino, 1997(81)	Calculated	θWA = 75o, θWR = 46o, dθW = 29o; no temp cited   DuPont 5878 polyimide; calculated from surface acoustic | waves.
polymethacrylonitrile.txt		Wu, 1968(182)	Critical ST	γc = 39 mJ/m2; 20oC                             Test liquids not known.
polymethacrylonitrile.txt		Wu, 1968(182)	Calculated	γs = 39 mJ/m2; 20oC                             Calculated from molecular constitution.
polymethacrylonitrile.txt		Pritykin, 1986(199)	Calculated	γs = 42.8 mJ/m2; no temp cited                  Calculated from cohesion parameters and monomer | refractometric characteristics, equation 1.
polymethacrylonitrile.txt		Pritykin, 1986(199)	Calculated	γs = 45.1 mJ/m2; no temp cited                  Calculated from cohesion parameters and monomer | refractometric characteristics, equation 2.
polymethyl_acrylate.txt		Lee, 1967(183)	Critical ST	γc = 41 mJ/m2; no temp cited                     Test liquids: water, glycerol, formamide, alcohols, and long- | chain polyglycols.
polymethyl_acrylate.txt		Wu, 1971(41)	Critical ST	γc = 35 mJ/m2; 20oC                              Test liquids not known.
polymethyl_acrylate.txt		Partington, 1960(209)	From polymer melt	γs = 41.0 mJ/m2 (γsd = 40.0, γsp = 1.0); 20oC    Direct measurement of polymer melt extrapolated to 20oC. | Mw = 25,000.
polymethyl_acrylate.txt		Wu, 1971(41)	From polymer melt	γs = 41.0 mJ/m2 (γsd = 37.8, γsp = 3.2); 20oC    Direct measurement of polymer melt extrapolated to 20oC; | polarity calculated from interfacial tension with PE by | harmonic mean. Mw = 25,000.
polymethyl_acrylate.txt		Wu, 1971(41)	From polymer melt	γs = 40.1 mJ/m2; 20oC                            Direct measurement of polymer melt extrapolated to 20oC.
polymethyl_acrylate.txt		Wu, 1989(273)	From polymer melt	γs = 41.0 mJ/m2 (γsd = 30.8, γsp = 10.2); 20oC   Direct measurement of polymer melt extrapolated to 20oC. | Mn = 25,000.
polymethyl_acrylate.txt		Wu, 1989(273)	From polymer melt	γs = 42.7 mJ/m2 (γsd = 33.7, γsp = 9.0); 20oC    Direct measurement of polymer melt extrapolated to 20oC. | Molecular weight not specified.
polymethyl_acrylate.txt		Lee, 1968(131)	Calculated	γs = 39 mJ/m2; no temp cited                     Calculated from glass temperature of 279K.
polymethyl_acrylate.txt		Wu, 1968(182)	Calculated	γs = 40 mJ/m2; 20oC                              Calculated from molecular constitution.
polymethyl_acrylate.txt		Sewell, 1971(193)	Calculated	γs = 41.1 mJ/m2; no temp cited                   Calculated from parachor and cohesive energy.
polymethyl_acrylate.txt		Pritykin, 1986(199)	Calculated	γs = 35.1 mJ/m2; no temp cited                   Calculated from cohesion parameters and monomer | refractometric characteristics, equation 1.
polymethyl_acrylate.txt		Pritykin, 1986(199)	Calculated	γs = 38.0 mJ/m2; no temp cited                   Calculated from cohesion parameters and monomer | refractometric characteristics, equation 2.
polyoxymethylene.txt		Lee, 1967(183)	Critical ST	γc = 36 mJ/m2; no temp cited                     Test liquids not known.
polyoxymethylene.txt		Shafrin, 1975(297)	Critical ST	γc = 38 mJ/m2; 20oC                              Test liquids not known.
polyoxymethylene.txt		Kaelble, 1971(104)	Contact angle	θWY = 74.5o; 22oC                                Measured by sessile drop method; cleaned with detergent and | rinsed with distilled water.
polyoxymethylene.txt		Wu, 1982(27)	Contact angle	θWA = 79o, θWR = 54o, dθW = 25o; 20oC
polyoxymethylene.txt		Kaelble, 1971(104)	Contact angle	γs = 33.3 mJ/m2 (γsd = 21.8, γsp = 11.5); 22oC   Various test liquids.
polyoxymethylene.txt		Wu, 1989(273)	Contact angle	γs = 44.6 mJ/m2 (γsd = 30.5, γsp = 14.1); 20oC   Test liquids not known.
polyoxymethylene.txt		Wu, 1968(182)	Calculated	γs = 38 mJ/m2; 20oC                              Calculated from molecular constitution.
polyphenylene_sulfide.txt		Markgraf, 2005(62)	Critical ST	γc = 38 mJ/m2; no temp cited                      Test liquids not known.
polyphenylene_sulfide.txt		Wang, 2003(150)	Contact angle	θWY = 80o; no temp cited                          Test liquids: water and diiodomethane; contact angles measured | after stabilizing for 3 minutes. Additive-free PPS surface cleaned | with acetone.
polyphenylene_sulfide.txt		Wang, 2003(150)	Contact angle	θWY = 82o; no temp cited                          Test liquids: water and diiodomethane; contact angles measured | after stabilizing for 3 minutes. Glass fiber reinforced PPS | surface cleaned with acetone.
polyphenylene_sulfide.txt		Wang, 2003(150)	Contact angle	θWY = 79o; no temp cited                          Test liquids: water and diiodomethane; contact angles measured | after stabilizing for 3 minutes. Glass fiber and mineral filler | reinforced PPS surface, cleaned with acetone.
polyphenylene_sulfide.txt		Wang, 2003(150)	Contact angle	γs = 49.6 mJ/m2 (γsd = 47.5; γsp = 2.2);          Test liquids: water and diiodomethane. Additive-free PPS | no temp cited                                     surface, cleaned with acetone.
polyphenylene_sulfide.txt		Wang, 2003(150)	Contact angle	γs = 43.2 mJ/m2 (γsd = 40.5; γsp = 2.7);          Test liquids: water and diiodomethane. Glass fibre reinforced | no temp cited                                     PPS surface cleaned with acetone.
polyphenylene_sulfide.txt		Wang, 2003(150)	Contact angle	γs = 47.7 mJ/m2 (γsd = 44.1; γsp = 3.6);          Test liquids: water and diiodomethane. Glass fibre and mineral | no temp cited                                     filler reinforced PPS surface, cleaned with acetone.
polypropylene_glycol.txt		Lee, 1967(183)	Critical ST	γc = 32 mJ/m2; no temp cited                     Test liquids not known.
polypropylene_glycol.txt		Rastogi, 1971(245)	From polymer melt	γs = 30.9 mJ/m2; 20oC                            Measurement by pendant drop of polymer melt extrapolated | to 20oC. Mn = 3,000.
polypropylene_glycol.txt		Kasemura, 1978(283)	From polymer melt	γs = 31.7 mJ/m2 (γsd = 31.3, γsp = 0.4); 20oC    Measurement of polymer melt extrapolated to 20oC.
polypropylene_glycol.txt		Wu, 1989(273)	From polymer melt	γs = 31.2 mJ/m2; 20oC                            Measurement of polymer melt extrapolated to 20oC. | Mn = 3,000.
polypropylene_glycol.txt		Wu, 1968(182)	Calculated	γs = 28 mJ/m2; 20oC                              Calculated from molecular constitution.
polypropylene_glycol.txt		Sewell, 1971(193)	Calculated	γs = 26.9 mJ/m2; no temp cited                   Calculated from parachor and cohesive energy.
polypropylene_glycol.txt		Wu, 1982(18)	Calculated	γs = 31.6 mJ/m2; 20oC                            Calculated from cohesive energy density and solubility | parameters.
polypropylene_glycol.txt		Van Ness, 1992(186)	Calculated	γs = 33.8 mJ/m2; 20oC                            Calculated molten surface tension value, extrapolated to 20oC.
polypropylene.txt		Lee, 1968(131)	Critical ST	γc = 29 mJ/m2; no temp cited              Test liquids: water, glycerol, formamide, alcohols, and long- | chain polyglycols.
polypropylene.txt		Shafrin, 1975(297)	Critical ST	γc = 32 mJ/m2; 20oC                       Test liquids not known.
polypropylene.txt		Markgraf, 2005(62)	Critical ST	γc = 29-31 mJ/m2; no temp cited           Test liquids not known.
polypropylene.txt		Schonhorn, 1966(237)	Contact angle	θWA = 108o; no temp cited
polypropylene.txt		Strobel, 1985(68)	Contact angle	θWA = 104o; no temp cited                 Measured by sessile drop method.
polypropylene.txt		Winters, 1985(184)	Contact angle	θWY = 100o; no temp cited
polypropylene.txt		Kogoma, 1987(66)	Contact angle	θWY = 105o; no temp cited
polypropylene.txt		Strobel, 1987(84)	Contact angle	θWA = 104o; no temp cited
polypropylene.txt		Marchant, 1988(120)	Contact angle	θWA = 95.9o; no temp cited                Oriented PP.
polypropylene.txt		Dewez, 1991(78)	Contact angle	θWY = 95o; no temp cited
polypropylene.txt		Inagaki, 1991(240)	Contact angle	θWY = 98o; no temp cited
polypropylene.txt		Occhiello, 1991(202)	Contact angle	θWY = 87.5o; no temp cited
polypropylene.txt		Occhiello, 1991(202)	Contact angle	θWA = 95o, θWR = 80o, dθW = 15o; | no temp cited
polypropylene.txt		Sauer, 1991(210)	Contact angle	θWA = 116o; 25oC                          Isotactic PP.
polypropylene.txt		Bonnerup, 1993(7)	Contact angle	θWY = 89o; no temp cited                  Washed with toluene and isopropanol, then dried overnight.
polypropylene.txt		Good, 1993(19)	Contact angle	θWA = 106o, θWR = 86o, dθW = 20o; | no temp cited
polypropylene.txt		Strobel, 1993(3)	Contact angle	θWA = 117o, θWR = 95o, dθW = 22o; 20oC
polypropylene.txt		Fukuzawa, 1994(113)	Contact angle	θWY = 95.6o; no temp cited                Contact angle measured after stabilizing for 15 secs.
polypropylene.txt		Inagaki, 1996(83)	Contact angle	θWA = 99o; no temp cited
polypropylene.txt		Inagaki, 1996(83)	Contact angle	θWA = 117o; no temp cited
polypropylene.txt		Sarmadi, 1996(198)	Contact angle	θWY = 98.5o; no temp cited
polypropylene.txt		Strobel, 1996(95)	Contact angle	θWA = 117o, θWR = 95o, dθW = 22o;         Measured by sessile drop method. | no temp cited
polypropylene.txt		Della Volpe, 1998(140)	Contact angle	θWA = 108.7o, θWR = 87.8o, dθW = 19.9o; | no temp cited
polypropylene.txt		Angu, 2000(220)	Contact angle	θWY = 89.2o; no temp cited                Underwater captive bubble method, measured on concave | tubular surface; technique A.
polypropylene.txt		Angu, 2000(220)	Contact angle	θWY = 93.1o; no temp cited                Underwater captive bubble method, measured on concave | tubular surface; technique B.
polypropylene.txt		Cho, 2000(99)	Contact angle	θWY = 93o; no temp cited                  Measured by sessile drop method.
polypropylene.txt		Johansson, 2000(101)	Contact angle	θWA = 99o; no temp cited                  Oriented PP.
polypropylene.txt		Gotoh, 2004(92)	Contact angle	θWA = 110.4o; no temp cited               Measured by sessile drop method.
polypropylene.txt		Gotoh, 2004(92)	Contact angle	θWA = 112o, θWR = 90o, dθW = 22o;         Measured by Wilhelmy plate method. | no temp cited
polypropylene.txt		Kitazaki, 1972(191)	Contact angle	γs = 29.8 mJ/m2 (γsd = 29.8, γsp = 0.0);     Various test liquids; original results split polar component into | no temp cited                                hydrogen- and non-hydrogen bonding parameters.
polypropylene.txt		Brewis, 1981(261)	Contact angle	γs = 30.2 mJ/m2 (γsd = 30.2, γsp = 0.0);     Test liquids not known. | no temp cited
polypropylene.txt		Marchant, 1988(120)	Contact angle	γs = 28.4 mJ/m2 (γsd = 27.0, γsp = 1.4);     Test liquids: water and diiodomethane; oriented PP. | no temp cited
polypropylene.txt		Tsutsui, 1989(188)	Contact angle	γs = 28.7 mJ/m2 (γsd = 23.4, γsp = 5.3);     Test liquids: water and diiodomethane; oriented PP. | no temp cited                                Test liquids: water and diiodomethane.
polypropylene.txt		van Oss, 1989(22)	Contact angle	γs = 25.7 mJ/m2 (γsLW = 25.7, γsAB = 0.0,    Test liquids: water, alpha-bromonaphthalene, diiodomethane, | γs+ = 0.0 mJ/m2, γs- = 0.0); 20oC            formamide, and glycerin; acid-base analysis.
polypropylene.txt		Occhiello, 1991(202)	Contact angle	γs = 30.3 mJ/m2 (γsd = 26.7, γsp = 3.6);     Test liquids: water and diiodomethane. | no temp cited
polypropylene.txt		Sauer, 1991(210)	Contact angle	γs = 29.0 mJ/m2; 25oC                        Test liquids not known; from advancing contact angle. Isotactic | PP.
polypropylene.txt		Bonnerup, 1993(7)	Contact angle	γs = 36.6 mJ/m2 (γsd = 30.1, γsp = 6.5);     Test liquids: water and diiodomethane; washed with toluene | no temp cited                                and isopropanol, then dried overnight.
polypropylene.txt		Good, 1993(19)	Contact angle	γs = 32.6 mJ/m2 (γsLW = 32.6, γsAB = 0.0,    Test liquids: water, glycerol, diiodomethane; acid-base analysis | γs+ = 0.0, γs- = 0.0); no temp cited         based on advancing contact angle.
polypropylene.txt		Good, 1993(19)	Contact angle	γs = 38.1 mJ/m2 (γsLW = 35.9, γsAB = 2.2,    Test liquids: water, glycerol, diiodomethane; acid-base analysis | γs+ = 1.3, γs- = 0.9); no temp cited         based on receding contact angle.
polypropylene.txt		Fukuzawa, 1994(113)	Contact angle	γs = 31.2 mJ/m2 (γsLW = 31.1, γsAB = 0.05,   Test liquids: water, formamide, and diiodomethane; acid-base | γs+ = 0.0, γs- = 2.1); no temp cited         analysis, calculated per Good and Van Oss(86). Contact | angles | measured after stabilizing for 15 secs. | Fukuzawa, 1994      (113)
polypropylene.txt			Contact angle	γs = 32.2 mJ/m ; no temp cited | 2 | Test liquids: water, formamide, and diiodomethane; acid-base | analysis calculated by arithmetic and geometric means.
polypropylene.txt		Inagaki, 1996(83)	Contact angle	γs = 27.2 mJ/m2 (γsd = 25.9, γsp = 1.3);     Test liquids: water, glycerol, formamide, diiodomethane, and | no temp cited                                tricresyl phosphate; based on advancing contact angles.
polypropylene.txt		Sarmadi, 1996(198)	Contact angle	γs = 30.8 mJ/m2 (γsd = 30.6, γsp = 0.2);     Test liquids not known. | no temp cited
polypropylene.txt		Morra, 1999(134)	Contact angle	γs = 28.3 mJ/m2 (γsLW = 28.3, γ sAB = 0.0,   Test liquids not known; acid-base analysis based on reference | γs+ = 0.0, γs- = 0.0); no temp cited         values for water of γ+ = 48.5 mJ/m2 and γ- = 11.2 mJ/m2.
polypropylene.txt		Della Volpe, 2000(163)	Contact angle	γs = 31.9 mJ/m2; no temp cited               Re-calculated from data produced by Della Volpe, 1998(140).
polypropylene.txt		Grundke, 2000(256)	Contact angle	γs = 30.4 mJ/m2; no temp cited
polypropylene.txt		Della Volpe, 2002(141)	Contact angle	γs = 31.3 mJ/m2 (γsLW = 31.3, γsAB = 0.08,   Various test liquids; acid-base analysis based on reference | γs+ = 0.09, γs- = 0.02); no temp cited       values for water of γ+ = 48.5 mJ/m2 and γ- = 11.2 mJ/m2; | from advancing contact angles.
polypropylene.txt		Della Volpe, 2002(141)	Contact angle	γs = 36.3 mJ/m2 (γsLW = 36.3, γsAB = 0.0,    Various test liquids; acid-base analysis based on reference values | γs+ = 0.0, γs- = 0.0); no temp cited         for water of γ+ = 48.5 mJ/m2 and γ- = 11.2 mJ/m2; from equil- | ibrium (average of advancing and retreating) contact angles.
polypropylene.txt		Berta, 2003(262)	Contact angle	γs = 30.7 mJ/m2 (γsd = 24.9, γsp = 5.8);     Test liquids not known; calculated by harmonic mean | no temp cited                                    equation.
polypropylene.txt		Berta, 2003(262)	Contact angle	γs = 28.6 mJ/m2 (γsd = 26.5, γsp = 2.1);         Test liquids not known; by geometric mean equation. | no temp cited
polypropylene.txt		Gotoh, 2004(92)	Contact angle	γs = 32.8 mJ/m2 (γsLW = 32.6, γsAB = 0.2,        Test liquids: water, diiodomethane, and ethylene glycol; by | γs+ = 0.1, γs- = 0.1); no temp cited             sessile drop method; acid-base analysis.
polypropylene.txt		Roe, 1968(32)	From polymer melt	γs = 29.4 mJ/m2; 20oC                            Direct measurement of polymer melt extrapolated to 20oC. | Atactic PP.
polypropylene.txt		Schonhorn, 1965(194)	From polymer melt	γs = 28.3 mJ/m2; 20oC                            Direct measurement of polymer melt extrapolated to 20oC. | Isotactic PP, Mn = 3000.
polypropylene.txt		Oda, 1968(207)	From polymer melt	γs = 30.1 mJ/m2 (γsd = 29.5, γsp = 0.6); 20oC    Direct measurement of polymer melt extrapolated to 20oC; | polarity calculated from interfacial tension with PE by | harmonic mean. Mixture of atactic and isotactic PP.
polypropylene.txt		Lee, 1968(131)	Calculated	γs = 28 mJ/m2; no temp cited                     Calculated from glass temperature of 253K.
polypropylene.txt		Wu, 1968(182)	Calculated	γs = 27 mJ/m2; 20oC                              Calculated from molecular constitution.
polypropylene.txt		Sewell, 1971(193)	Calculated	γs = 27.8 mJ/m2; no temp cited                   Calculated from parachor and cohesive energy.
polypropylene.txt		Sewell, 1971(193)	Calculated	γs = 23.0 mJ/m2; no temp cited                   Calculated by least squares from cohesive energy and molar | volume.
polypropylene.txt		Van Krevelen, 1976(85)	Calculated	γs = 32.5 mJ/m2; no temp cited                   Calculated from parachor parameter.
polypropylene.txt		Wu, 1982(18)	Calculated	γs = 28.5 mJ/m2; 20oC                            Calculated from cohesive energy density and solubility | parameters.
polypropylene.txt		Van Ness, 1992(186)	Calculated	γs = 30.9 mJ/m2; 20oC                            Calculated molten surface tension value, extrapolated to 20oC. | Grundke, 2000(256)       Other               γs = 30.2 mJ/m2; no temp cited                   Determined by capillary penetration into packed polymer | powder.
polystyrene.txt		Ellison, 1954(8)	Critical ST	γc = 33 mJ/m2; 20oC                      Test liquids not known.
polystyrene.txt		Shafrin, 1963(201)	Critical ST	γc = 43 mJ/m2; no temp cited             Test liquids not known.
polystyrene.txt		Shafrin, 1963(201)	Critical ST	γc = 35 mJ/m2; no temp cited             From polar test liquids only.
polystyrene.txt		Jarvis, 1964(15)	Critical ST	γc = 33 mJ/m2; 25oC                      Various test liquids.
polystyrene.txt		Lee, 1968(131)	Critical ST	γc = 36 mJ/m2; no temp cited             Test liquids: water, glycerol, formamide, alcohols, and long- | chain polyglycols; atactic PS.
polystyrene.txt		Dann, 1970(94)	Critical ST	γc = 30.5 mJ/m2; 25oC                    Ethylene glycol/2-ethoxyethanol mixes, based on advancing | contact angles.
polystyrene.txt		Dann, 1970(94)	Critical ST	γc = 30.5 mJ/m2; 25oC                    Ethylene glycol/2-ethoxyethanol mixes, based on retreating | contact angles.
polystyrene.txt		Dann, 1970(94)	Critical ST	γc = 31.5 mJ/m2; 25oC                    Polyglycol blends, based on advancing contact angles.
polystyrene.txt		Dann, 1970(94)	Critical ST	γc = 37 mJ/m2; 25oC                      Polyglycol blends, based on retreating contact angles.
polystyrene.txt		Dann, 1970(94)	Critical ST	γc = 30 mJ/m2; 25oC                      Formamide/2-ethoxyethanol mixes, based on advancing | contact angles.
polystyrene.txt		Dann, 1970(94)	Critical ST	γc = 34 mJ/m2; 25oC                      Formamide/2-ethoxyethanol mixes, based on retreating | contact angles.
polystyrene.txt		Dann, 1970(94)	Critical ST	γc = 36 mJ/m2; 25oC                      Per ASTM D-2578, using formamide/2-ethoxyethanol mixes.
polystyrene.txt		Markgraf, 2005(62)	Critical ST	γc = 33 mJ/m2; no temp cited             Test liquids not known; low ionomer PS.
polystyrene.txt		Markgraf, 2005(62)	Critical ST	γc = 38 mJ/m2; no temp cited             Test liquids not known; high ionomer PS.
polystyrene.txt		Jarvis, 1964(15)	Contact angle	θWA = 96o; 25oC, 15-30% RH               Polymer surface prepared by solvent evaporation
polystyrene.txt		Jarvis, 1964(15)	Contact angle	θWA = 93o; 25oC, 15-30% RH               Smooth surface prepared by pressing polymer powder against | stainless steel at 25oC
polystyrene.txt		Dann, 1970(94)	Contact angle	θWA = 84o; 25oC                          Sessile drop method; surface cleaned with detergent and rinsed | with distilled water.
polystyrene.txt		Wu, 1971(29)	Contact angle	θWA = 91o; 20oC
polystyrene.txt		Westerdahl, 1974(63)	Contact angle	θWY = 88o; no temp cited                Dow 475 modified PS film, thickness 10 mils.
polystyrene.txt		Omenyi, 1981(178)	Contact angle	θWA = 84o; 22oC
polystyrene.txt		Wu, 1982(27)	Contact angle	θWA = 91o, θWR = 84o, dθW = 7o; 20oC
polystyrene.txt		Triolo, 1983(189)	Contact angle	θWR = 86o; no temp cited                 Spincast on silanized coverslips. Fully hydrated sample | immersed in water; interface with advancing, submerged | octane bubble. Mn = 84,600.
polystyrene.txt		Wang, 1983(249)	Contact angle	θWA = 90o; no temp cited                 Amorphous, atactic, non-oriented PS, Mw = 67,000; surface | polished and cleaned.
polystyrene.txt		Wang, 1983(249)	Contact angle	θWA = 90o; no temp cited                 Amorphous, atactic PS, Mw = 67,000; oriented with 3:1 draw | ratio. Contact angle measured perpindicular to orientation; | surface polished and cleaned.
polystyrene.txt		Wang, 1983(249)	Contact angle	θWA = 82o; no temp cited                 Amorphous, atactic PS, Mw = 67,000; oriented with 3:1 draw | ratio. Contact angle measured parallel to orientation; surface | polished and cleaned.
polystyrene.txt		Wang, 1983(249)	Contact angle	θWA = 98o; no temp cited                        Amorphous, atactic PS, Mw = 67,000; oriented with 4.5:1 | draw ratio. Contact angle measured perpindicular to orienta- | tion; surface polished and cleaned.
polystyrene.txt		Wang, 1983(249)	Contact angle	θWA = 75o; no temp cited                        Amorphous, atactic PS, Mw = 67,000; oriented with 4.5:1 | draw ratio. Contact angle measured parallel to orientation; | surface polished and cleaned.
polystyrene.txt		Guiseppe, 1986(77)	Contact angle	θWY = 84o; no temp cited
polystyrene.txt		Cheever, 1986(71)	Contact angle	θWY = 85o; no temp cited                        Molded PS.
polystyrene.txt		Strobel, 1987(192)	Contact angle	θWA = 88o; no temp cited                        Commercial grade biaxially-oriented film, thickness 1.5 mils.
polystyrene.txt		Occhiello, 1990(203)	Contact angle	θWA = 90o, θWR = 78o, dθW = 12o;                Measured by sessile drop. Mw = 2700. | no temp cited
polystyrene.txt		Occhiello, 1990(203)	Contact angle	θWA = 90o, θWR = 79o, dθW = 11o;                Measured by sessile drop. Mw = 50,000. | no temp cited
polystyrene.txt		Jonsson, 1992(112)	Contact angle	θWY = 81o; no temp cited                        Cleaned by sonification in a 70/30 ethanol/water solution and | rinsed with distilled water.
polystyrene.txt		Fukuzawa, 1994(113)	Contact angle	θWY = 91.3o; no temp cited                      Contact angle measured after stabilizing for 15 secs.
polystyrene.txt		Baier, 1996(148)	Contact angle	θWY = 90o; no temp cited
polystyrene.txt		Cho, 2005(226)	Contact angle	θWY = 73o; no temp cited                        Measured by sessile drop method.
polystyrene.txt		Kondyurin, 2006(277)	Contact angle	θWY = 90o; no temp cited
polystyrene.txt		Carre, 2007(61)	Contact angle	θWA = 85.4o; 22oC
polystyrene.txt		Dann, 1970(94)	Contact angle	γsd = 40 mJ/m2; 25oC                            Various test liquids.
polystyrene.txt		Wu, 1971(29)	Contact angle	γs = 42.0 mJ/m2 (γsd = 41.2, γsp = 0.8); 20oC   Test liquids: water and diiodomethane, by geometric mean | equation.
polystyrene.txt		Wu, 1971(29)	Contact angle	γs = 42.6 mJ/m2 (γsd = 38.3, γsp = 4.3); 20oC   Test liquids: water and diiodomethane, by harmonic mean | equation.
polystyrene.txt		Kitazaki, 1972(191)	Contact angle	γs = 40.6 mJ/m2 (γsd = 33.8, γsp = 6.8);        Various test liquids; original results split polar component into | no temp cited                                   hydrogen- and non-hydrogen bonding parameters.
polystyrene.txt		Van Krevelen, 1976(85)	Contact angle	γs = 42.0 mJ/m2 (γsd = 41.4, γsp = 0.6);        Test liquids not known. | no temp cited
polystyrene.txt		Wu, 1979(45)	Contact angle	γc = 43.0 mJ/m2; 20oC                           Test liquids not known; calculated by the equation of state | method.
polystyrene.txt		Omenyi, 1981(178)	Contact angle	γs = 32.4 mJ/m2; 22oC                           Test liquids not known.
polystyrene.txt		van Oss, 1986(25)	Contact angle	γs = 42 mJ/m2 (γsLW = 42, γsAB = 0.0,           Test liquids: water, alpha-bromonaphthalene, diiodomethane, | γs+ = 0.0, γs- = 1.1); 20oC                     formamide, and glycerin; acid-base analysis.
polystyrene.txt		Fukuzawa, 1994(113)	Contact angle	γs = 30.6 mJ/m2 (γsLW = 33.4, γsAB = -2.8,      Test liquids: water, formamide, and diiodomethane; acid-base | γs+ = 0.36, γs- = 5.3); no temp cited           analysis, calculated per Good and Van Oss(86). Contact angles | measured after stabilizing for 15 secs.
polystyrene.txt		Fukuzawa, 1994(113)	Contact angle	γs = 34.8 mJ/m2; no temp cited                  Test liquids: water, formamide, and diiodomethane; acid-base | analysis calculated by arithmetic and geometric means.
polystyrene.txt		Morra, 1999(134)	Contact angle	γs = 38.2 mJ/m2 (γsLW = 38.4, γsAB = -0.2,      Test liquids not known; acid-base analysis based on reference | γs+ = 0.03, γs- = 0.2); no temp cited           values for water of γ+ = 48.5 mJ/m2 and γ- = 11.2 mJ/m2.
polystyrene.txt		Kwok, 2000(166)	Contact angle	γc = 28.9 mJ/m2; no temp cited                  Re-calculated by equation of state method from data produced | by Ellison, 1954(13).
polystyrene.txt		Kwok, 2000(166)	Contact angle	γc = 29.7 mJ/m2; no temp cited                  Re-calculated by equation of state method from data produced | by Kwok, 1998(169).
polystyrene.txt		Kwok, 2000(166)	Contact angle	γc = 29.5 mJ/m2; no temp cited                  Re-calculated by alternate equation of state method from data | produced by Kwok, 1998(169).
polystyrene.txt		Cho, 2005(226)	Contact angle	γs = 44 mJ/m2 (γsd = 38, γsp = 6);              Test liquids: water and formamide. | no temp cited
polystyrene.txt		Marian, 1963(197)	From polymer melt	γs = 32.4 mJ/m2; 20oC                           Direct measurement of polymer melt extrapolated to 20oC.
polystyrene.txt		Oda, 1968(247)	From polymer melt	γs = 40.8 mJ/m2; 20oC                           Measurement by sessile bubble of polymer melt extrapolated | to 20oC. Mv = 44,000.
polystyrene.txt		LeGrand, 1969(36)	From polymer melt	γs = 39.4 mJ/m2; 20oC                           Direct measurement of polymer melt extrapolated to 20oC. | Mn = 9200.
polystyrene.txt		LeGrand, 1969(36)	From polymer melt	γs = 39.3 mJ/m2; 20oC                           Direct measurement of polymer melt extrapolated to 20oC. | Mn = 1680.
polystyrene.txt		Bender, 1970(248)	From polymer melt	γs = 39.3 mJ/m2; 20oC                           Measurement by sessile bubble of polymer melt extrapolated | to 20oC; anionic polymerized PS, Mn = 9,290.
polystyrene.txt		Wu, 1970(35)	From polymer melt	γs = 40.6 mJ/m2 (γsd = 32.5, γsp = 8.1); 20oC   Direct measurement of polymer melt extrapolated to 20oC.
polystyrene.txt		Wu, 1970(35)	From polymer melt	γs = 40.7 mJ/m2 (γsd = 33.9, γsp = 6.8); 20oC   Measurement by pendant drop of polymer melt extrapolated | to 20oC. Mv = 44,000.
polystyrene.txt		Wu, 1971(29)	From polymer melt	γs = 40.7 mJ/m2 (γsd = 34.3, γsp = 6.4); 20oC   Measurement by pendant drop of polymer melt extrapolated | to 20oC; polarity calculated from interfacial tension with PE by | geometric mean equation.
polystyrene.txt		Lee, 1968(131)	Calculated	γs = 29 mJ/m2; no temp cited                    Calculated from glass temperature of 373K; atactic PS.
polystyrene.txt		Wu, 1968(182)	Calculated	γs = 36 mJ/m2; 20oC                             Calculated from molecular constitution.
polystyrene.txt		Wu, 1970(35)	Calculated	γs = 37.5 mJ/m2; 20oC                           Calculated from parachor and molecular weight.
polystyrene.txt		Sewell, 1971(193)	Calculated	γs = 31.3 mJ/m2; no temp cited                  Calculated from parachor and cohesive energy.
polystyrene.txt		Sewell, 1971(193)	Calculated	γs = 29.4 mJ/m2; no temp cited                  Calculated by least squares from cohesive energy and molar | volume.
polystyrene.txt		Wu, 1974(47)	Calculated	γs = 29.5 mJ/m2; 20oC                           Calculated from free volume theory and molecular weight.
polystyrene.txt		Wu, 1974(47)	Calculated	γs = 30.0 mJ/m2; 20oC                           Calculated from free volume theory and molecular weight.
polystyrene.txt		Van Krevelen, 1976(85)	Calculated	γs = 43 mJ/m2; no temp cited                    Calculated from parachor parameter.
polystyrene.txt		Wu, 1982(18)	Calculated	γs = 38.7 mJ/m2; 20oC                           Calculated from cohesive energy density and solubility | parameters.
polystyrene.txt		Pritykin, 1986(199)	Calculated	γs = 48.7 mJ/m2; no temp cited                  Calculated from cohesion parameters and monomer | refractometric characteristics, equation 1.
polystyrene.txt		Pritykin, 1986(199)	Calculated	γs = 40.4 mJ/m2; no temp cited                  Calculated from cohesion parameters and monomer | refractometric characteristics, equation 2.
polystyrene.txt		Van Ness, 1992(186)	Calculated	γs = 39.6 mJ/m2; 20oC                           Calculated molten surface tension value, extrapolated to 20oC. | Mangipudi, 1996(269)        Other     γs = 44 mJ/m2; no temp cited                    Measured by contact deformation per Johnson-Kendall-Roberts | method.
polystyrene.txt		Yagnyatinskaya, 1970(200)	Unknown	γs = 45.2 mJ/m2; no temp cited                  No details available.
polysulfone.txt		Markgraf, 2005(62)	Critical ST	γc = 41 mJ/m2; no temp cited                     Test liquids not known.
polysulfone.txt		Asfardjani, 1991(76)	Contact angle	θWY = 75o; no temp cited
polysulfone.txt		Vargha-Butler, 1985(180)	Contact angle	θWA = 66o; 20oC
polysulfone.txt		Vargha-Butler, 1985(180)	Contact angle	γc = 43.1 mJ/m2; 20oC                            Test liquids not known; calculated by the equation of state | method.
polysulfone.txt		Wu, 2003(53)	Contact angle	γs = 46.6 mJ/m2 (γsd = 30.4, γsp = 16.2); 20oC   Test liquids not known.
polysulfone.txt		Vargha-Butler, 1985(180)	Calculated	γs = 43.1 mJ/m2; 20oC                            Calculated from sedimentation volume.
polytrifluroethylene.txt		Ellison, 1954(8)	Critical ST	γc = 22 mJ/m2; 20oC                              Various test liquids.
polytrifluroethylene.txt		Shafrin, 1952(161)	Contact angle	θWY = 92o; no temp cited
polytrifluroethylene.txt		Shafrin, 1963(201)	Contact angle	γs = 23.9 mJ/m2 (γsd = 19.9, γsp = 4.0);         Test liquids not known. | no temp cited
polytrifluroethylene.txt		Kitazaki, 1972(191)	Contact angle	γs = 31.2 mJ/m2 (γsd = 22.1, γsp = 9.1);         Various test liquids; original results split polar component into | no temp cited                                    hydrogen- and non-hydrogen bonding parameters.
polytrifluroethylene.txt		Wu, 1979(45)	Contact angle	γs = 23.9 mJ/m2; 20oC                            Test liquids not known, by geometric mean equation.
polytrifluroethylene.txt		Wu, 1979(45)	Contact angle	γs = 27.3 mJ/m2 (γsd = 24.1, γsp = 3.2); 20oC    Test liquids not known, by harmonic mean equation.
polytrifluroethylene.txt		Wu, 1979(45)	Contact angle	γc = 29.5 mJ/m2; 20oC                            Test liquids not known, calculated by the equation of state | method.
polytrifluroethylene.txt		Morra, 1999(134)	Contact angle	γs = 25.4 mJ/m2 (γsLW = 23.1, γsAB = 2.3,        Test liquids not known; acid-base analysis based on reference | γs+ = 1.8, γs- = 0.7); no temp cited             values for water of γ+ = 48.5 mJ/m2 and γ- = 11.2 mJ/m2.
polytrifluroethylene.txt		Chang, 2000(162)	Contact angle	γs = 24.8 mJ/m2; no temp cited
polytrifluroethylene.txt		Kwok, 2000(166)	Contact angle	γc = 28.1 mJ/m2; no temp cited                   Re-calculated by equation of state method from data produced | by Ellison, 1954(8).
polytrifluroethylene.txt		Van Krevelen, 1976(85)	Calculated	γs = 29 mJ/m2; no temp cited                     Calculated from parachor parameter.
polyurethane.txt		Busscher, 1983(158)	Contact angle	θWY = 89o; no temp cited                         No details on material tested.
polyurethane.txt		Ratner, 1988(89)	Contact angle	θWY = 72o; no temp cited                         No details on material tested.
polyurethane.txt		Ratner, 1988(89)	Contact angle	θWY = 79o; no temp cited                         No details on material tested.
polyurethane.txt		Tingey, 1988(90)	Contact angle	θWA = 82o, θWR = 51o, dθW = 31o; no temp cited   100% PTMO Vialon polyurethane.
polyurethane.txt		Tingey, 1988(90)	Contact angle	θWA = 79o, θWR = 33o, dθW = 46o; no temp cited   67% PTMO/33% PEO Vialon polyurethane.
polyurethane.txt		Tingey, 1988(90)	Contact angle	θWA = 71o, θWR = 31o, dθW = 40o; no temp cited   33% PTMO/67% PEO Vialon polyurethane.
polyurethane.txt		Tingey, 1988(90)	Contact angle	θWA = 55o, θWR = 30o, dθW = 25o; no temp cited   100% PEO Vialon polyurethane.
polyurethane.txt		Tingey, 1988(90)	Contact angle	θWA = 82-87o, θWR = 50-51o, dθW = 30-36o;        Vialon 510X (4 formulations, from 45 to 75 Shore hardness). | no temp cited
polyurethane.txt		Tingey, 1988(90)	Contact angle	θWA = 88o, θWR = 50o, dθW = 38o; no temp cited   Pellethane polyurethane.
polyurethane.txt		Tingey, 1988(90)	Contact angle	θWA = 93o, θWR = 45o, dθW = 48o; no temp cited   Mitrathane polyurethane.
polyurethane.txt		Tingey, 1988(90)	Contact angle	θWA = 90o, θWR = 0o, dθW = 90o; no temp cited    Biomer polyurethane.
polyurethane.txt		Tingey, 1988(90)	Contact angle	θWA = 105o, θWR = 29o, dθW = 76o;                Lycra polyurethane. | no temp cited
polyurethane.txt		Fukuzawa, 1994(113)	Contact angle	θWY = 82.4o; no temp cited                       Contact angle measured after stabilizing for 15 secs.
polyurethane.txt		Argyropoulos, 2009(227)	Contact angle	θWY = 67o; 23oC                                  Coating formed from commercial polyurethane dispersion | from polyester-based polyol.
polyurethane.txt		Argyropoulos, 2009(227)	Contact angle	θWY = 73o; 23oC                                  Coating formed from polyurethane dispersion from adipate- | based polyol.
polyurethane.txt		Argyropoulos, 2009(227)	Contact angle	θWY = 73o; 23oC                                  Coating formed from polyurethane dispersion from | caprolactone-based polyol.
polyurethane.txt		Argyropoulos, 2009(227)	Contact angle	θWY = 85o; 23oC                                  Coating formed from polyurethane dispersion from soy-based | polyol.
polyurethane.txt		Nyilas, 1975(296)	Contact angle	γs = 38.6 mJ/m2 (γsd = 31.1, γsp = 7.5); 20oC    Test liquids not known. Poly(hexamethylene diisocyanate-alt- | triethylene glycol).
polyurethane.txt		Nyilas, 1975(296)	Contact angle	γs = 36.3 mJ/m2 (γsd = 23.8, γsp = 12.5); 20oC   Test liquids not known. Poly(4-methyl-1,3-phenylene | diisocyanate-alt-tripropylene glycol).
polyurethane.txt		Busscher, 1983(158)	Contact angle	γs = 39 mJ/m2 (γsd = 32.0, γsp = 7.0); 20oC      Test liquids not known. ESTANE 5714.
polyurethane.txt		Ratner, 1988(89)	Contact angle	γs = 45.2 mJ/m2 (γsd = 31.3, γsp = 13.9);        Test liquids: water and diiodomethane, by harmonic mean | no temp cited                                    equation; no details on material tested.
polyurethane.txt		Ratner, 1988(89)	Contact angle	γs = 39.2 mJ/m2 (γsd = 27.5, γsp = 11.7);        Test liquids: water and diiodomethane; by harmonic mean | no temp cited                                    equation; no details on material tested.
polyurethane.txt		Berger, 1991(145)	Contact angle	γs = 38.7 mJ/m2 (γsd = 34.3; γsp = 4.4);         Various test liquids, by geometric mean equation. | no temp cited                                    Commercial two part urethane adhesive.
polyurethane.txt		Vargo, 1991(185)	Contact angle	γs = 32.4 mJ/m2; no temp cited                   Various test liquids; thick film of polyether-based urethane cast | onto Ag foil.
polyurethane.txt		Vargo, 1991(185)	Contact angle	γs = 37.8 mJ/m2 (γsd = 35.1, γsp = 2.7);         Various test liquids; thick film of polyether-based urethane cast | no temp cited                                       onto Ag foil.
polyurethane.txt		Fukuzawa, 1994(113)	Contact angle	γs = 30.0 mJ/m2 (γsLW = 30.9, γsAB = -0.9,          Test liquids: water, formamide, and diiodomethane; acid-base | γs+ = 0.02, γs- = 10.0); no temp cited              analysis, calculated per Good and Van Oss(86). Contact angles | measured after stabilizing for 15 secs.
polyurethane.txt		Fukuzawa, 1994(113)	Contact angle	γs = 35.5 mJ/m2; no temp cited                      Test liquids: water, formamide, and diiodomethane.
polyurethane.txt		Schoff, 2003(263)	Contact angle	γs = 40 mJ/m2 (γsd = 31; γ sp = 9); no temp cited   Test liquids not known. Bayflex 110-25 unfilled RIM PU; | calculated by geometric mean equation.
polyvinyl_acetate_pva.txt		Wu, 1968(182)	Critical ST	γc = 36 mJ/m2; no temp cited                     Test liquids not known.
polyvinyl_acetate_pva.txt		Crocker, 1969(111)	Critical ST	γc = 37 mJ/m2; no temp cited                     Test liquids not known.
polyvinyl_acetate_pva.txt		Wu, 1971(41)	Critical ST	γc = 33 mJ/m2; 20oC                              Test liquids not known.
polyvinyl_acetate_pva.txt		McCafferty, 2000(217)	Contact angle	θWY = 60.6o; no temp cited                       Surface cleaned with light methanol wipe.
polyvinyl_acetate_pva.txt		Roe, 1978(223)	Contact angle	γs = 42.9 mJ/m2 (γsd = 27.4, γsp = 15.4);        Test liquids not known. | no temp cited
polyvinyl_acetate_pva.txt		McCafferty, 2000(217)	Contact angle	γs = 44.5 mJ/m2 (γsLW = 42.6, γsAB = 1.9,        Test liquids: water, diiodomethane, formamide, ethylene | γs+ = 0.04, γs- = 22.3); no temp cited           glycol, and glycerin; acid-base analysis. Cleaned with methanol | wipe.
polyvinyl_acetate_pva.txt		Wu, 1969(28)	From polymer melt	γs = 36.5 mJ/m2 (γsd = 24.5, γsp = 12.0); 20oC   Measurement by pendant drop of polymer melt extrapolated | to 20oC; polarity calculated from interfacial tension with PE by | harmonic mean. Mw = 11,000.
polyvinyl_acetate_pva.txt		Wu, 1970(35)	From polymer melt	γs = 36.3 mJ/m2 (γsd = 23.2, γsp = 13.1); 20oC   Direct measurement of polymer melt extrapolated to 20oC.
polyvinyl_acetate_pva.txt		Wu, 1971(29)	From polymer melt	γs = 36.5 mJ/m2 (γsd = 23.6, γsp = 12.9); 20oC   Measurement by pendant drop of polymer melt extrapolated | to 20oC; polarity calculated from interfacial tension with PE by | geometric mean equation.
polyvinyl_acetate_pva.txt		Lee, 1968(131)	Calculated	γs = 40 mJ/m2; no temp cited                     Calculated from glass temperature of 301K.
polyvinyl_acetate_pva.txt		Wu, 1968(182)	Calculated	γs = 36 mJ/m2; 20oC                              Calculated from molecular constitution.
polyvinyl_acetate_pva.txt		Wu, 1970(35)	Calculated	γs = 38.8 mJ/m2; 20oC                            Calculated from parachor and molecular weight.
polyvinyl_acetate_pva.txt		Sewell, 1971(193)	Calculated	γs = 41.1 mJ/m2; no temp cited                   Calculated from parachor and cohesive energy.
polyvinyl_acetate_pva.txt		Wu, 1982(18)	Calculated	γs = 39.1 mJ/m2; 20oC                            Calculated from cohesive energy density and solubility | parameters.
polyvinyl_acetate_pva.txt		Van Ness, 1992(186)	Calculated	γs = 37.0 mJ/m2; 20oC                            Calculated molten surface tension value, extrapolated to 20oC.
polyvinyl_acetate_pva.txt		Pritykin, 1986(199)	Calculated	γs = 35.7 mJ/m2; no temp cited                   Calculated from cohesion parameters and monomer | refractometric characteristics, equation 1.
polyvinyl_acetate_pva.txt		Pritykin, 1986(199)	Calculated	γs = 38.0 mJ/m2; no temp cited                   Calculated from cohesion parameters and monomer | refractometric characteristics, equation 2.
polyvinyl_acetate_pva.txt		Surface-tension.de, 2007(110)	Unknown	γs = 36.5 mJ/m2 (γsd = 25.1, γsp = 11.4); 20oC   No details available.
polyvinyl_alcohol_pvoh.txt		Ray, 1952(14)	Critical ST	γc = 37 mJ/m2; 20oC                              Test liquids not known.
polyvinyl_alcohol_pvoh.txt		Tezuka, 1986(190)	Contact angle	θWY = 51o; 25oC                                  Sessile drop method.
polyvinyl_alcohol_pvoh.txt		van Oss, 1987(24)	Contact angle	γs = 42 mJ/m2 (γ sLW = 42, γsAB = 0.0,           Test liquids water, alpha-bromonaphthalene, diiodomethane, | γs+ = 0.0, γs- = 17-57); 20oC                    formamide, and glycerin; acid-base analysis.
polyvinyl_alcohol_pvoh.txt		Lee, 1968(131)	Calculated	γs = 49 mJ/m2; no temp cited                     Calculated from glass temperature of 358K.
polyvinyl_alcohol_pvoh.txt		Wu, 1968(182)	Calculated	γs = 37 mJ/m2; 20oC                              Calculated from molecular constitution.
polyvinyl_alcohol_pvoh.txt		Sewell, 1971(193)	Calculated	γs = 34.0 mJ/m2; no temp cited                   Calculated from parachor and cohesive energy.
polyvinyl_alcohol_pvoh.txt		Van Krevelen, 1976(85)	Calculated	γs = 59 mJ/m2; no temp cited                     Calculated from parachor parameter.
polyvinyl_chloride_pvc.txt		Ellison, 1954(8)	Critical ST	γc = 39 mJ/m2; 20oC                      Various test liquids; unplasticized PVC.
polyvinyl_chloride_pvc.txt		Lee, 1968(131)	Critical ST	γc = 39 mJ/m2; no temp cited             Test liquids: water, glycerol, formamide, alcohols, and long- | chain polyglycols.
polyvinyl_chloride_pvc.txt		Crocker, 1969(111)	Critical ST	γc = 30 mJ/m2; 20oC                      Test liquids not known.
polyvinyl_chloride_pvc.txt		Dann, 1970(94)	Critical ST	γc = 30.5 mJ/m2; 25oC                    Ethylene glycol/2-ethoxyethanol mixes, based on advancing | contact angles.
polyvinyl_chloride_pvc.txt		Dann, 1970(94)	Critical ST	γc = 49 mJ/m2; 25oC                      Ethylene glycol/2-ethoxyethanol mixes, based on retreating | contact angles.
polyvinyl_chloride_pvc.txt		Dann, 1970(94)	Critical ST	γc = 31.5 mJ/m2; 25oC                    Polyglycol blends, based on advancing contact angles.
polyvinyl_chloride_pvc.txt		Dann, 1970(94)	Critical ST	γc = 49 mJ/m2; 25oC                      Polyglycol blends, based on retreating contact angles.
polyvinyl_chloride_pvc.txt		Dann, 1970(94)	Critical ST	γc = 31 mJ/m2; 25oC                      Formamide/2-ethoxyethanol mixes, based on advancing | contact angles. | (d)
polyvinyl_chloride_pvc.txt		Dann, 1970(94)	Critical ST	γc = >56 mJ/m2; 25oC                     Formamide/2-ethoxyethanol mixes, based on retreating | contact angles. | (d)
polyvinyl_chloride_pvc.txt		Dann, 1970(94)	Critical ST	γc = >56 mJ/m2; 25oC                     Per ASTM D-2578, using formamide/2-ethoxyethanol mixes.
polyvinyl_chloride_pvc.txt		Markgraf, 2005(62)	Critical ST	γc = 39 mJ/m2; no temp cited             Test liquids not known; unplasticized PVC.
polyvinyl_chloride_pvc.txt		Markgraf, 2005(62)	Critical ST	γc = 33-38 mJ/m2; no temp cited          Test liquids not known; plasticized PVC.
polyvinyl_chloride_pvc.txt		Dann, 1970(94)	Contact angle	θWA = 83o; 25oC                          Sessile drop method; surface cleaned with detergent and rinsed | with distilled water.
polyvinyl_chloride_pvc.txt		Wu, 1971(29)	Contact angle	θWY = 87o; 20oC                          Unplasticized PVC.
polyvinyl_chloride_pvc.txt		Moshonov, 1980(118)	Contact angle	θWY = 85o; no temp cited                 Measured 60 secs. after application of water droplet; surface | cleaned with petroleum ether and rinsed with methanol. PVC | contained 20% dioctyl phthalate.
polyvinyl_chloride_pvc.txt		Triolo, 1983(189)	Contact angle	θWR = 75.3o; no temp cited               Spin cast on silanized coverslips. Fully hydrated sample | immersed in water; interface with advancing, submerged | octane bubble.
polyvinyl_chloride_pvc.txt		Jonsson, 1992(112)	Contact angle	θWY = 60o; no temp cited                 PVC with <0.5% plasticizer or stabilizer. Cleaned by sonifi- | cation in a 70/30 ethanol/water solution and rinsed with | distilled water.
polyvinyl_chloride_pvc.txt		Fukuzawa, 1994(113)	Contact angle	θWY = 82.5o; no temp cited               Contact angle measured after stabilizing for 15 secs.
polyvinyl_chloride_pvc.txt		Cho, 2000(99)	Contact angle	θWY = 80o; no temp cited                 Measured by sessile drop method.
polyvinyl_chloride_pvc.txt		Etzler, 2000(171)	Contact angle	θWA = 94.7o; 20oC                        Measured by Wilhelmy plate method.
polyvinyl_chloride_pvc.txt		McCafferty, 2000(217)	Contact angle	θWY = 87.8o; no temp cited               Surface cleaned with light methanol wipe.
polyvinyl_chloride_pvc.txt		B.-Petermann, 2003(139)	Contact angle	θWY = 89o; 20oC                          Measured by sessile drop method. Roll-coated polymer topcoat | applied to carbon steel; surface degreased with ethanol, cleaned | with detergent, and rinsed in distilled water. PVC contained | linear alkyl groups as plasticizer.
polyvinyl_chloride_pvc.txt		B.-Petermann, 2003(106)	Contact angle	θWY = 94o; 20oC                                 Measured by sessile drop method. Roll-coated polymer topcoat | applied to carbon steel; surface degreased with ethanol, cleaned | with detergent, and rinsed in distilled water. PVC contained | phthalates as plasticizer.
polyvinyl_chloride_pvc.txt		Balasz, 2005(254)	Contact angle	θWA = 98o; no temp cited
polyvinyl_chloride_pvc.txt		Shafrin, 1963(201)	Contact angle	γs = 41.5 mJ/m2 (γsd = 40.0, γsp = 1.5);        Test liquids not known. | no temp cited
polyvinyl_chloride_pvc.txt		Dann, 1970(94)	Contact angle	γsd = 39 mJ/m2; 25oC                            Various test liquids.
polyvinyl_chloride_pvc.txt		Wu, 1971(29)	Contact angle	γs = 41.5 mJ/m2 (γsd = 39.8; γsp = 1.7); 20oC   Test liquids: water and diiodomethane, by geometric mean | equation; unplasticized polymer.
polyvinyl_chloride_pvc.txt		Wu, 1971(29)	Contact angle	γs = 41.9 mJ/m2 (γsd = 35.6; γsp = 6.3); 20oC   Test liquids: water and diiodomethane, by harmonic mean | equation; unplasticized polymer.
polyvinyl_chloride_pvc.txt		Kitazaki, 1972(191)	Contact angle	γs = 44.0 mJ/m2 (γsd = 43.7, γsp = 0.3);        Various test liquids; original results split polar component into | no temp cited                                   hydrogen- and non-hydrogen bonding parameters.
polyvinyl_chloride_pvc.txt		Wu, 1979(45)	Contact angle	γc = 43.8 mJ/m2; 20oC                           Test liquids not known; calculated by the equation of state | method.
polyvinyl_chloride_pvc.txt		van Oss, 1989(22)	Contact angle	γs = 43.8 mJ/m2 (γsLW = 43.0, γsAB = 0.8,       Test liquids: water, alpha-bromonaphthalene, diiodomethane, | γs+ = 0.04, γs- = 3.5); 20oC                    formamide, and glycerin; acid-base analysis.
polyvinyl_chloride_pvc.txt		Fukuzawa, 1994(113)	Contact angle	γs = 35.8 mJ/m2 (γsLW = 34.7, γsAB = 1.1,       Test liquids: water, formamide, and diiodomethane; acid-base | γs+ = 0.05, γs- = 6.2); no temp cited           analysis, calculated per Good and Van Oss(86). Contact angles | measured after stabilizing for 15 secs.
polyvinyl_chloride_pvc.txt		Fukuzawa, 1994(113)	Contact angle	γs = 38.3 mJ/m2; no temp cited                  Test liquids: water, formamide, and diiodomethane; acid-base | analysis calculated by arithmetic and geometric means.
polyvinyl_chloride_pvc.txt		Lloyd, 1995(218)	Contact angle	γs+ = 0.2, γs- = 3.1; no temp cited             Test liquids not known; acid-base analysis.
polyvinyl_chloride_pvc.txt		Lee, 1999(116)	Contact angle	γs = 44 mJ/m2 (γ sLW = 43, γsAB = 1.0,          Test liquids: water, alpha-bromonaphthalene, diiodomethane, | γs+ = 0.1, γs- = 2.4); 20oC                     formamide, and glycerin; acid-base analysis, based on reference | values for water of γ+ = 34.2 mJ/m2 and γ - = 19 mJ/m2.
polyvinyl_chloride_pvc.txt		Morra, 1999(134)	Contact angle	γs = 39.5 mJ/m2 (γsLW = 39.1, γsAB = 0.4,       Test liquids not known; acid-base analysis based on reference | γs+ = 0.06, γs- = 0.9); no temp cited           values for water of γ+ = 48.5 mJ/m2 and γ- = 11.2 mJ/m2.
polyvinyl_chloride_pvc.txt		Etzler, 2000(171)	Contact angle	γs = 32.5 mJ/m2 (γsLW = 32.5, γsAB = 0.0,       Various test liquids; acid-base analysis, by Good-van Oss | γs+ = 0.0, γs- = 0.4); 20oC                     method. Commercial sample, unknown plasticizer content.
polyvinyl_chloride_pvc.txt		McCafferty, 2000(217)	Contact angle	γs = 43.0 mJ/m2 (γsLW = 40.2, γsAB = 2.8,       Test liquids: water, diiodomethane, formamide, glycerin, and | γs+ = 0.4, γs- = 5.1); no temp cited            ethylene glycol; acid-base analysis. Cleaned with methanol | wipe.
polyvinyl_chloride_pvc.txt		Berta, 2003(262)	Contact angle	γs = 38 mJ/m2 (γsd = 31.6; γsp = 6.4);          Test liquids not known. | no temp cited
polyvinyl_chloride_pvc.txt		B.-Petermann, 2003(139)	Contact angle	γs = 35.2 mJ/m2 (γsd = 33.6; γsp = 1.6);        Test liquids: water, diiodomethane, and formamide, measured | 20oC                                            by sessile drop method. Roll-coated polymer topcoat applied | to carbon steel; surface degreased with ethanol, cleaned with | detergent, and rinsed in distilled water. PVC contained linear | alkyl groups as plasticizer.
polyvinyl_chloride_pvc.txt		B.-Petermann, 2003(139)	Contact angle	γs = 33.1 mJ/m2 (γsd = 32.3; γsp = 0.8);          Test liquids: water, diiodomethane, and formamide, measured | 20oC                                              by sessile drop method. Roll-coated polymer topcoat applied | to carbon steel; surface degreased with ethanol, cleaned with | detergent, and rinsed in distilled water. PVC contained | phthalates as plasticizer.
polyvinyl_chloride_pvc.txt		Wu, 1971(29)	From polymer melt	γs = 43.8 mJ/m2 (γsd = 39.0; γsp = 4.8); 20oC     Direct measurement of polymer melt extrapolated to 20oC; | polarity calculated from interfacial tension with PE by | harmonic mean.
polyvinyl_chloride_pvc.txt		Wu, 1982(18)	From polymer melt	γs = 42.9 mJ/m2; 20oC                             Direct measurement of polymer melt extrapolated to 20oC. | Unplasticized PVC.
polyvinyl_chloride_pvc.txt		Lee, 1968(131)	Calculated	γs = 36 mJ/m2; no temp cited                      Calculated from glass temperature of 354K.
polyvinyl_chloride_pvc.txt		Wu, 1968(182)	Calculated	γs = 43 mJ/m2; 20oC                               Calculated from molecular constitution.
polyvinyl_chloride_pvc.txt		Sewell, 1971(193)	Calculated	γs = 42.9 mJ/m2; no temp cited                    Calculated from parachor and cohesive energy.
polyvinyl_chloride_pvc.txt		Van Krevelen, 1976(85)	Calculated	γs = 42 mJ/m2; no temp cited                      Calculated from parachor parameter.
polyvinyl_chloride_pvc.txt		Wu, 1982(18)	Calculated	γs = 38.0 mJ/m2; 20oC                             Calculated from cohesive energy density and solubility | parameters.
polyvinyl_chloride_pvc.txt		Surface-tension.de, 2007(110)	Unknown	γs = 41.5 mJ/m2 (γsd = 39.5, γsp = 2); 20oC       No details available.
polyvinyl_fluoride_pvf.txt		Ellison, 1954(8)	Critical ST	γc = 28 mJ/m2, 20oC                               Various test liquids.
polyvinyl_fluoride_pvf.txt		Wu, 1971(29)	Contact angle	θWY = 80o, 20oC
polyvinyl_fluoride_pvf.txt		Moshonov, 1980(118)	Contact angle	θWY = 85o; no temp cited                          Measured 60 secs. after application of water droplet; surface | cleaned with isopropanol at 60oC and rinsed with methanol.
polyvinyl_fluoride_pvf.txt		Vargha-Butler, 1985(180)	Contact angle	θWA = 88.6o; 20oC
polyvinyl_fluoride_pvf.txt		Wu, 1971(29)	Contact angle	γs = 36.7 mJ/m2 (γsd = 32.0, γsp = 4.7); 20oC     Test liquids: water and diiodomethane, by geometric mean | equation.
polyvinyl_fluoride_pvf.txt		Wu, 1971(29)	Contact angle	γs = 38.4 mJ/m2 (γsd = 27.3, γsp = 11.1); 20oC    Test liquids: water and diiodomethane, by harmonic mean | equation.
polyvinyl_fluoride_pvf.txt		Kitazaki, 1972(191)	Contact angle	γs = 43.5 mJ/m2 (γsd = 42.3, γsp = 1.2);          Various test liquids; original results split polar component into | no temp cited                                     hydrogen- and non-hydrogen bonding parameters.
polyvinyl_fluoride_pvf.txt		Wu, 1979(45)	Contact angle	γc = 37.5 mJ/m2, 20oC                             Test liquids not known; calculated by the equation of state | method.
polyvinyl_fluoride_pvf.txt		Brewis, 1981(261)	Contact angle	γs = 36.7 mJ/m2 (γsd = 36.7, γsp = 0.0);          Test liquids not known. | no temp cited
polyvinyl_fluoride_pvf.txt		Vargha-Butler, 1985(180)	Contact angle	γc = 29.4 mJ/m2; 20oC                             Test liquids not known; calculated by the equation of state | method.
polyvinyl_fluoride_pvf.txt		Lloyd, 1995(218)	Contact angle	γs = 36.7 mJ/m2 (γsLW = 34.8, γsAB = 1.9,         Test liquids not known; acid-base analysis. Tedlar. | γs+ = 0.2, γs- = 4.5); no temp cited
polyvinyl_fluoride_pvf.txt		Lloyd, 1995(218)	Contact angle	γs = 39.0 mJ/m2 (γsLW = 38.0, γsAB = 1.0,         Test liquids not known; acid-base analysis. | γs+ = 0.02, γs- = 13.2); no temp cited
polyvinyl_fluoride_pvf.txt		Morra, 1999(134)	Contact angle	γs = 36.8 mJ/m2 (γsLW = 34.1, γsAB = 2.7,         Test liquids not known; acid-base analysis based on reference | γs+ = 8.3, γs- = 0.2); no temp cited              values for water of γ+ = 48.5 mJ/m2 and γ- = 11.2 mJ/m2.
polyvinyl_fluoride_pvf.txt		Uschold, 1999(211)	Contact angle	γs = 38 mJ/m2; no temp cited
polyvinyl_fluoride_pvf.txt		Chang, 2000(162)	Contact angle	γs = 35.2 mJ/m2; no temp cited
polyvinyl_fluoride_pvf.txt		Kwok, 2000(166)	Contact angle	γc = 35.7 mJ/m2; no temp cited                    Re-calculated by equation of state method from data produced | by Ellison, 1954(8).
polyvinyl_fluoride_pvf.txt		Wu, 1971(29)	From polymer melt	γs = 37.5 mJ/m2 (γsd = 31.6, γsp = 5.9); 20oC     Direct measurement of polymer melt extrapolated to 20oC.
polyvinyl_fluoride_pvf.txt		Lee, 1968(131)	Calculated	γs = 41 mJ/m2; no temp cited                      Calculated from glass temperature of 323K.
polyvinyl_fluoride_pvf.txt		Wu, 1968(182)	Calculated	γs = 29 mJ/m2; 20oC                               Calculated from molecular constitution.
polyvinyl_fluoride_pvf.txt		Van Krevelen, 1976(85)	Calculated	γs = 32.5 mJ/m2; no temp cited                    Calculated from parachor parameter.
polyvinyl_fluoride_pvf.txt		Vargha-Butler, 1985(180)	Calculated	γs = 28.8 mJ/m2; no temp cited                    Calculated from sedimentation volume.
polyvinylidene_chloride.txt		Ellison, 1954(8)	Critical ST	γc = 40 mJ/m2; 20oC                               Various test liquids.
polyvinylidene_chloride.txt		Lee, 1968(131)	Critical ST	γc = 40 mJ/m2; no temp cited                      Test liquids: water, glycerol, formamide, alcohols, and long- | chain polyglycols.
polyvinylidene_chloride.txt		Wu, 1971(29)	Contact angle	θWY = 80o; 20oC
polyvinylidene_chloride.txt		Wu, 1971(29)	Contact angle	γs = 45.0 mJ/m2 (γsd = 41.9, γsp = 3.1); 20oC     Test liquids: water and diiodomethane, by geometric mean | equation.
polyvinylidene_chloride.txt		Wu, 1971(29)	Contact angle	γs = 45.4 mJ/m2 (γsd = 36.3, γsp = 9.1); 20oC     Test liquids: water and diiodomethane, by harmonic mean | equation.
polyvinylidene_chloride.txt		Kitazaki, 1972(191)	Contact angle	γs = 45.8 mJ/m2 (γsd = 43.0, γsp = 2.8);          Various test liquids; original results split polar component into | no temp cited                                     hydrogen- and non-hydrogen bonding parameters.
polyvinylidene_chloride.txt		Wu, 1979(45)	Contact angle	γc = 45.2 mJ/m2; 20oC                             Test liquids not known; calculated by the equation of state | method.
polyvinylidene_chloride.txt		Morra, 1999(134)	Contact angle	γs = 40.3 mJ/m2 (γsLW = 40.4, γsAB = -0.1,        Test liquids not known; acid-base analysis based on reference | γs+ = 0.002, γs- = 2.6); no temp cited            values for water of γ+ = 48.5 mJ/m2 and γ- = 11.2 mJ/m2.
polyvinylidene_chloride.txt		Kwok, 2000(166)	Contact angle	γc = 35.7 mJ/m2; no temp cited                    Re-calculated by equation of state method from data produced | by Ellison, 1954(8).
polyvinylidene_chloride.txt		Wu, 1971(29)	From polymer melt	γs = 45.2 mJ/m2; 20oC                             Direct measurement of polymer melt extrapolated to 20oC.
polyvinylidene_chloride.txt		Wu, 1968(182)	Calculated	γs = 40 mJ/m2; 20oC                               Calculated from molecular constitution.
polyvinylidene_chloride.txt		Sewell, 1971(193)	Calculated	γs = 39.6 mJ/m2; no temp cited                    Calculated from parachor and cohesive energy.
polyvinylidene_chloride.txt		Sewell, 1971(193)	Calculated	γs = 46.6 mJ/m2; no temp cited                    Calculated by least squares from cohesive energy and molar | volume.
polyvinylidene_chloride.txt		Surface-tension.de, 2007(110)	Unknown	γs = 45.0 mJ/m2 (γsd = 40.5, γsp = 4.5); 20oC     No details available.
polyvinylidene_fluoride.txt		Ellison, 1954(8)	Critical ST	γc = 25 mJ/m2; 20oC                              Various test liquids.
polyvinylidene_fluoride.txt		Dalal, 1987(212)	Critical ST	γc = 36.5 mJ/m2; no temp cited                   Various test liquids.
polyvinylidene_fluoride.txt		Wu, 1971(29)	Contact angle	θWY = 82o; 20oC
polyvinylidene_fluoride.txt		Vargha-Butler, 1985(180)	Contact angle	θWA = 94.8o; 20oC
polyvinylidene_fluoride.txt		Jonsson, 1992(112)	Contact angle	θWY = 90o; no temp cited                         Cleaned by sonification in a 70/30 ethanol/water solution and | rinsed with distilled water.
polyvinylidene_fluoride.txt		B.-Petermann, 2003(139)	Contact angle	θWY = 86o; 20oC                                  Measured by sessile drop method. Roll-coated polymer topcoat | applied to carbon steel; surface degreased with ethanol, cleaned | with detergent, and rinsed in distilled water.
polyvinylidene_fluoride.txt		Pescu, 2005(252)	Contact angle	θWA = 92o, θ WR = 91o, dθW = 1o; 20oC            Measured by sessile drop method. Nonpiezoelectric 0.25mm | thick PVDF film.
polyvinylidene_fluoride.txt		Wu, 1971(29)	Contact angle	γs = 30.3 mJ/m2 (γsd = 23.3, γsp = 7.0); 20oC    Test liquids: water and diiodomethane, by geometric mean | equation.
polyvinylidene_fluoride.txt		Wu, 1971(29)	Contact angle	γs = 33.2 mJ/m2 (γsd = 20.6, γsp = 12.6); 20oC   Test liquids: water and diiodomethane, by harmonic mean | equation.
polyvinylidene_fluoride.txt		Kitazaki, 1972(191)	Contact angle	γs = 40.2 mJ/m2 (γsd = 27.6, γsp = 12.6);        Various test liquids; original results split polar component into | no temp cited                                    hydrogen- and non-hydrogen bonding parameters.
polyvinylidene_fluoride.txt		Wu, 1979(45)	Contact angle	γc = 36.5 mJ/m2; 20oC                            Test liquids not known; calculated by the equation of state | method.
polyvinylidene_fluoride.txt		Dalal, 1987(212)	Contact angle	γs = 36.2 mJ/m2; no temp cited                   Various test liquids, by geometric mean equation.
polyvinylidene_fluoride.txt		Dalal, 1987(212)	Contact angle	γs = 37.4 mJ/m2; no temp cited                   Various test liquids, by harmonic mean equation.
polyvinylidene_fluoride.txt		Vargha-Butler, 1985(180)	Contact angle	γc = 25.5 mJ/m2; 20oC                            Test liquids not known; calculated by the equation of state | method.
polyvinylidene_fluoride.txt		Morra, 1999(134)	Contact angle	γs = 30.5 mJ/m2 (γsLW = 28.6, γsAB = 1.9,        Test liquids not known; acid-base analysis based on reference | γs+ = 10.5, γs- = 0.08); no temp cited           values for water of γ+ = 48.5 mJ/m2 and γ- = 11.2 mJ/m2.
polyvinylidene_fluoride.txt		Chang, 2000(162)	Contact angle	γs = 31.0 mJ/m2; no temp cited
polyvinylidene_fluoride.txt		Kwok, 2000(166)	Contact angle	γc = 34.3 mJ/m2; no temp cited                   Re-calculated by equation of state method from data produced | by Ellison, 1952(8).
polyvinylidene_fluoride.txt		B.-Petermann, 2003(139)	Contact angle	γs = 33.8 mJ/m2 (γsd = 31.1; γsp = 2.7); 20oC    Test liquids: water, diiodomethane, and formamide, measured | by sessile drop method. Roll-coated polymer topcoat applied | to carbon steel; surface degreased with ethanol, cleaned | with detergent, and rinsed in distilled water.
polyvinylidene_fluoride.txt		Wu, 1971(29)	From polymer melt	γs = 36.5 mJ/m2; 20oC                            Direct measurement of polymer melt extrapolated to 20oC.
polyvinylidene_fluoride.txt		Lee, 1968(131)	Calculated	γs = 23 mJ/m2; no temp cited                     Calculated from glass temperature of 228K.
polyvinylidene_fluoride.txt		Wu, 1968(182)	Calculated	γs = 26 mJ/m2; 20oC                              Calculated from molecular constitution.
polyvinylidene_fluoride.txt		Sewell, 1971(193)	Calculated	γs = 24.5 mJ/m2; no temp cited                   Calculated from parachor and cohesive energy.
polyvinylidene_fluoride.txt		Vargha-Butler, 1985(180)	Calculated	γs = 27.5 mJ/m2; no temp cited                   Calculated from sedimentation volume.
ptbma.txt	PtBMA: Poly(t-butyl methacrylate), CAS # 25189-00-9	Grundke, 2005(255)	Contact angle	θWY = 108.1o; no temp cited
ptbma.txt	PtBMA: Poly(t-butyl methacrylate), CAS # 25189-00-9	Grundke, 2005(255)	Contact angle	γc = 18.1 mJ/m2; no temp cited                   Test liquids: Water, glycerol, ethylene glycol, formamide, and | diethylene glycol; calculated by equation of state method.
ptbma.txt	PtBMA: Poly(t-butyl methacrylate), CAS # 25189-00-9	Wu, 1971(29)	From polymer melt	γs = 30.5 mJ/m2 (γsd = 26.2, γsp = 4.3); 20oC    Measurement by pendant drop of polymer melt extrapolated | to 20oC; polarity calculated from interfacial tension with PE by | geometric mean equation.
ptbma.txt	PtBMA: Poly(t-butyl methacrylate), CAS # 25189-00-9	Wu, 1971(29)	From polymer melt	γs = 30.5 mJ/m2 (γsd = 26.8, γsp = 3.7); 20oC    Measurement by pendant drop of polymer melt extrapolated | to 20oC; polarity calculated from interfacial tension with PE by | harmonic mean. Mv = 35,000.
ptfe.txt		Fox, 1950(9)	Critical ST	γc = 18.5 mJ/m2; 20oC                    Test liquids not known.
ptfe.txt		Ellison, 1954(8)	Critical ST	γc = 18 mJ/m2; 20oC                      Various test liquids.
ptfe.txt		Fowkes, 1964(73)	Critical ST	γc = 19.5 mJ/m2; no temp cited           Test liquids not known.
ptfe.txt		Hamilton, 1972(74)	Critical ST	γc = 18 mJ/m2; no temp cited             Test liquids not known.
ptfe.txt		Wu, 1982(46)	Critical ST	γc = 19 mJ/m2; 20oC                      Test liquids not known.
ptfe.txt		Markgraf, 2005(62)	Critical ST	γc = 19-20 mJ/m2; no temp cited          Test liquids not known.
ptfe.txt		Fox, 1950(9)	Contact angle	θWY = 108o; 20oC                         Samples pressed against plate glass at 150oC, boiled in nitric– | sulfuric acid, and triple rinsed in distilled water.
ptfe.txt		Owens, 1969(155)	Contact angle	θWY = 108o; no temp cited
ptfe.txt		Dann, 1970(94)	Contact angle	θWA = 112o; 25oC                         Sessile drop method; surface cleaned with detergent and rinsed | with distilled water.
ptfe.txt		Hu, 1970(233)	Contact angle	θWA = 98o; no temp cited
ptfe.txt		Kaelble, 1971(104)	Contact angle	θWY = 117o; 22oC                         Sessile drop method; surface cleaned with detergent and | rinsed with distilled water.
ptfe.txt		Collins, 1973(69)	Contact angle	θWA = 109o; no temp cited                By sessile drops on tiltable stage.
ptfe.txt		El Shimi, 1974(156)	Contact angle	θWY = 112o; no temp cited
ptfe.txt		Tamai, 1977(159)	Contact angle	θWY = 114o; no temp cited
ptfe.txt		Moshonov, 1980(118)	Contact angle	θWY = 104o; no temp cited                Measured 60 secs. after application of water droplet; surface | cleaned with isopropanol at 60oC and rinsed with methanol.
ptfe.txt		Penn, 1980(157)	Contact angle	θWY = 112o; no temp cited
ptfe.txt		Omenyi, 1981(178)	Contact angle	θWA = 104o; 20oC
ptfe.txt		Wu, 1982(27)	Contact angle	θWA = 109o, θWR = 106 o dθW = 3o; 20oC
ptfe.txt		Busscher, 1983(158)	Contact angle	θWY = 116o; no temp cited
ptfe.txt		Strobel, 1985(68)	Contact angle	θWA = 121o; no temp cited                Commercial grade film, supplied by 3M Company.
ptfe.txt		Guiseppe, 1986(77)	Contact angle	θWY = 112o; no temp cited
ptfe.txt		Janczuk, 1989(106)	Contact angle	θWY = 111o; 20oC                         Polished, then triple boiled in HCl solution and rinsed with | distilled water.
ptfe.txt		Sperati, 1989(222)	Contact angle	θWA = 116o, θWR = 92o dθW = 24o; | no temp cited
ptfe.txt		Egitto, 1990(65)	Contact angle	θWY = 116o; no temp cited
ptfe.txt		Yasuda, 1994(160)	Contact angle	θWY = 100o; no temp cited
ptfe.txt		Owen, 1996(136)	Contact angle	θWA = 108o; no temp cited
ptfe.txt		Brewis, 1998(153)	Contact angle	θWA = 106o, θWR = 90o dθW = 16o; | no temp cited
ptfe.txt		Cho, 2000(99)	Contact angle	θWY = 100o; no temp cited                Measured by sessile drop method.
ptfe.txt		Grundke, 2000(256)	Contact angle	θWY = 104o; no temp cited                Measured by ADSA.
ptfe.txt		Starov, 2000(282)	Contact angle	θWY = 105o; no temp cited                PTFE film, cleaned with alcohol and water, soaked in 50oC | sulfochromic acid, rinsed with distilled water, and dried with | pure nitrogen.
ptfe.txt		Owens, 1969(155)	Contact angle	γs = 19.1 mJ/m2 (γsd = 18.6, γsp = 0.5);        Test liquids: water and diiodomethane, by geometric mean | no temp cited                                   equation.
ptfe.txt		Dann, 1970(94)	Contact angle	γsd = 21mJ/m2; 25oC                             Various test liquids (extrapolated value).
ptfe.txt		Kaelble, 1971(104)	Contact angle	γs = 18.0 mJ/m2 (γsd = 16.9, γsp = 1.1); 22oC   From contact angles with various test liquids.
ptfe.txt		Wu, 1971(29)	Contact angle	γs = 22.5 mJ/m2 (γsd = 20.5, γsp = 2.0); 20oC   Test liquids: water and diiodomethane, by harmonic mean | equation.
ptfe.txt		Kitazaki, 1972(191)	Contact angle	γs = 21.5 mJ/m2 (γsd = 19.4, γsp = 2.1);        Various test liquids; original results split polar component into | no temp cited                                   hydrogen- and non-hydrogen bonding parameters.
ptfe.txt		Wu, 1979(45)	Contact angle	γc = 22.6 mJ/m2; 20oC                           Test liquids not known; calculated by the equation of state | method.
ptfe.txt		Busscher, 1981(72)	Contact angle	γs = 22.1 mJ/m2 (γsd = 22.1, γsp = 0.0);        Test liquids: water and propanol. | no temp cited
ptfe.txt		Omenyi, 1981(178)	Contact angle	γs = 20.0 mJ/m2; 20oC                           Test liquids not known.
ptfe.txt		Janczuk, 1989(106)	Contact angle	γs = 21.8 mJ/m2 (γsd = 21.7; γsp = 0.05);       Various test liquids, by geometric mean equation. | no temp cited
ptfe.txt		Janczuk, 1989(108)	Contact angle	γs = 25.0 mJ/m2 (γsd = 25.0; γsp = 0.0);        Various test liquids, by harmonic-geometric mean equation. | no temp cited
ptfe.txt		Janczuk, 1989(108)	Contact angle	γs = 25.8 mJ/m2 (γsd = 25.8; γsp = 0.0);        Various test liquids, by harmonic mean equation. | no temp cited
ptfe.txt		Janczuk, 1990(105)	Contact angle	γs = 20.6 mJ/m2; no temp cited                  Test liquids: water and diiodomethane.
ptfe.txt		Janczuk, 1990(105)	Contact angle	γs = 21.4 mJ/m2; no temp cited                  Averaged over 28 test liquids.
ptfe.txt		Spelt, 1992(88)	Contact angle	γc = 20.0 mJ/m2; 23oC                           Test liquids not known; calculated by the equation of state | method.
ptfe.txt		Morra, 1999(134)	Contact angle	γs = 20.1 mJ/m2 (γsLW = 20.1, γsAB = 0.0,       Test liquids not known; acid-base analysis based on reference | γs+ = 0.0, γs- = 0.0); no temp cited            values for water of γ+ = 48.5 mJ/m2 and γ- = 11.2 mJ/m2.
ptfe.txt		Chang, 2000(162)	Contact angle	γs = 17.0 mJ/m2; no temp cited
ptfe.txt		Grundke, 2000(256)	Contact angle	γs = 20.1 mJ/m2; no temp cited
ptfe.txt		Della Volpe, 2000(163)	Contact angle	γs = 22.2 mJ/m2; no temp cited                  Re-calculated from data produced by Janczuk, 1990(105).
ptfe.txt		Schoff, 2003(263)	Contact angle	γs = 21.5 mJ/m2 (γsLW = 19.6, γsAB = 1.9,       Test liquids not known; acid-base analysis. | γs+ = 0.3, γs- = 3.2); no temp cited
ptfe.txt		Dettre, 1967(40)	From polymer melt	γs = 21.5 mJ/m2; 20oC                           Direct measurement of polymer melt extrapolated to 20oC; | molecular formula C21F44; Mn = 1088.
ptfe.txt		Dettre, 1969(246)	From polymer melt	γs = 19.3 mJ/m2; 20oC                           Direct measurement of polymer melt extrapolated to 20oC; | Mn = 1038.
ptfe.txt		Wu, 1971(29)	From polymer melt	γs = 26.5 mJ/m2; 20oC                           Direct measurement of polymer melt extrapolated to 20oC.
ptfe.txt		Wu, 1974(47)	From polymer melt	γs = 25.7 mJ/m2; 20oC                           Direct measurement of polymer melt extrapolated to 20oC; | Infinite molecular weight.
ptfe.txt		Wu, 1974(47)	From polymer melt	γs = 23.9 mJ/m2 (γsd = 21.8, γsp = 2.1); 20oC   Direct measurement of polymer melt extrapolated to 20oC; | polarity calculated from interfacial tension with PE by | harmonic mean. Infinite molecular weight.
ptfe.txt		Good, 1960(31)	Calculated	γs = 27.8 mJ/m2; 20oC                            Calculated from low-molecular weight liquid homologs.
ptfe.txt		Good, 1960(31)	Calculated	γs = 21.0 mJ/m2; 20oC                            Estimated from molecular constants, using u = 0 debye.
ptfe.txt		Good, 1964(16)	Calculated	γs = 24.0 mJ/m2; 20oC                            Estimated from molecular constants, using u = 1.2 debyes.
ptfe.txt		Lee, 1968(131)	Calculated	γs = 17 mJ/m2; no temp cited                     Calculated from glass temperature of 223K.
ptfe.txt		Wu, 1968(182)	Calculated	γs = 21 mJ/m2; 20oC                              Calculated from molecular constitution.
ptfe.txt		Sewell, 1971(193)	Calculated	γs = 15.8 mJ/m2; no temp cited                   Calculated from parachor and cohesive energy.
ptfe.txt		Sewell, 1971(193)	Calculated	γs = 14.7 mJ/m2; no temp cited                   Calculated by least squares from cohesive energy and molar | volume.
ptfe.txt		Wu, 1974(47)	Calculated	γs = 25.8 mJ/m2; 20oC                            Calculated from free volume theory and molecular weight.
ptfe.txt		Wu, 1974(47)	Calculated	γs = 25.9 mJ/m2; 20oC                            Calculated from free volume theory and molecular weight.
ptfe.txt		Van Krevelen, 1976(85)	Calculated	γs = 26 mJ/m2; no temp cited                     Calculated from parachor parameter.
ptfe.txt		Wu, 1979(45)	Calculated	γs = 23.9 mJ/m2; 20oC                            Calculated from liquid homologs. Infinite molecular weight.
ptfe.txt		Vargha-Butler, 1985(180)	Calculated	γs = 20.0 mJ/m2; 23oC                            Calculated from sedimentation volume.
ptfe.txt		Owen, 1996(136)	Calculated	γs = 25.6 mJ/m2; no temp cited                   Direct measurement of liquid surface tension extrapolated to | infinite molecular weight.
ptfe.txt		Grundke, 2000(256)	Calculated	θWY = 104o; no temp cited                        Calculated from capillary penetration into packed polymer | powder. | Grundke, 2000(256)         Other        γs = 20.4 mJ/m2; no temp cited                   Determined by capillary penetration into packed polymer | powder.
teflon_af.txt		Grundke, 2005(255)	Contact angle	θWA = 114.5o, θWR = 92.9o, dθW = 21.6o;           Teflon AF, mean surface roughness Sa = 1.5 nm. | no temp cited
teflon_af.txt		Grundke, 2005(255)	Contact angle	θWA = 114.5o, θWR = 91.8o, dθW = 22.2o;           Teflon AF, mean surface roughness Sa = 11.2 nm. | no temp cited
teflon_af.txt		Grundke, 2005(255)	Contact angle	θWA = 114.3o, θWR = 92.0o, dθW = 22.3o;           Teflon AF, mean surface roughness Sa = 21.0 nm. | no temp cited
teflon_af.txt		Grundke, 2005(255)	Contact angle	θWA = 116.9o, θWR = 90.4o, dθW = 26.5o;           Teflon AF, mean surface roughness Sa = 44.4 nm. | no temp cited
teflon_af.txt		Grundke, 2005(255)	Contact angle	θWA = 127.5o, θWR = 84.4o, dθW = 43.1o;           Teflon AF, mean surface roughness Sa = 158.3 nm. | no temp cited
thermoplastic_polyolefins.txt		Nihlstrand, 1998(154)	Contact angle	θWA = 104o, θWR = 84o, dθW = 20o;                  Injection molded TPO including unspecified stabilizers at | no temp cited                                      normal commercial loading (material A).
thermoplastic_polyolefins.txt		Nihlstrand, 1998(154)	Contact angle	θWA = 99o, θWR = 74o, dθW = 25o;                   Injection molded TPO including unspecified stabilizers at | no temp cited                                      normal commercial loading (material B).
thermoplastic_polyolefins.txt		Berger, 1991(145)	Contact angle	γs = 31.8 mJ/m2 (γsd = 31.3; γsp = 0.5);           Various test liquids, by geometric mean equation. | no temp cited                                      Paint grade TPO surface cleaned with acetone.
thermoplastic_polyolefins.txt		Berger, 1991(145)	Contact angle	γs = 30.2 mJ/m2 (γsd = 30.2; γsp = 0.0);           Various test liquids, by geometric mean equation. | no temp cited                                      Paint grade TPO surface cleaned with dichloromethane.
thermoplastic_polyolefins.txt		Berger, 1991(145)	Contact angle	γs = 29.3 mJ/m2 (γsd = 29.0; γsp = 0.3);           Various test liquids, by geometric mean equation. | no temp cited                                      Paint grade TPO surface cleaned with detergent.
thermoplastic_polyolefins.txt		Berger, 1991(145)	Contact angle	γs = 27.3 mJ/m2 (γsd = 26.5; γsp = 0.8);           Various test liquids, by geometric mean equation. | no temp cited                                      Paint grade TPO surface cleaned with acetone.
thermoplastic_polyolefins.txt		Berger, 1991(145)	Contact angle	γs = 29.3 mJ/m (γs = 29.3; γs = 0.0); | 2   d            p | Various test liquids, by geometric mean equation. | no temp cited                                      Paint grade TPO surface cleaned with dichloromethane.
thermoplastic_polyolefins.txt		Berger, 1991(145)	Contact angle	γs = 25.8 mJ/m2 (γsd = 24.9; γsp = 0.9);           Various test liquids, by geometric mean equation. | no temp cited                                      Paint grade TPO surface cleaned with detergent.
thermoplastic_polyolefins.txt		Berta, 2003(262)	Contact angle	γs = 29.8 mJ/m2 (γsd = 27.6; γsp = 2.2);           Test liquids not known. | no temp cited
thermoplastic_polyolefins.txt		Schoff, 2003(263)	Contact angle	γs = 35 mJ/m2 (γsd = 23; γ sp = 12); no temp cited Test liquids not known, by geometric mean equation. | Bailey 3183 TPO.
thermoplastic_polyolefins.txt		Schoff, 2003(263)	Contact angle	γs = 33 mJ/m (γs = 31; γ s = 2); no temp cited Test liquids not known, by geometric mean equation. | 2    d         p | Himont 3041C TPO.
thermoplastic_polyolefins.txt		Schoff, 2003(263)	Contact angle	γs = 30 mJ/m2 (γsd = 29; γ sp = 1); no temp cited Test liquids not known, by geometric mean equation. | Himont 3131 TPO.
thermoplastic_polyolefins.txt		Schoff, 2003(263)	Contact angle	γs = 38 mJ/m (γs = 32; γ s = 6); no temp cited Test liquids not known, by geometric mean equation. | 2    d         p | Himont 3183 TPO.
