149	None	AZoM/MatWeb: Stainless Steel Grade 201 (UNS S20100)	1	SUS201_annealed Bilinear
154	https://www.azom.com/article.aspx?ArticleID=1140	AZoM: Stainless Steel - Magnetic Properties	4	SUS201_annealed Bilinear; SUS410_annealed Bilinear; SUS420_annealed Bilinear; SUS_17-4PH_H900 Bilinear
41	https://www.azom.com/article.aspx?ArticleID=6780	AZoM: Stainless Steel Grade 201	1	SUS201_annealed Bilinear
791	None	ASM Metals Handbook — Properties and Selection: Irons, Steels, and High-Performance Alloys	5	SUS201_annealed Bilinear; SUS410_annealed Bilinear; SUS420_annealed Bilinear; SUS_17-4PH_H900 Bilinear
972	None	Handbook of Infrared Radiation — emissivity tables (Touloukian TPRC Data Series)	102	SUS201_annealed Bilinear; SUS410_annealed Bilinear; SUS420_annealed Bilinear; SUS_17-4PH_H900 Bilinear
2531	https://steel-sci.com/assets/outokumpu-stainless-steel-handbook.pdf	Outokumpu, Handbook of Stainless Steel — Table 2:1 (Steel grades, chemical composition) 및 Glossary 'Microstructure' 항	4	SUS201_annealed Bilinear; SUS410_annealed Bilinear; SUS420_annealed Bilinear; SUS_17-4PH_H900 Bilinear
2303	None	Galvanic Series of Metals in Seawater — corrosion potential (volts DC ref. Ag/AgCl), Ref. ABYC	7	SUS410_annealed Bilinear; SCM440_alloy_steel Bilinear; Al1100-O Bilinear; Al3003-H14 Bilinear
2462	https://pmc.ncbi.nlm.nih.gov/articles/PMC11356734/	Evaluation of Passive Films on 17-7PH and 410 Stainless Steel Exposed to NaCl Solution	1	SUS410_annealed Bilinear
54	https://www.azom.com/properties.aspx?ArticleID=970	AZoM Properties: Stainless Steel Grade 410 (UNS S41000)	1	SUS410_annealed Bilinear
53	https://www.azom.com/article.aspx?ArticleID=970	AZoM: Stainless Steel Grade 410 (UNS S41000)	1	SUS410_annealed Bilinear
55	https://asm.matweb.com/search/SpecificMaterial.asp?bassnum=MQ410DD	MatWeb: AISI Type 410 Stainless Steel	1	SUS410_annealed Bilinear
58	https://www.azom.com/properties.aspx?ArticleID=972	AZoM Properties: Stainless Steel Grade 420 (UNS S42000)	1	SUS420_annealed Bilinear
57	https://asia.matweb.com/search/SpecificMaterialPrint.asp?bassnum=mq420b	MatWeb: AISI Type 420 Stainless Steel	1	SUS420_annealed Bilinear
56	https://www.azom.com/article.aspx?ArticleID=972	AZoM: Stainless Steel Grade 420 (UNS S42000)	1	SUS420_annealed Bilinear
2461	https://pmc.ncbi.nlm.nih.gov/articles/PMC12028360/	The Effect of Aging Treatment on the Corrosion Behavior of 17-4PH Stainless Steel	1	SUS_17-4PH_H900 Bilinear
180	https://www.azom.com/article.aspx?ArticleID=2819	AZoM: Precipitation Hardening Stainless Steels (17-4PH, UNS S17400)	1	SUS_17-4PH_H900 Bilinear
62	https://www.sandmeyersteel.com/wp-content/uploads/17-4PH-Spec-Sheet.pdf	Sandmeyer Steel: Alloy 17-4PH Spec Sheet (UNS S17400)	1	SUS_17-4PH_H900 Bilinear
1854	https://specialtysteelsupply.com/wp-content/docs/17-4ph.pdf	17-4 PH Stainless Steel Technical Datasheet (ASTM A564 mechanical properties)	1	SUS_17-4PH_H900 Bilinear
2940	https://fde.uwaterloo.ca/Fde/Materials/SSteel/17-4_16-4_15-5PH/boeing17-4PH-H900.html	Boeing Co., 'Fatigue Properties of 17-4PH and 15-5PH Steel in the H-900 and H-1050 Condition', Aug. 1968 (DTIC AD0691794), transcribed as SAE FD&E standard fatigue data file	1	SUS_17-4PH_H900 Bilinear
2472	https://atlassteels.com.au/wp-content/uploads/2021/07/Stainless-Steel-630-17-4PH-Grade-Data-Sheet-28-04-21.pdf	Stainless Steel Grade 630 (17-4PH) Grade Data Sheet (Atlas Steels, 28-04-21) - mechanical property specification from ASTM A564M	1	SUS_17-4PH_H900 Bilinear
95	https://www.makeitfrom.com/material-properties/SAE-AISI-4140-SCM440-G41400-Cr-Mo-Steel	MakeItFrom: SAE-AISI 4140 (SCM440)	1	SCM440_alloy_steel Bilinear
212	https://www.azom.com/article.aspx?ArticleID=23554	AZoM: Magnetic Properties of Steel and Their Technological Applications	1	SCM440_alloy_steel Bilinear
2068	https://matmake.com/properties/bulk-modulus-of-common-materials.html	Bulk Modulus of Common Materials - Table	8	SCM440_alloy_steel Bilinear; Al1050-O Bilinear; Al1100-O Bilinear; Mg_ZK60A_T5 Bilinear
2929	https://www.autosteel.org	SAE 4140 Quenched and Tempered Steel, Iteration #68 - Fatigue Behavior, Monotonic Properties and Microstructural Data (AISI Bar Steel Applications Group)	1	SCM440_alloy_steel Bilinear
2937	https://fde.uwaterloo.ca/Fde/Materials/SMDIdbase/Steel/FatigueReports/Iter_068.pdf	SAE 4140 Quenched and Tempered Steel, Iteration #68 - Fatigue Behavior, Monotonic Properties and Microstructural Data (A.A. Rteil, T.H. Topper, Univ. of Waterloo, prepared for the AISI Bar Steel Applications Group)	1	SCM440_alloy_steel Bilinear
213	https://belinker.co.kr/blog/en/scm440-aisi-4140-alloy-steel-guide	BELINKER: SCM440/AISI 4140/42CrMo4 Guide	1	SCM440_alloy_steel Bilinear
2910	https://www.ebi.ac.uk/europepmc/webservices/rest/PMC11538956/fullTextXML	Insights into deformation-induced heating: Temperature-strain prediction in SCM440 steel under deformation	1	SCM440_alloy_steel Bilinear
2069	https://www.signal-processing.com/table.php	Acoustic Properties of Materials (longitudinal velocity table)	4	Al1050-O Bilinear; Al1100-O Bilinear; C26000_Cartridge_Brass Bilinear; Silver Bonding Wire
183	https://www.makeitfrom.com/material-properties/1050-A91050-Aluminum	MakeItFrom: 1050 Aluminum	1	Al1050-O Bilinear
63	https://materialsdata.nist.gov/bitstream/handle/11115/179/Properties%20of%20Wrought%20Aluminum.pdf	NIST/ASM: Properties of Wrought Aluminum (1050-O)	2	Al1050-O Bilinear; Al Laminate Pouch
182	https://www.makeitfrom.com/material-properties/1050A-O-Aluminum	MakeItFrom: 1050A-O Aluminum	1	Al1050-O Bilinear
2071	https://hyperphysics.gsu.edu/hbase/Tables/rstiv.html	Resistivity and Temperature Coefficient at 20 C (HyperPhysics, Georgia State University)	3	Al1050-O Bilinear; Graphite Anode; Silver Bonding Wire
181	https://www.makeitfrom.com/material-properties/1050-O-Aluminum	MakeItFrom: 1050-O Aluminum	1	Al1050-O Bilinear
3085	https://fde.uwaterloo.ca/Fde/Materials/Alum/AA1100/aa1100_non_os_fitted.html	AA 1100 Aluminum, SAE FD&E strain-life fitted data file (derived from R.W.Smith, M.H.Hirschberg, S.S.Manson, 'Fatigue Behavior of Materials under Strain Cycling in Low and Intermediate Life Range', NASA TN D-1574, 1963)	2	Al1050-O Bilinear; Al1100-O Bilinear
760	None	ASM Metals Handbook — Properties and Selection: Nonferrous Alloys and Special-Purpose Materials	22	Al1050-O Bilinear; Al7050-T7451 Bilinear; Inconel_625_annealed Bilinear; M-Film
2302	https://www.ondacorp.com/tables/	Onda Corporation — Acoustic Properties of Solids / Plastics / Rubbers (tables, updated 2003-04-11)	8	Al1100-O Bilinear; C26000_Cartridge_Brass Bilinear; SAC305 Solder Alloy; PZT Piezoelectric
2512	https://pmc.ncbi.nlm.nih.gov/articles/PMC5512921/	Electrochemical Behavior of Al-B4C Metal Matrix Composites in NaCl Solution	1	Al1100-O Bilinear
184	https://www.makeitfrom.com/material-properties/1100-O-Aluminum	MakeItFrom: 1100-O Aluminum	1	Al1100-O Bilinear
64	https://asm.matweb.com/search/specificmaterial.asp?bassnum=ma1100o	MatWeb: Aluminum 1100-O	1	Al1100-O Bilinear
186	https://www.makeitfrom.com/material-properties/3003-H14-Aluminum	MakeItFrom: 3003-H14 Aluminum	1	Al3003-H14 Bilinear
66	https://asm.matweb.com/search/specificmaterial.asp?bassnum=ma3003h14	MatWeb: Aluminum 3003-H14	1	Al3003-H14 Bilinear
1934	https://www.azom.com/article.aspx?ArticleID=6618	Aluminium / Aluminum 3003 Alloy - Physical Properties	1	Al3003-H14 Bilinear
196	https://www.onlinemetals.com/en/product-guide/alloy/7050	OnlineMetals: 7050 Aluminum	1	Al7050-T7451 Bilinear
1848	https://www.aerospacemetals.com/wp-content/uploads/2023/06/Aluminum-7050-T7451-7050-T73651.pdf	Aluminum 7050-T7451 (7050-T73651) — MatWeb/ASM data sheet	1	Al7050-T7451 Bilinear
72	https://asm.matweb.com/search/specificmaterial.asp?bassnum=ma7050t745	MatWeb: Aluminum 7050-T7451	1	Al7050-T7451 Bilinear
194	https://www.makeitfrom.com/material-properties/7050-T7451-Aluminum	MakeItFrom: 7050-T7451 Aluminum	1	Al7050-T7451 Bilinear
2977	https://pmc.ncbi.nlm.nih.gov/articles/PMC9693051/	Fatigue Characteristics of 7050-T7451 Aluminum Alloy Friction Stir Welding Joints and the Stress Ratio Effect	1	Al7050-T7451 Bilinear
195	https://www.matweb.com/search/DataSheet.aspx?MatGUID=142262cf7fbc4c83917ca5c3d17df1ed	MatWeb: 7050-T7451 Aluminum	1	Al7050-T7451 Bilinear
2909	https://www.ebi.ac.uk/europepmc/webservices/rest/PMC9457149/fullTextXML	Spatial Constitutive Modeling of AA7050-T7451 with Anisotropic Stress Transformation	1	Al7050-T7451 Bilinear
77	https://www.azom.com/properties.aspx?ArticleID=1728	AZoM: Titanium Alloys Ti-3Al-2.5V Grade 9 Properties	1	Ti3Al2.5V_Grade9 Bilinear
199	https://www.finetubes.co.uk/-/media/ametekfinetubes/files/downloads/alloy-data-sheets/titanium--alloy-ti-3al-25v-grade-9.pdf	Fine Tubes: Titanium Alloy Ti-3Al-2.5V (Grade 9)	1	Ti3Al2.5V_Grade9 Bilinear
1943	https://www.azom.com/article.aspx?ArticleID=9337	Grade 9 Ti 3Al 2.5V Alloy (UNS R56320)	1	Ti3Al2.5V_Grade9 Bilinear
200	None	MatWeb: Titanium Ti-3Al-2.5V (Grade 9), annealed	1	Ti3Al2.5V_Grade9 Bilinear
1923	https://doi.org/10.3390/s24185906	Accurately Measuring the Infrared Spectral Emissivity of Inconel 601, Inconel 625, and Inconel 718 Alloys during the Oxidation Process	1	Inconel_625_annealed Bilinear
2405	https://www.specialmetals.com/documents/aqueous-corrosion-handbook.pdf	Aqueous Corrosion - Corrosion Problems and Alloy Solutions (Table 9: Corrosion tests of INCONEL alloy 625 in phosphoric acid environments)	1	Inconel_625_annealed Bilinear
85	https://www.specialmetals.com/documents/technical-bulletins/inconel/inconel-alloy-625.pdf	Special Metals: INCONEL alloy 625	1	Inconel_625_annealed Bilinear
209	https://www.makeitfrom.com/material-properties/Nickel-Alloy-625-N06625-NA21	MakeItFrom: Nickel Alloy 625 (N06625)	1	Inconel_625_annealed Bilinear
2535	https://mdpi-res.com/d_attachment/metals/metals-09-00301/article_deploy/metals-09-00301.pdf	Mechanical Behavior of Inconel 625 at Elevated Temperatures	1	Inconel_625_annealed Bilinear
208	https://www.xometry.com/resources/materials/inconel-625/	Special Metals / Xometry: Inconel 625	1	Inconel_625_annealed Bilinear
2111	https://ntrs.nasa.gov/api/citations/19840015630/downloads/19840015630.pdf	NASA Reference Publication 1121 — Solar Absorptance and Thermal Emittance of Some Common Spacecraft Thermal-Control Coatings (J. H. Henninger, NASA Goddard Space Flight Center, 1984)	3	Inconel_625_annealed Bilinear; Silver Bonding Wire; Beryllium Copper (spring/contact)
2496	https://ntrs.nasa.gov/api/citations/19980231975/downloads/19980231975.pdf	J. C. Richmond, J. E. Stewart (National Bureau of Standards), Spectral Emittance of Uncoated and Ceramic-Coated Inconel and Type 321 Stainless Steel, NASA MEMO 4-9-59W (1959), Table I	1	Inconel_625_annealed Bilinear
1	https://www.wikidata.org/wiki/Q25045309	Wikidata: Inconel 625	1	Inconel_625_annealed Bilinear
75	https://www.azom.com/properties.aspx?ArticleID=1547	AZoM: Titanium Ti-6Al-4V Grade 5 Properties	1	M-Film
203	None	M-Film 사양 (Ti 합금 필름)	1	M-Film
84	https://www.makeitfrom.com/material-properties/ZK60A-T5-Magnesium	MakeItFrom: ZK60A-T5 Magnesium	1	Mg_ZK60A_T5 Bilinear
2968	https://www.ebi.ac.uk/europepmc/webservices/rest/PMC8781175/fullTextXML	On the Corrosion Fatigue of Magnesium Alloys Aimed at Biomedical Applications: New Insights from the Influence of Testing Frequency and Surface Modification of the Alloy ZK60	1	Mg_ZK60A_T5 Bilinear
83	https://www.azom.com/article.aspx?ArticleID=8562	AZoM: Magnesium ZK60A-T5 Alloy (UNS M16600)	1	Mg_ZK60A_T5 Bilinear
2434	https://www.ondacorp.com/wp-content/uploads/2020/09/Solids.pdf	Acoustic Properties of Solids (Onda Corporation Acoustic Properties Tables, updated April 11, 2003)	6	C26000_Cartridge_Brass Bilinear; SAC305 Solder Alloy; PZT Piezoelectric; Conductive Silver Epoxy (die attach)
88	https://www.makeitfrom.com/material-properties/UNS-C26000-CW505L-Cartridge-Brass	MakeItFrom: UNS C26000 Cartridge Brass	1	C26000_Cartridge_Brass Bilinear
1947	https://www.makeitfrom.com/material-properties/Annealed-OS050-C26000-Brass	Annealed (OS050) C26000 Brass	1	C26000_Cartridge_Brass Bilinear
87	https://www.azom.com/article.aspx?ArticleID=6341	AZoM: Cartridge Brass UNS C26000	1	C26000_Cartridge_Brass Bilinear
2941	https://alloys.copper.org/alloy/C26000	Copper Development Association — Alloy C26000 (Cartridge Brass, 70%), Mechanical Properties table	1	C26000_Cartridge_Brass Bilinear
2918	https://www.ebi.ac.uk/europepmc/webservices/rest/PMC7766768/fullTextXML	Mechanical Properties of Brass under Impact and Perforation Tests for a Wide Range of Temperatures: Experimental and Numerical Approach	1	C26000_Cartridge_Brass Bilinear
92	https://www.makeitfrom.com/material-properties/UNS-C51000-CW451K-Phosphor-Bronze	MakeItFrom: UNS C51000 Phosphor Bronze	1	C51000_Phosphor_Bronze Bilinear
1856	https://www.nationalbronze.com/pdfs/C51000.pdf	C51000 (Phosphor Bronze, 5% A) Alloy Data Sheet	1	C51000_Phosphor_Bronze Bilinear
2943	https://alloys.copper.org/alloy/C51000	Copper Development Association — Alloy C51000 (Phosphor Bronze, 5% A), Mechanical Properties table	1	C51000_Phosphor_Bronze Bilinear
91	https://www.azom.com/article.aspx?ArticleID=6415	AZoM: Phosphor Bronze UNS C51000	1	C51000_Phosphor_Bronze Bilinear
1783	https://multimedia.3m.com/mws/media/2366517O/3M-VHB-Tape-Specialty-Tape-4905.pdf?pif=000343	Technical Data Sheet 3M VHB Tape - Specialty Tape 4905 (V-6, English-US, Last Revision Oct 2025)	1	VHB Clear 0.5mm (3M 4905)
2527	https://multimedia.3m.com/mws/media/2371577O/3m-vhb-tapes-product-information-guide.pdf	3M VHB Tapes — Product Information Guide, December 2023 (Outdoor Weathering / Solvent and Moisture Resistance sections)	4	VHB Clear 0.5mm (3M 4905); VHB Black 1.1mm (3M 5952); VHB Clear 1.0mm (3M 4910); VHB Gray 1.1mm (3M 4941)
853	None	Polymer Handbook (Brandrup, Immergut, Grulke), 4th ed.	51	VHB Clear 0.5mm (3M 4905); VHB Black 1.1mm (3M 5952); Foam PU Impact Absorber; Battery Stretch-Release (SIS)
23	https://multimedia.3m.com/mws/media/2366517O/3M-VHB-Tape-Specialty-Tape-4905.pdf	3M VHB Tape - Specialty Tape 4905 Technical Data Sheet (V-6, Oct 2025)	1	VHB Clear 0.5mm (3M 4905)
905	None	Handbook of Pressure-Sensitive Adhesive Technology (Satas), 3rd ed.	5	VHB Clear 0.5mm (3M 4905); VHB Black 1.1mm (3M 5952); Battery Stretch-Release (SIS); Battery Permanent Bond
2300	https://doi.org/10.1016/j.ijnonlinmec.2019.103263	On thermo-viscoelastic experimental characterization and numerical modelling of VHB polymer	1	VHB Clear 0.5mm (3M 4905)
2216	https://multimedia.3m.com/mws/media/2366487O/3M-VHB-Tape-5952.pdf	Technical Data Sheet 3M VHB Tape 5952 (English-US, Sep 2024)	2	VHB Black 1.1mm (3M 5952); Battery Permanent Bond
2218	https://multimedia.3m.com/mws/media/67100O/3m-vhb-tapes.pdf	3M VHB Tapes Technical Data (October 2018)	8	VHB Black 1.1mm (3M 5952); VHB Gray 1.1mm (3M 4941); VHB Black 0.4mm (3M 5915); VHB Gray 1.6mm (3M 4956)
1046	None	ASTM E595 — Total Mass Loss and Collected Volatile Condensable Materials from Outgassing in a Vacuum Environment	13	Foam PU Impact Absorber; Damping Speaker Mount; Damping Haptic Isolator; Thermal Pad Silicone Soft 1.5 W/mK
31	https://www.sealanddesign.com/wp-content/uploads/2019/03/Poron-XRD-DataSheet.pdf	Rogers PORON XRD Extreme Impact Protection Data Sheet	3	Foam PU Impact Absorber; PORON XRD LD (open-cell PU foam, 195 kg/m3); PORON XRD HD (open-cell PU foam, 405 kg/m3)
2003	https://www.rogerscorp.com/-/media/project/rogerscorp/documents/elastomeric-material-solutions/poron/english/data-sheets/17-316-poron-4701-30-very-soft-global-standards-data-sheet.pdf	Product Data Sheet PORON(R) 4701-30 Very Soft (Unsupported) microcellular polyurethane foam, Based on Global Test Methods, Rogers Publication #17-316	1	Foam PU Impact Absorber
139	None	PU 폼 물성(문헌 클래스)	1	Foam PU Impact Absorber
2272	https://link.springer.com/article/10.1007/s11340-021-00772-z	Density, Microstructure, and Strain-Rate Effects on the Compressive Response of Polyurethane Foams	3	Foam PU Impact Absorber; PORON XRD LD (open-cell PU foam, 195 kg/m3); PORON XRD HD (open-cell PU foam, 405 kg/m3)
971	None	Rubber Technology Handbook (Hofmann)	51	Foam PU Impact Absorber; Waterproof Gasket IP68; Damping Speaker Mount; Damping Haptic Isolator
3105	https://arrow.tudublin.ie/cercon/3/	Testing, Modelling and Validation of Numerical Model Capable of Predicting Stress Fields Throughout Polyurethane Foam (Proc. 7th European Conf. on Constitutive Models for Rubber, ECCMR 2011)	1	Foam PU Impact Absorber
2273	https://doi.org/10.1016/j.ijimpeng.2021.104100	Density, strain rate and strain effects on mechanical property evolution in polymeric foams	1	Foam PU Impact Absorber
2298	https://pubs.acs.org/doi/10.1021/acsomega.7b00242	Dependences of Rheological and Compression Mechanical Properties on Cellular Structures for Impact-Protective Materials	1	Foam PU Impact Absorber
138	None	연질 PU 폼 물성(문헌 클래스)	1	Foam PU Impact Absorber
137	None	점탄성 연질 PU 폼 물성(문헌 클래스)	1	Foam PU Impact Absorber
2000	https://www.tesa.com/en/files/download/11130640,4,ti-76565.pdf	tesa® 76565 Bond & Detach — Technical Information	1	Battery Stretch-Release (SIS)
9	None	Pressure Sensitive Adhesive Tape: A Versatile Material Platform for Optical Sensors	1	Battery Stretch-Release (SIS)
122	https://eureka.patsnap.com/materials/sis-block-copolymer-analysis	PatSnap Eureka — Styrene-Isoprene-Styrene Block Copolymer Analysis	1	Battery Stretch-Release (SIS)
7	None	Effect of viscoelastic and surface properties on tack, peel adhesion and shear strength of polymer blends applied as hot melt pressure sensitive adhesive models comprising tackifying agents of various chemical nature	1	Battery Stretch-Release (SIS)
124	https://www.masterbond.com/properties/epoxy-adhesive-systems-high-glass-transition-temperature	MasterBond / structural epoxy class data	1	Battery Permanent Bond
123	https://multimedia.3m.com/mws/media/2365743O/3m-scotch-weld-epoxy-adhesive-dp420-black.pdf	3M Scotch-Weld Epoxy Adhesive DP420 Technical Data Sheet	1	Battery Permanent Bond
37	https://multimedia.3m.com/mws/media/122119O/3m-thermally-conductive-adhesive-transfer-tapes-8800-series.pdf	3M Thermally Conductive Adhesive Transfer Tapes 8805/8810/8815/8820 Technical Data	4	Thermal Interface Tape; 3M Thermally Conductive Adhesive Transfer Tape 8805 (0.125mm); 3M Thermally Conductive Adhesive Transfer Tape 8815 (0.375mm); 3M Thermally Conductive Adhesive Transfer Tape 8820 (0.50mm)
141	None	등가근사: 3M 8810 계열 열전도 테이프급	1	Thermal Interface Tape
125	https://mykin.com/silicone-properties	Silicone (PDMS) rubber class reference	1	Waterproof Gasket IP68
2002	https://www.stockwell.com/data-sheets/ht-800.pdf	Product Data Sheet BISCO(R) HT-800 Medium Silicone Foam (closed-cell cellular silicone gasket foam), Rogers Publication #180-070	1	Waterproof Gasket IP68
126	https://www.ramgaskets.com/wp-content/uploads/2020/08/Silicone-Rubber-Sheet.pdf	Silicone Rubber Sheet/Gasket Material Data Sheet (RAM Gaskets)	1	Waterproof Gasket IP68
127	https://siliconedabojin.com/silicone-hardness-chart-shore-a/	Silicone Rubber Gasket technical data (class representative)	1	Waterproof Gasket IP68
145	None	점탄성 제진 마운트 대표물성(Sorbothane/EAR 클래스)	1	Damping Speaker Mount
2005	https://www.sorbothane.com/wp-content/uploads/101-sorbothane-material-properties.pdf	Sorbothane(R) Data Sheet 101 — Material Properties of Sorbothane, 50 Durometer (Shore 00) thermoset polyether-based polyurethane viscoelastic material	2	Damping Speaker Mount; Damping Haptic Isolator
40	https://www.lookpolymers.com/polymer_Sorbothane-Polyurethane-Damping-Material-50-Durometer.php	Sorbothane Polyurethane Damping Material, 50 Durometer (Sorbothane Inc. published data via MatWeb)	2	Damping Speaker Mount; Damping Haptic Isolator
146	None	점탄성 제진 마운트 대표물성(Sorbothane 클래스)	1	Damping Speaker Mount
147	None	점탄성 제진 아이솔레이터 대표물성(Sorbothane/EAR 클래스)	1	Damping Haptic Isolator
148	None	점탄성 제진 아이솔레이터 대표물성(Sorbothane 클래스)	1	Damping Haptic Isolator
34	https://datasheets.tdx.henkel.com/BERGQUIST-GAP-PAD-TGP-1500-en_GL.pdf	BERGQUIST GAP PAD TGP 1500 Technical Data Sheet (Henkel)	1	Thermal Pad Silicone Soft 1.5 W/mK
1818	https://www.shinetsusilicone-global.com/catalog/pdf/tc_e.pdf	Shin-Etsu Thermal Interface Silicone Rubber (TC series) catalog — High-hardness sheet type general properties, TC-BG series	3	Thermal Pad Silicone Soft 1.5 W/mK; Thermal Pad Silicone Medium 3.0 W/mK; Thermal Pad Silicone High 5.0 W/mK
2452	https://www.precisionconverting.com/UserFiles/PreCon/documents/Fujipoly2016SarconCatalog.pdf	SARCON Thermal Interface Materials Catalog 2016 — Gap Filler Type GR-ae, Thermal Resistance table (K-cm2/W)	1	Thermal Pad Silicone Soft 1.5 W/mK
35	https://www.laird.com/sites/default/files/2018-11/Tflex%20600%20DS-071718.pdf	Laird Tflex 600 Series Thermal Gap Filler Data Sheet	1	Thermal Pad Silicone Medium 3.0 W/mK
134	https://datasheets.tdx.henkel.com/BERGQUIST-GAP-PAD-TGP-3000-en_GL.pdf	Henkel Bergquist GAP PAD TGP 3000 TDS	1	Thermal Pad Silicone Medium 3.0 W/mK
2498	https://datasheets.tdx.henkel.com/BERGQUIST-GAP-PAD-TGP-HC3000-en_GL.pdf	BERGQUIST GAP PAD TGP HC3000 - Technical Data Sheet (3.0 W/m-K fiberglass-reinforced silicone gap filler)	1	Thermal Pad Silicone Medium 3.0 W/mK
1816	https://www.laird.com/sites/default/files/2018-11/A15955-00%20THR-DS-Tflex%20700%20061716.pdf	Laird Tflex 700 Thermal Gap Filler datasheet (THR-DS-Tflex 700 17June16)	1	Thermal Pad Silicone High 5.0 W/mK
1817	https://www.laird.com/sites/default/files/2022-03/A17758-00%20Tflex%20HD700_03-15-22.pdf	Laird Tflex HD700 Series Thermal Gap Filler datasheet (A17758-00, 03-15-22)	1	Thermal Pad Silicone High 5.0 W/mK
36	https://datasheets.tdx.henkel.com/BERGQUIST-GAP-PAD-TGP-5000-en_GL.pdf	BERGQUIST GAP PAD TGP 5000 Technical Data Sheet (Henkel)	1	Thermal Pad Silicone High 5.0 W/mK
135	https://datasheets.tdx.henkel.com/BERGQUIST-GAP-PAD-TGP-HC5000-en_GL.pdf	Henkel Bergquist GAP PAD TGP HC5000 TDS	1	Thermal Pad Silicone High 5.0 W/mK
28	https://www.rogerscorp.com/-/media/project/rogerscorp/documents/elastomeric-material-solutions/poron/english/data-sheets/17-007-poron-4701-40-soft.pdf	Rogers PORON 4701-40 Soft Product Data Sheet	1	PORON 4701 Foam Gasket
130	https://www.stockwell.com/data-sheets/poron-4701-40-soft.pdf	Rogers PORON 4701-40 Soft Data Sheet	1	PORON 4701 Foam Gasket
29	https://www.rogerscorp.com/-/media/project/rogerscorp/documents/elastomeric-material-solutions/poron/english/data-sheets/17-038-poron-4790-92-extra-soft-slow-rebound-unsupported-materials.pdf	Rogers PORON 92 Extra Soft Slow Rebound Data Sheet	1	PORON SR-S Soft Foam
2599	https://www.stockwell.com/data-sheets/poron-4790-92-extra-soft-slow-reb.pdf	Product Data Sheet PORON 92 Extra Soft Slow Rebound (Rogers Publication #17-038) + Rogers published PORON compression-set test parameters	1	PORON SR-S Soft Foam
132	https://www.rogerscorp.com/-/media/project/rogerscorp/documents/elastomeric-material-solutions/poron/english/data-sheets/17-037-poron-4701-30-very-soft---supported-materials.pdf	Rogers PORON 4701-30 Very Soft Data Sheet	1	PORON SR-S Soft Foam
133	https://www.rogerscorp.com/elastomeric-material-solutions/poron-industrial-polyurethanes	Rogers PORON 4701 Industrial Polyurethane Data Sheet	1	PORON SR-S Soft Foam
38	https://www.aearotechnologies.com/wp-content/uploads/2022/09/ISODAMP-C1002-Aircraft-Data-Sheet.pdf	Aearo Technologies (3M) E-A-R ISODAMP C-1002 Data Sheet, Product Bulletin 196	1	EAR Isodamp C-1002
2136	https://www.aearotechnologies.com/wp-content/uploads/2022/09/aircraft_c1002_pb_196_22-1.pdf	Aircraft Damping Composite — ISODAMP™ C-1002, Product Bulletin 196	1	EAR Isodamp C-1002
2160	https://www.bpfonline.co.uk/downloads/pvc_material_data_sheet___tech_data_-_c193m80_-_3600-00041.pdf	Flexible PVC Compound Data Sheet — Grade C193M/80 (Shore A 53)	1	EAR Isodamp C-1002
2004	https://therubbercompany.com/wp-content/uploads/2024/04/RC02232-Expanded-Nitrile-NBR-Sponge.pdf	Expanded Nitrile/NBR Sponge Datasheet, Product Code RC02232 (ASTM D1056 2B2 A1 B2 C M P2 closed-cell nitrile sponge)	1	NBR Cushion Rubber
39	https://therubbercompany.com/wp-content/uploads/2019/10/RC0360-High-Grade-Nitrile-Sheeting-Data-Sheet.pdf	The Rubber Company High Grade Nitrile Rubber Sheeting 70 Shore, RC0360	1	NBR Cushion Rubber
142	None	점탄성 제진재 대표물성(Sorbothane/EAR 클래스)	1	visco-6
2006	https://multimedia.3m.com/mws/media/828134O/3m-viscoelastic-damping-polymer-112-series.pdf	Technical Data 3M(TM) Viscoelastic Damping Polymer 112 Series (112P02 / 112P05 acrylic viscoelastic damping polymer), May 2017	1	visco-6
143	None	점탄성 제진재 대표물성(Sorbothane 클래스)	1	visco-6
238	https://focenter.com/media/wysiwyg/docs/AngstromLink-OKP4_OKP4HT_OKP-1.pdf	OKP4/OKP4HT/OKP-1 Optical Plastic datasheet (Osaka Gas Chemicals, via Fiber Optic Center)	1	OKP High-Index Optical Polyester
2417	https://www.ogc.co.jp/e/products/fluorene/okp.html	Polyester (OKP Optical Plastic) — Fine chemical materials, product property table	1	OKP High-Index Optical Polyester
1776	https://jnsglass.com/wp-content/uploads/CGG_PI_Sheet_Gorilla-Glass-3.pdf	Corning Gorilla Glass 3 with NDR Product Information Sheet (E_050613)	1	Aluminosilicate Cover Glass
243	https://valleydesign.com/Datasheets/Corning-Gorilla-glass.pdf	Corning Gorilla Glass Product Information (Valley Design datasheet)	2	Aluminosilicate Cover Glass; Corning Gorilla Glass 2
244	http://abrisatechnologies.com/specs/Dragontrail%20Spec%20Sheet.pdf	AGC Dragontrail Chemically Strengthened Glass Spec Sheet (Abrisa Technologies)	1	Aluminosilicate Cover Glass
246	None	Wang et al. 2019, Quasi-static and dynamic flexural behavior of annealed and chemically strengthened aluminosilicate glass with notch defects	1	Aluminosilicate Cover Glass
2329	https://www.abrisatechnologies.com	Abrisa Technologies — HIE (High Ion-Exchange) chemically strengthened aluminosilicate glass, product specification	1	Aluminosilicate Cover Glass
2475	https://www.corning.com/microsites/csm/gorillaglass/PI_Sheets/CGG_PI_Sheet_Large_Cover.pdf	Corning Gorilla Glass for Large Format Applications - Product Information Sheet	1	Aluminosilicate Cover Glass
2525	https://abrisatechnologies.com/glass-materials/schott-xensation/	SCHOTT Xensation Aluminosilicate Cover Glass — product specification	1	Aluminosilicate Cover Glass
701	None	ASM Engineered Materials Handbook — Ceramics and Glasses	21	Aluminosilicate Cover Glass; Ferrite Soft (MnZn); Ferrite Soft (NiZn); NCM811 Cathode
245	None	Jiang et al. 2016, Effect of residual stress on the fracture of chemically strengthened thin aluminosilicate glass, J Mater Sci	2	Aluminosilicate Cover Glass; Ultra-Thin Glass (UTG, foldable)
248	None	Jiang et al. 2017, Subcritical crack growth and lifetime prediction of chemically strengthened aluminosilicate glass	2	Aluminosilicate Cover Glass; Ultra-Thin Glass (UTG, foldable)
2974	https://arxiv.org/pdf/2012.04732v1	The Competing Effect of Initial Crack Depth Versus Chemical Strengthening Parameters on Apparent Fracture Toughness of Sodium Aluminosilicate Glass	1	Aluminosilicate Cover Glass
2924	https://www.bzycj.cn/cn/article/doi/10.11883/bzycj-2016-0186	飞机风挡无机玻璃在不同应变率下的力学行为 (Mechanical behavior of aircraft windshield inorganic glass at different strain rates), Explosion and Shock Waves 38(2):295-301	1	Aluminosilicate Cover Glass
1777	https://abrisatechnologies.com/media/SCHOTT-AS-87-eco.pdf	Ultra-Thin SCHOTT AS 87 eco Aluminosilicate Glass Datasheet (AS87 10_22)	2	Aluminosilicate Cover Glass; Ultra-Thin Glass (UTG, foldable)
250	None	Abramov et al. 2010, Laser separation of chemically strengthened glass	1	Aluminosilicate Cover Glass
253	https://www.eclipsemagnetics.com/site/assets/files/19485/ndfeb_neodymium_iron_boron-standard_ndfeb_range_datasheet_rev1.pdf	Eclipse Magnetics NdFeB Standard Range Datasheet	1	NdFeB Sintered Magnet (N52)
252	https://www.arnoldmagnetics.com/wp-content/uploads/2017/11/N52-151021.pdf	Arnold Magnetic Technologies N52 Sintered NdFeB Datasheet	1	NdFeB Sintered Magnet (N52)
1984	https://www.eclipsemagnetics.com/site/assets/files/23180/neodymium_grades_data.pdf	Sintered Neodymium Iron Boron (NdFeB) Magnets - grades data	1	NdFeB Sintered Magnet (N52)
1877	https://doi.org/10.3390/ma12193173	Magnetic Properties of Manganese-Zinc Soft Ferrite Ceramic for High Frequency Applications	1	Ferrite Soft (MnZn)
2994	https://www.tdk-electronics.tdk.com/download/519704/069c210d0363d7b4682d9ff22c2ba503/ferrites-and-accessories-db-130501.pdf	Ferrites and Accessories — Data Book 2013, TDK/EPCOS, sec. 8.5 'Resistivity rho, dielectric constant eps', p.139	2	Ferrite Soft (MnZn); Ferrite Soft (NiZn)
254	https://www.mhw-intl.com/wp-content/uploads/2011/10/TDK-Power-Ferrite-Material-Characteristics.pdf	TDK Power Ferrite Material Characteristics (PC47)	1	Ferrite Soft (MnZn)
2766	https://fair-rite.com/78-material-data-sheet/	Fair-Rite 78 Material Data Sheet (78 Material Characteristics)	1	Ferrite Soft (MnZn)
2076	https://file.elecfans.com/web1/M00/20/AD/oYYBAFmkxFGAbgBRAAh_D0R7vHg985.pdf	Ferrite Materials for Power Transformer PC95 — Table 1 Material characteristics of ferrites for power transformers	1	Ferrite Soft (MnZn)
2376	https://ferrite.ru/upload/docs/pdf/products/tdk/ferrite/ferrite_mn-zn_material_characteristics_en.pdf	Mn-Zn Ferrite Material Characteristics (September 2014)	1	Ferrite Soft (MnZn)
2411	http://www.greenroofsolar.com/datasheets/PC44.pdf	TDK Ferrite for Switching Power Supplies — Material Characteristics (for Transformer and Choke), PC40/PC44/PC47/PC50	1	Ferrite Soft (MnZn)
2377	https://sy-dep-epc-lpc.web.cern.ch/components/datasheets/epc-lpc%20(converters)/E%20-%20Ferrite%20datas%20-%20FERROXCUBE.pdf	Soft Ferrites and Accessories Data Handbook - Ferrite material survey (2008 Sep 01)	2	Ferrite Soft (MnZn); Ferrite Soft (NiZn)
256	None	Keluskar 2006 - High permeability low loss Mn-Zn ferrite by sintering nanoparticle Mn-Zn ferrite	1	Ferrite Soft (MnZn)
2952	https://www.jfe-steel.co.jp/en/research/report/027/pdf/027-06.pdf	MnZn Ferrite with Higher Strength (JFE Technical Report No. 27)	1	Ferrite Soft (MnZn)
2948	https://pmc.ncbi.nlm.nih.gov/articles/PMC9821950/	Influence of MnZn Ferrite Homogeneous Fibers on the Microstructure, Magnetic, and Mechanical Properties of MnZn Ferrite Materials	1	Ferrite Soft (MnZn)
255	https://product.tdk.com/info/en/catalog/datasheets/ferrite_summary_en.pdf	MnZn Ferrite Bulk Density (TDK ferrite summary)	1	Ferrite Soft (MnZn)
257	https://fair-rite.com/67-material-data-sheet/	Fair-Rite 67 Material Data Sheet	1	Ferrite Soft (NiZn)
2077	https://media.digikey.com/pdf/Data%20Sheets/Fair-Rite/61-Material_DS.pdf	61-Material Datasheet — A high frequency NiZn ferrite material (61 Material Characteristics table)	1	Ferrite Soft (NiZn)
2375	http://elnamagnetics.com/wp-content/uploads/library/Proterial-America,-Ltd./PR-EM07_FINEMET%20Ribbon_PR-EM07.pdf	FINEMET Ribbon (PR-EM07) - Nanocrystalline Fe-based Soft Magnetic Material	2	Ferrite Soft (NiZn); Nanocrystalline Shielding (FeSiB)
258	None	A study of the structural and morphological properties of Ni–ferrite, Zn–ferrite and Ni–Zn–ferrites functionalized with starch	1	Ferrite Soft (NiZn)
1878	https://doi.org/10.3390/ma17102293	The Effect of Sintering Temperature on the Densification and Magnetic Performance of NiCuZn-Ferrites (CuO: 0–6 wt.%)	1	Ferrite Soft (NiZn)
2953	https://srdata.nist.gov/CeramicDataPortal/Tough/Ftniznfe	NIST Ceramics Data Portal - Fracture Toughness: Nickel Zinc Ferrite	1	Ferrite Soft (NiZn)
261	https://www.hilltech.com/pdf/Hitachi/Datasheets/Hitachi%20Metals%20FINEMET%20material_sm.pdf	Hitachi Metals FINEMET FT-3M Nanocrystalline Material Datasheet	1	Nanocrystalline Shielding (FeSiB)
1906	https://doi.org/10.3390/nano12203662	Modern Advances in Magnetic Materials of Wireless Power Transfer Systems: A Review and New Perspectives	1	Nanocrystalline Shielding (FeSiB)
1915	https://doi.org/10.1016/j.heliyon.2024.e37119	Magnetic shielding properties of an iron-based nanocrystalline alloy for induction heating systems	1	Nanocrystalline Shielding (FeSiB)
1843	https://plastore.it/cgi2018/file818/214_pei%20ultem%201000.pdf	ULTEM Resin 1000 Technical Datasheet (Europe) TDS-31737-en	1	PEI Ultem Film
264	https://www.materialdatacenter.com/ms/en/tradenames/Ultem/Saudi+Basic+Industries+Corporation+%28SABIC%29/ULTEM%E2%84%A2+Resin+1000/34e48802/1140	SABIC ULTEM Resin 1000 Polyetherimide (PEI) - Datasheet (Material Data Center)	1	PEI Ultem Film
2073	https://www.protolabs.com/media/1014801/ultem-1000-im.pdf	ULTEM Resin 1000 Technical Datasheet (Form No. TDS-4195-en)	1	PEI Ultem Film
2419	https://www.apollooptical.com/common-polymers-for-optical-components	Polymer Optics Guide: Materials for Lenses & Optical Components — optical polymer comparison table	1	PEI Ultem Film
2433	https://pmc.ncbi.nlm.nih.gov/articles/PMC7998539/	A Molecular Interpretation of the Dynamics of Diffusive Mass Transport of Water within a Glassy Polyetherimide, Int. J. Mol. Sci. 2021, 22, 2908	1	PEI Ultem Film
2085	https://www.protolabs.com/media/1020056/ultem-resin_1000_americas_technical_data_sheet.pdf	ULTEM Resin 1000 - Region Americas Technical Data Sheet	1	PEI Ultem Film
1927	https://www.aimsolder.com/wp-content/uploads/alloy_sac305_tds.pdf	SAC305 Lead-Free Solder Alloy Technical Data Sheet (Doc Rev NF7)	1	SAC305 Solder Alloy
2404	https://www.ncbi.nlm.nih.gov/pmc/articles/PMC13136331/	Cerium as corrosion inhibitor for Sn-3Ag-0.5Cu solder alloy in 3.5% NaCl solution	1	SAC305 Solder Alloy
285	https://us.rs-online.com/m/d/8d9ef1f686bf70839a288bf4fd8e669e.pdf	Lead Free Solder Sn96 (SAC305) 4900 Technical Data Sheet	1	SAC305 Solder Alloy
1836	https://www.indium.com/wp-content/uploads/2025/03/Indalloy256-for-Preforms-PDS-100346-A4-R0-1.pdf	PRODUCT DATA SHEET — Indalloy(R) 256 (SAC305) for Preforms, Form No. 100346 (A4) R0	1	SAC305 Solder Alloy
2577	http://auetd.auburn.edu/bitstream/handle/10415/6788/Dissertation%20-%20Mohammad%20S.%20Alam.pdf?sequence=2&isAllowed=y	Mechanical Behavior and Microstructural Evolution of Lead Free Solder Alloys in Harsh Environment Applications (PhD dissertation, Auburn University)	1	SAC305 Solder Alloy
2578	https://www.ebi.ac.uk/europepmc/webservices/rest/PMC6982262/fullTextXML	Random Voids Generation and Effect of Thermal Shock Load on Mechanical Reliability of Light-Emitting Diode Flip Chip Solder Joints	1	SAC305 Solder Alloy
2581	https://etd.auburn.edu/bitstream/handle/10415/6354/Di%20Zhang%20Dissertation%20903354193.pdf?sequence=2&isAllowed=y	Effect of Aging and High Temperature on High Strain Rate Mechanical Properties of SAC305 and Its Application to Shock and Vibration Environment (PhD dissertation, Auburn University)	1	SAC305 Solder Alloy
2582	https://arxiv.org/pdf/2204.05583	A multi-scale approach to microstructure-sensitive thermal fatigue in solder joints (arXiv:2204.05583)	1	SAC305 Solder Alloy
1928	https://doi.org/10.3390/app14020604	Comparison of Tensile and Creep Properties of SAC305 and SACX0807 at Room Temperature with DIC Application	1	SAC305 Solder Alloy
1960	https://arxiv.org/abs/2006.05904	In-situ study of creep in Sn-3Ag-0.5Cu solder (arXiv:2006.05904), Figure 2b	1	SAC305 Solder Alloy
2620	https://web.archive.org/web/2019id_/http://downloads.hindawi.com/journals/amse/2013/838075.pdf	The Creep Parameters of SAC305 Unleaded Solders	1	SAC305 Solder Alloy
2622	https://arxiv.org/pdf/2007.08266	The Role of Lengthscale in the Creep of Sn-3Ag-0.5Cu Solder Microstructures	1	SAC305 Solder Alloy
2591	https://etd.auburn.edu/handle/10415/3818	A Constitutive Model for Lead Free Solder Including Aging Effects and Its Application to Microelectronic Packaging (PhD dissertation, Auburn University)	1	SAC305 Solder Alloy
2590	https://etd.auburn.edu/handle/10415/8518	Fatigue Properties and Reliability of Solder Joints in BGA Assembly (PhD dissertation, Auburn University)	1	SAC305 Solder Alloy
2592	https://etd.auburn.edu/handle/10415/7502	Effects of Creep and Fatigue on the Reliability of SnAgCu Solder Joints in Thermal Cycling (PhD dissertation, Auburn University)	1	SAC305 Solder Alloy
2593	https://pmc.ncbi.nlm.nih.gov/articles/PMC10856700/	Optimization of the Boundary Conditions of a Board Level Reliability Test Board to Maximize the Fatigue Life of Ball Grid Array Solder Joints under Thermal Cycling and Random Vibration, Materials 17(3):755 — 1차 출처는 Yu et al., Microelectron. Reliab. 51 (2011) 649-656 (doi:10.1016/j.microrel.2010.10.003)	1	SAC305 Solder Alloy
284	https://www.kappalloy.com/solder-alloy/sac-solders/sac305/	SAC305 SAC Solder - Solder Alloy	1	SAC305 Solder Alloy
2579	https://cdn.techscience.press/files/cmc/2014/v40n3/cmc.2014.040.165.pdf	Optimization of Johnson-Cook Constitutive Model for Lead-free Solder Using Genetic Algorithm and Finite Element Simulations	1	SAC305 Solder Alloy
2580	https://lxxb.cstam.org.cn/cn/article/pdf/preview/10.6052/0459-1879-2010-3-2008-680.pdf	焊锡材料的应变率效应及其材料模型 (Strain rate effects of solder materials and their material models), Chinese Journal of Theoretical and Applied Mechanics 42(3), 439-447	1	SAC305 Solder Alloy
2594	https://pmc.ncbi.nlm.nih.gov/articles/PMC9925449/	Reliability modeling of the fatigue life of lead-free solder joints at different testing temperatures and load levels using the Arrhenius model, Scientific Reports 13:2493	1	SAC305 Solder Alloy
287	None	The Microstructure, Thermal, and Mechanical Properties of Sn-3.0Ag-0.5Cu-xSb High-Temperature Lead-Free Solder	1	SAC305 Solder Alloy
286	https://www.researchgate.net/publication/304014242	Mechanical Characterization of SAC305 Lead Free Solder at High Temperatures	1	SAC305 Solder Alloy
689	None	CRC Handbook of Chemistry and Physics, 97th ed.	15	SAC305 Solder Alloy; Sintered Silver; Graphite Anode; Silicon Anode
299	None	A Novel Photosensitive Dry-Film Dielectric Material for High Density Package Substrate, Interposer and Wafer Level Package	1	ABF Buildup Film
304	None	Dielectric Characterization of Ultra-Thin Low-Loss Build-Up Substrate for System-in-Package (SiP) Modules	1	ABF Buildup Film
305	https://polymerinnovationblog.com/polymers-in-electronic-packaging-build-up-films-for-flip-chip-semiconductor-substrates-part-two/	Ajinomoto ABF GX build-up film — industry-aggregated properties	1	ABF Buildup Film
1833	https://eps.ieee.org/wp-content/uploads/2025/11/Trend_of_Organic_Substrate_Materials_Article__mitsukura_hisada.pdf	Trend of Organic Substrate Materials (IEEE EPS article)	2	ABF Buildup Film; RDL Dielectric (PBO)
770	None	ASM Engineered Materials Handbook — Composites	18	ABF Buildup Film; BT Resin; Graphite Anode; Silicon Anode
2700	https://europepmc.org/article/MED/PMC13144396	Study on warpage stress in SiP packages during reflow soldering	1	ABF Buildup Film
294	https://www.sciencedirect.com/science/article/abs/pii/S0026271415001778	Power modules die attach: A comprehensive evolution of the nanosilver sintering physical properties versus its porosity	1	Sintered Silver
1908	https://doi.org/10.2172/1041433	Properties of Bulk Sintered Silver As a Function of Porosity (ORNL/TM-2012/130)	1	Sintered Silver
3091	https://www.osti.gov/servlets/purl/1827894	Reliability and Lifetime Prediction Model of Sintered Silver Under High-Temperature Cycling	1	Sintered Silver
1904	https://doi.org/10.3390/ma13184061	Temperature Dependence on Tensile Mechanical Properties of Sintered Silver Film	1	Sintered Silver
295	https://www.researchgate.net/publication/322872925	Porosity and Young's modulus of pressure-less sintered silver nanoparticles	1	Sintered Silver
293	https://www.mdpi.com/1996-1073/17/16/4105	Mechanical Characterization of Sintered Silver Materials for Power Device Packaging: A Review	1	Sintered Silver
306	https://www.mgc.co.jp/eng/products/sc/btprint/lineup/hfbt.html	Non-halogenated Low CTE BT Resin Laminate for IC Plastic Packages — CCL-HL832NX	1	BT Resin
307	None	High performance fluorinated Bismaleimide-Triazine resin with excellent dielectric properties	1	BT Resin
310	None	Thermally stabilized bismaleimide-triazine resin composites for 10-GHz level high-frequency application	1	BT Resin
311	None	Thermal behavior and dielectric property analysis of boron nitride-filled bismaleimide-triazine resin composites	1	BT Resin
687	None	Noh et al., 'Comparison of the structural and electrochemical properties of layered Li[NixCoyMnz]O2 (x=1/3,0.5,0.6,0.7,0.8,0.85)', J. Power Sources 233 (2013) 121	2	NCM811 Cathode; NCA Cathode (LiNiCoAlO2)
314	https://www.ossila.com/products/nmc811	Ossila NMC811 Cathode Powder Product Specification	1	NCM811 Cathode
1795	https://doi.org/10.1016/j.jpowsour.2021.230829	Meta-analysis of experimental results for heat capacity and thermal conductivity in lithium-ion batteries: A critical review	5	NCM811 Cathode; Graphite Anode; Liquid Electrolyte (LiPF6 carbonate); NCA Cathode (LiNiCoAlO2)
2426	https://pmc.ncbi.nlm.nih.gov/articles/PMC12875191/	Enhancing power density and cycle life of NMC811 battery cathodes via combined dense calendering and laser patterning, Energy Environ. Sci.	1	NCM811 Cathode
2106	https://stonylab.com/products/nmc811-cathode-powder	NMC811 Cathode Powder LiNiMnCoO2, Battery Grade — product specification	1	NCM811 Cathode
2445	https://neicorporation.com/specs/NEI_CBP-56_NMC811_powder_Spec_Sheet.pdf	NEI Corporation CBP-56 ("NMC811") powder Specification Sheet (v2.1, 2025-08-15)	1	NCM811 Cathode
688	None	Bak et al., 'Structural Changes and Thermal Stability of Charged LiNixMnyCozO2 Cathode Materials', ACS Appl. Mater. Interfaces 6 (2014) 22594	2	NCM811 Cathode; NCA Cathode (LiNiCoAlO2)
2611	https://europepmc.org/article/PMC/PMC9783245	An Improved Experiment for Measuring Lithium Concentration-Dependent Material Properties of Graphite Composite Electrodes	1	Graphite Anode
2609	https://europepmc.org/article/PMC/PMC11280347	Experimental and Modeling Analysis of Mechanical Response of Composite Electrodes in Lithium Batteries	2	Graphite Anode; Silicon Anode
2604	https://europepmc.org/article/MED/41357106	The impact of volume expansion on thermodynamic and kinetic properties of graphite/Si alloy composite anodes	1	Graphite Anode
2711	https://europepmc.org/article/PMC/PMC12368059	Exploring electrochemical dynamics in graphite||LiNi0.8Mn0.1Co0.1O2 cells via operando ultrasound and multiprobe approaches	1	Graphite Anode
315	https://www.fuelcellearth.com/fuel-cell-products/natural-graphite-powder-for-lithium-ion-battery-anode/	Natural Graphite Powder for Lithium Ion Battery Anode	1	Graphite Anode
316	https://www.anoviontech.com/wp-content/uploads/2023/09/AnovionTech_TechSheet_TS9500_WEB.pdf	AnovionTech TS-9500 Synthetic Graphite Anode Powder Technical Data Sheet	1	Graphite Anode
1925	https://doi.org/10.3390/ma14164683	Investigation of Lithium Ion Diffusion of Graphite Anode by the Galvanostatic Intermittent Titration Technique	1	Graphite Anode
2427	https://pmc.ncbi.nlm.nih.gov/articles/PMC12328598/	Investigating the effect of screen-printed structured graphite electrodes with low tortuosity for high-capacity and fast-charging Li-ion batteries, Sci. Rep. 2025	1	Graphite Anode
2105	https://stonylab.com/products/high-compaction-graphite-anode-material	High-Compaction Graphite Anode Material — product specification	1	Graphite Anode
2431	https://www.ossila.com/products/graphite-powders	Ossila Graphite Powders - product specification table	1	Graphite Anode
2606	https://europepmc.org/article/PMC/PMC11613162	Investigate the changes of aged lithium iron phosphate batteries from a mechanical perspective	2	Graphite Anode; LFP Cathode (LiFePO4)
2447	https://neicorporation.com/products/batteries/cathode-anode-powders/natural-graphite/	NEI Corporation ABP-200 natural graphite anode powder - Product Specifications	1	Graphite Anode
1799	https://web.stanford.edu/group/cui_group/papers/Lucas_Cui_Nix_JPS_2014.pdf	Mechanical behavior of electrochemically lithiated silicon	1	Silicon Anode
318	https://universitywafer.com/mechanical-properties-monocrystalline-silicon.html	Mechanical Properties of Monocrystalline Silicon	1	Silicon Anode
317	https://www.universitywafer.com/density-of-silicon.html	Density of Silicon - Silicon Wafer Density and Material Properties	1	Silicon Anode
2108	https://www.msesupplies.com/en-de/products/high-capacity-silicon-based-anode-powder-for-lithium-ion-battery-100g	MSE PRO High Capacity Silicon Based Anode Powder for Lithium Ion Battery (SKU PO5014) — product specification	1	Silicon Anode
2430	https://www.ossila.com/products/silicon-nanopowder	Ossila Silicon Nanopowder - product specification	1	Silicon Anode
1898	https://doi.org/10.3390/ma11010144	Effects of Polypropylene Orientation on Mechanical and Heat Seal Properties of Polymer-Aluminum-Polymer Composite Films for Pouch Lithium-Ion Batteries	1	Al Laminate Pouch
323	https://www.signialuminium.com/product/8021-aluminum-foil/	8021 Aluminum Foil (battery pouch grade) product page	1	Al Laminate Pouch
324	https://djaluminum.com/products/8021-aluminium-foil/	8021 Aluminum Foil comparison (thermal conductivity)	1	Al Laminate Pouch
329	None	Grain size effect on piezoelectric and ferroelectric properties of BaTiO3 ceramics	1	BaTiO3 MLCC Dielectric
332	None	Grain size effect on electrical and reliability characteristics of modified fine-grained BaTiO3 ceramics for MLCCs	1	BaTiO3 MLCC Dielectric
1875	https://doi.org/10.3390/molecules27217464	Optimization of Sintering Conditions to Enhance the Dielectric Performance of Gd3+ and Ho3+ Codoped BaTiO3 Ceramics	1	BaTiO3 MLCC Dielectric
2985	https://arxiv.org/abs/1508.06554	Determination of fracture toughness and Vickers hardness of barium titanate ceramics	1	BaTiO3 MLCC Dielectric
334	https://www.kyocera-avx.com/docs/techinfo/CeramicCapacitors/yngsmodu.pdf	Young's Modulus and Thermal Diffusivity Measurements of Barium Titanate Based Dielectric Ceramics	1	BaTiO3 MLCC Dielectric
2094	https://pubchem.ncbi.nlm.nih.gov/compound/159419	PubChem Compound Summary — Barium titanate (CID 159419)	1	BaTiO3 MLCC Dielectric
1862	https://doi.org/10.1016/j.pmatsci.2010.09.001	Piezoelectric films for high frequency ultrasonic transducers in biomedical applications	1	PZT Piezoelectric
2619	https://www.americanpiezo.com/wp-content/uploads/2023/11/APC_materials_properties-compressed_2021.pdf	Physical and Piezoelectric Properties of APC Materials (Updated March 2020, Rev. 06)	1	PZT Piezoelectric
1864	https://doi.org/10.3390/ma14195795	Piezoelectric Ceramics with High d33 Constants and Their Application to Film Speakers	1	PZT Piezoelectric
335	https://info.piezo.com/hubfs/Data-Sheets/piezo-PZT-5A_PZT-5H-material-properties.pdf	PZT5A & 5H Materials Technical Data (Typical Values)	1	PZT Piezoelectric
1863	https://doi.org/10.3390/ma16041679	Piezoelectric Response and Cycling Fatigue Resistance of Low-Temperature Sintered PZT-Based Ceramics	1	PZT Piezoelectric
2956	https://www.jstage.jst.go.jp/article/jjspm/52/1/52_1_16/_pdf	Cyclic Fatigue Behavior and Mechanical Properties of PZT Piezoelectric Ceramics	1	PZT Piezoelectric
2983	https://doi.org/10.4416/JCST2012-00025	Layered ceramics with internal compressive stresses: fracture behaviour of bulk and multilayer PZT	1	PZT Piezoelectric
2984	https://publikationen.bibliothek.kit.edu/270044032/3813710	Fracture toughness of commercial PZT ceramics (PIC 141/151/155)	1	PZT Piezoelectric
1814	https://docs.rs-online.com/aff4/0900766b811810f2.pdf	Basic Properties and Application Examples of PGS Graphite Sheet (Material Characteristics of Graphite Sheets)	2	Graphite PGS (Pyrolytic Sheet); PGS Graphite Sheet 100 um (Panasonic)
2490	https://refractiveindex.info/database/data/main/C/nk/Querry-Pyrolytic.yml	M. R. Querry, Optical constants, Contractor Report CRDC-CR-85034 (1985), DTIC ADA158623 — refractiveindex.info 공개 데이터 파일 main/C/nk/Querry-Pyrolytic.yml (Pyrolytic carbon / pyrolytic graphite)	1	Graphite PGS (Pyrolytic Sheet)
336	https://www.digikey.fr/htmldatasheets/production/2091747/0/0/1/eyg-type-pgs-graphite-sheets.html	EYG Type PGS (Pyrolytic Graphite Sheet) Datasheet	1	Graphite PGS (Pyrolytic Sheet)
337	None	Thermal Pyrolytic Graphite Composite with Coefficient of Thermal Expansion Matching for Advanced Thermal Management (Fan, 2012)	1	Graphite PGS (Pyrolytic Sheet)
1815	https://datasheet.octopart.com/EYGS121807-Panasonic-datasheet-14434275.pdf	Panasonic Pyrolytic Graphite Sheet (PGS) Brochure — PGS Characteristics table	1	Graphite PGS (Pyrolytic Sheet)
643	None	IPC-4204 — Flexible Metal-Clad Dielectrics	1	MPI (Modified Polyimide)
342	https://www.bestpcbs.com/blog/2025/11/polyimide-pcb-material-datasheet-selection-guide/	Polyimide PCB Material Datasheet & Selection Guide	1	MPI (Modified Polyimide)
344	https://www.mdpi.com/2673-8023/5/2/23	Development of Low-Dielectric Modified Polyimide with Low-Temperature Radical Curing for High-Frequency Flexible Printed Circuit Boards	1	MPI (Modified Polyimide)
2143	https://www.hemeixinpcb.com/images/PCB_material/Flex/thinflex-lk-datasheet.pdf	ThinFlex-LK, LK-2005RD-J6 Adhesiveless Double Sided Copper Clad Laminate - Technical Data Sheet 201705	1	MPI (Modified Polyimide)
343	https://www.kaneka.co.jp/en/topics/news/2020/ennr2011181.html	Kaneka develops super heat-resistant polyimide film for 5G millimeter wave zones (Pixeo IB)	1	MPI (Modified Polyimide)
345	https://solvionic.com/files/solvionic/fds/E001_SDS_EN_UE.pdf	Safety Data Sheet - 1M LiPF6 in DMC:EC 1:1 (vol.), battery grade (E001)	1	Liquid Electrolyte (LiPF6 carbonate)
346	None	Fluoroethylene Carbonate as Electrolyte Additive in Tetraethylene Glycol Dimethyl Ether Based Electrolytes for Application in Lithium Ion and Lithium Metal Batteries (Heine et al., 2015)	1	Liquid Electrolyte (LiPF6 carbonate)
3017	https://www.osti.gov/biblio/1960071	Solvation Effects on the Dielectric Constant of 1 M LiPF6 in Ethylene Carbonate:Ethyl Methyl Carbonate 3:7	1	Liquid Electrolyte (LiPF6 carbonate)
2576	https://github.com/squall321/MaterialTwinWeb	MaterialTwinWeb 클래스 가정 — 카탈로그 내 동일 클래스 실측값의 중앙값	42	Liquid Electrolyte (LiPF6 carbonate); PI Base Film — Kapton 150EN-C (DuPont); PI Base Film — Kapton 150EN-A (DuPont); PI Base Film — Kapton 140EN-Z (DuPont)
2093	https://pubchem.ncbi.nlm.nih.gov/compound/23688915	PubChem Compound Summary — Lithium hexafluorophosphate (CID 23688915)	1	Liquid Electrolyte (LiPF6 carbonate)
350	https://www.osti.gov/servlets/purl/1261353	Elastic Properties of the Solid Electrolyte Li7La3Zr2O12(LLZO)	1	Solid Electrolyte (LLZO Garnet)
347	None	Electrochemical performance of an all-solid-state lithium ion battery with garnet-type oxide electrolyte (Ohta et al., 2012)	1	Solid Electrolyte (LLZO Garnet)
348	None	Submicron-Sized Nb-Doped Lithium Garnet for High Ionic Conductivity Solid Electrolyte and Performance of Quasi-Solid-State Lithium Battery (Ji et al., 2020)	1	Solid Electrolyte (LLZO Garnet)
2949	https://pmc.ncbi.nlm.nih.gov/articles/PMC11727369/	Ultrafast Sintering of Dense Li7La3Zr2O12 Membranes for Li Metal All-Solid-State Batteries	1	Solid Electrolyte (LLZO Garnet)
2950	https://arxiv.org/pdf/1808.02105	Lithium Metal Penetration Induced by Electrodeposition through Solid Electrolytes: Example in Single-Crystal Li6La3ZrTaO12 Garnet	1	Solid Electrolyte (LLZO Garnet)
349	None	Co-sinterable lithium garnet-type oxide electrolyte with cathode for all-solid-state lithium ion battery (Ohta et al., 2014)	1	Solid Electrolyte (LLZO Garnet)
2449	https://neicorporation.com/products/batteries/solid-state-electrolyte/oxide-based/	NEI Corporation Oxide-Based Solid Electrolytes - NANOMYTE SOX-20 (Al-doped LLZO)	1	Solid Electrolyte (LLZO Garnet)
351	https://doi.org/10.1016/j.jallcom.2015.05.067	Thermal expansion in the garnet-type solid electrolyte (Li7-xAlx/3)La3Zr2O12 as a function of Al content (Hubaud et al., 2015)	1	Solid Electrolyte (LLZO Garnet)
2123	https://www.azom.com/properties.aspx?ArticleID=1114	Properties: Silica - Silicon Dioxide (SiO2) (AZoM materials property table)	1	AR/IR Coating (multilayer)
2124	https://www.azom.com/properties.aspx?ArticleID=1179	Properties: Titanium Dioxide - Titania (TiO2) (AZoM materials property table)	1	AR/IR Coating (multilayer)
359	https://www.sciencedirect.com/science/article/abs/pii/S0927024812005831	Sol-gel preparation of SiO2/TiO2/SiO2-TiO2 broadband antireflective coating	1	AR/IR Coating (multilayer)
2495	https://www.edmundoptics.com/knowledge-center/application-notes/optics/anti-reflection-coatings/	Edmund Optics, Anti-Reflection Coatings — Table 2 Standard AR coating specifications	1	AR/IR Coating (multilayer)
357	https://refractiveindex.info/?shelf=main&book=SiO2&page=Malitson	Refractive index database - SiO2 (fused silica, Malitson)	1	AR/IR Coating (multilayer)
358	https://refractiveindex.info/?shelf=main&book=TiO2&page=Devore-o	Refractive index database - TiO2 thin film	1	AR/IR Coating (multilayer)
1972	https://doi.org/10.2971/jeos.2013.13010	L. Gao, F. Lemarchand, M. Lequime, Refractive index determination of SiO2 layer in the UV/Vis/NIR range: spectrophotometric reverse engineering on single and bi-layer designs, J. Europ. Opt. Soc. Rap. Public. 8, 13010 (2013)	1	AR/IR Coating (multilayer)
1973	https://doi.org/10.1364/oe.20.015734	L. Gao, F. Lemarchand, M. Lequime, Exploitation of multiple incidences spectrometric measurements for thin film reverse engineering, Opt. Express 20, 15734-15751 (2012)	1	AR/IR Coating (multilayer)
1974	https://doi.org/10.1364/ome.6.003622	L. V. Rodriguez-de Marcos, J. I. Larruquert, J. A. Mendez, J. A. Aznarez, Self-consistent optical constants of SiO2 and Ta2O5 films, Opt. Mater. Express 6, 3622-3637 (2016)	1	AR/IR Coating (multilayer)
1975	https://doi.org/10.1002/adom.201600250	T. Siefke et al., Materials pushing the application limits of wire grid polarizers further into the deep ultraviolet spectral range, Adv. Opt. Mater. 4, 1780-1786 (2016)	1	AR/IR Coating (multilayer)
1976	https://doi.org/10.1016/j.apsusc.2022.155214	A. Jolivet et al., Structural, optical, and electrical properties of TiO2 thin films deposited by ALD: Impact of the substrate, the deposited thickness and the deposition temperature, Appl. Surf. Sci. 608, 155214 (2023)	1	AR/IR Coating (multilayer)
1977	https://doi.org/10.1088/2053-1591/abb499	Double-layer anti-reflection coating of SiO2-TiO2/SiO2-TiO2-PEG300 with high transmittance and super-hydrophilicity, Mater. Res. Express 7, 096404 (2020)	1	AR/IR Coating (multilayer)
2121	https://matmake.com/materials-data/polymethyl-methacrylate-properties.html	Polymethyl Methacrylate (PMMA) - Properties (materials property database)	1	Color Filter Resin (pigment)
733	None	Toyo Ink color filter photoresist technical datasheet	1	Color Filter Resin (pigment)
361	None	A Color Television Camera Using a Single Interline Transfer CCD Image Sensor With Color Filter Array (Morishita, 1981)	1	Color Filter Resin (pigment)
1996	https://doi.org/10.1016/j.heliyon.2024.e35492	Investigation and comparison of the influence of modified DBR and yellow color filters for quantum dot color conversion-based micro LED applications	1	Color Filter Resin (pigment)
2049	https://patents.google.com/patent/WO2021020359A1/en	WO2021020359A1 - Colored resin composition, film, color filter, solid-state image pickup element, and image display device	1	Color Filter Resin (pigment)
2050	https://patents.google.com/patent/US9864272B2/en	US9864272B2 - Photosensitive resin composition for color filter, and color filter using the same	1	Color Filter Resin (pigment)
1997	https://doi.org/10.3390/polym17243337	Nanoindentation Analysis of SU-8 Coated Wafers at Different Baking Phases	1	Microlens Resin (thermal reflow)
360	https://tangram.co.uk/wp-content/uploads/Plastics-Data-File-PMMA.pdf	Plastics Data File - PMMA (Acrylic)	1	Microlens Resin (thermal reflow)
1998	https://doi.org/10.3390/mi15070816	A Rapid Fabrication Method of Large-Area MLAs with Variable Curvature for Retroreflectors Based on Thermal Reflow	1	Microlens Resin (thermal reflow)
363	https://doi.org/10.1063/1.5083639	Understanding charge transport in Ir(ppy)3:CBP OLED films	2	OLED Emitter Layer (Ir phosphor); OLED Host/Transport (CBP-class)
738	None	Baldo et al., 'Highly efficient phosphorescent emission from organic electroluminescent devices', Nature 395 (1998) 151	1	OLED Emitter Layer (Ir phosphor)
2044	https://www.ossila.com/products/irppy3	Ir(ppy)3 (Tris[2-phenylpyridinato-C2,N]iridium(III)) product datasheet, CAS 94928-86-6	1	OLED Emitter Layer (Ir phosphor)
1962	https://doi.org/10.1051/epjconf/20147902001	Thermal conductivity of organic semi-conducting materials using 3omega and photothermal radiometry techniques	2	OLED Emitter Layer (Ir phosphor); OLED ETL/HTL (transport)
1965	https://doi.org/10.3390/ma18102261	Probing Phase Transitions and Interfacial Reorganization in TAPC/CBP/BPhen Organic Light-Emitting Diode Stacks by In Situ Ellipsometry	3	OLED Emitter Layer (Ir phosphor); OLED Host/Transport (CBP-class); OLED ETL/HTL (transport)
362	https://www.ossila.com/products/cbp	CBP (4,4'-Bis(N-carbazolyl)-1,1'-biphenyl) product datasheet	1	OLED Host/Transport (CBP-class)
1963	https://doi.org/10.5281/zenodo.15051868	OLED materials refractive index and extinction coefficient dispersions (I. Aulika et al., Institute of Solid State Physics, University of Latvia)	2	OLED Host/Transport (CBP-class); OLED ETL/HTL (transport)
365	https://www.chembk.com/en/chem/CBP	CBP (58328-31-7) chemical property database entry	1	OLED Host/Transport (CBP-class)
1964	https://doi.org/10.1002/smtd.202501438	Direct Measurement of Density for Evaporated Thin Films	2	OLED Host/Transport (CBP-class); OLED ETL/HTL (transport)
364	https://onlinelibrary.wiley.com/doi/full/10.1002/inf2.12123	Progress in organic semiconducting materials with high thermal stability for organic light-emitting devices (InfoMat review)	1	OLED Host/Transport (CBP-class)
366	https://doi.org/10.1016/j.cej.2019.123368	Water-based Conductive Ink for Highly Efficient Electromagnetic Interference Shielding Coating	1	EMI Shield (conductive)
367	None	Highly Conductive 3D Segregated Graphene Architecture in Polypropylene Composite with Efficient EMI Shielding	1	EMI Shield (conductive)
368	None	Superhydrophobic and conductive carbon nanofiber/PTFE composite coatings for EMI shielding	1	EMI Shield (conductive)
1819	https://www.lookpolymers.com/polymer_Parker-Chomerics-CHO-SEAL-1298-EMI-Shielding-Material.php	Parker Chomerics CHO-SEAL 1298 EMI Shielding Material datasheet (Ag/Al filled fluorosilicone, MIL-DTL-83528 Type D)	1	EMI Shield (conductive)
2504	https://hollandshielding.com/pdfs/Mu-copper-tape-3200-TDS-rev-16-07-2026.pdf	Mu-copper tape 3200 (technical datasheet, rev 16-07-2026)	1	EMI Shield (conductive)
296	https://www.hx-pcbfactory.com/news/industry-news/fr4-pcb-material-properties-dielectric-constant-cte-datasheet-guide.html	FR4 PCB Material: Properties, Dielectric Constant, CTE & Datasheet Guide	1	Copper Clad Laminate (CCL)
1988	https://industrial.panasonic.com/content/data/EM/PDF/ipcdatasheet_R-1755V.pdf	Data Sheet - High Reliability Glass Epoxy Multi-layer Materials (High Tg & Low CTE type): Laminate R-1755V / Prepreg R-1650V, No.19070536	1	Copper Clad Laminate (CCL)
1989	https://www.syst.com.cn/en/product/info_132.aspx?itemid=1392	S1000-2 - Lead-free compatible FR-4 laminate (Low CTE / Hi-Tg), product specification	1	Copper Clad Laminate (CCL)
1763	https://www.isola-group.com/wp-content/uploads/data-sheets/370hr.pdf	370HR Industry Leading, Standard Loss, Thermally Robust Epoxy Laminate and Prepreg (Rev C, 2021-04-15)	2	Copper Clad Laminate (CCL); Isola 370HR High-Tg Laminate
660	None	IPC-4101 base material spec	1	Copper Clad Laminate (CCL)
1826	https://www.ventec-group.com/media/97160/190812vtc_data_copperfoil.pdf	MATERIAL DATASHEET / HTE COPPER FOIL (IPC-4562 Grade 3 ED HTE foil produced by Chang Chun Petrochemical Company, CCP)	1	Copper Clad Laminate (CCL)
3100	https://mavmatrix.uta.edu/mechaerospace_theses/935	Effect of Viscoelastic Modeling of PCB on the Board Level Reliability of Wafer Chip Scale Package (WCSP) in Computational Analysis (M.S. thesis, Univ. of Texas at Arlington)	1	Copper Clad Laminate (CCL)
371	https://webelements.co.uk/copper/physics.html	WebElements Periodic Table - Copper physical properties	1	TSV Copper (through-silicon via)
1907	https://doi.org/10.1038/s41378-024-00830-1	The impact of sidewall copper grain condition on thermo-mechanical behaviors of TSVs during the annealing process	1	TSV Copper (through-silicon via)
1978	https://doi.org/10.1021/acs.jpcc.5c06405	VIS-XUV Optical Constants and Electronic Band Parameters of a Tin-Oxo Cage Photoresist (Sn12O24C52H120)	1	EUV Photoresist (CAR/MOR)
2046	https://henke.lbl.gov/optical_constants/getdb2.html	CXRO X-Ray Interactions With Matter - Index of Refraction (Henke/LBNL atomic scattering factor tables)	1	EUV Photoresist (CAR/MOR)
387	None	Ongayi et al. (2012) High sensitivity chemically amplified EUV resists through enhanced EUV absorption, Proc. SPIE Vol. 8322, 83220T	1	EUV Photoresist (CAR/MOR)
2045	https://doi.org/10.1117/1.JMM.17.2.023505	Absorption coefficient of metal-containing photoresists in the extreme ultraviolet	1	EUV Photoresist (CAR/MOR)
385	None	High sensitivity chemically amplified EUV resists through enhanced EUV absorption	1	EUV Photoresist (CAR/MOR)
386	None	Synthesis of poly(2-trimethylsilyl-2-propyl methacrylate) and their application as a dry-developable chemically amplified photoresist	1	EUV Photoresist (CAR/MOR)
400	https://arxiv.org/pdf/1207.5906	Precise microwave characterization of MgO substrates for HTS circuits	1	Magnetic Sensor (TMR)
739	None	Yuasa & Djayaprawira, 'Giant tunnel magnetoresistance in magnetic tunnel junctions with a crystalline MgO(001) barrier', J. Phys. D 40 (2007) R337	1	Magnetic Sensor (TMR)
2122	https://www.azom.com/properties.aspx?ArticleID=54	Properties: Magnesia - Magnesium Oxide (MgO) (AZoM materials property table)	1	Magnetic Sensor (TMR)
1893	https://doi.org/10.1038/srep05895	Thermally robust Mo/CoFeB/MgO trilayers with strong perpendicular magnetic anisotropy	1	Magnetic Sensor (TMR)
1970	https://www.sydor.com/wp-content/uploads/SCHOTT-BG60-Bandpass-Filter.pdf	SCHOTT Data Sheet BG60 (ionically colored bandpass / IR cut filter glass), status 01.12.2014	1	IR Cut Filter (blue glass)
1971	https://sydor.com/wp-content/uploads/SCHOTT-BG61-Bandpass-Filter.pdf	SCHOTT Data Sheet BG61 (ionically colored bandpass / IR cut filter glass), status 01.12.2014	1	IR Cut Filter (blue glass)
412	https://www.lookpolymers.com/polymer_Schott-BG39-Band-Pass-Filter.php	SCHOTT BG39 Bandpass (NIR-cut) Filter Glass Datasheet	1	IR Cut Filter (blue glass)
2053	https://www.frontiersin.org/journals/chemistry/articles/10.3389/fchem.2022.988227/full	Luminescent quantum dot films improve light use efficiency and crop quality in greenhouse horticulture	1	Quantum Dot Film (QDEF)
422	https://www.kla.com/products/instruments/refractive-index-database/inp/indium+phosphide	Refractive Index of InP, Indium Phosphide (refractive index database)	1	Quantum Dot Film (QDEF)
745	None	Shirasaki et al., 'Emergence of colloidal quantum-dot light-emitting technologies', Nature Photonics 7 (2013) 13	1	Quantum Dot Film (QDEF)
1994	https://doi.org/10.1021/acsomega.8b00319	Fabrication of Photoluminescent Quantum Dot Thiol-yne Nanocomposites via Thermal Curing or Photopolymerization	1	Quantum Dot Film (QDEF)
1995	https://doi.org/10.3390/nano11082100	Optical Performance and Moisture Stability Enhancement of Flexible Luminescent Films Based on Quantum-Dot/Epoxy Composite Particles	1	Quantum Dot Film (QDEF)
2051	https://www.svc.org/clientuploads/directory/resource_library/2017_WT_08_Jones_paper.pdf	Barrier Films for Quantum Dot Encapsulation (2017 SVC Technical Conference / Vacuum Technology & Coating)	1	Quantum Dot Film (QDEF)
421	https://en.wikipedia.org/wiki/Indium_phosphide	Indium phosphide - physical properties	1	Quantum Dot Film (QDEF)
2052	https://patents.google.com/patent/WO2017142781A1/en	WO2017142781A1 - Matrix for quantum dot film article	1	Quantum Dot Film (QDEF)
1897	https://multimedia.3m.com/mws/media/66235O/3m-electrically-conductive-adhesive-transfer-tape-9703.pdf	3M Electrically Conductive Adhesive Transfer Tape 9703 - Technical Data (October 2015)	1	ACF (Anisotropic Conductive Film)
725	None	Dexerials ACF (anisotropic conductive film) technical datasheet	1	ACF (Anisotropic Conductive Film)
425	https://www.researchgate.net/publication/229397023_Mechanical_properties_of_anisotropic_conductive_film_with_strain_rate_and_temperature	Mechanical properties of anisotropic conductive film with strain rate and temperature (peer-reviewed study)	1	ACF (Anisotropic Conductive Film)
2060	http://pdf.hanrimwon.com/journal.aspx?journal_code=POLYMERKOREA&journal_vol=034&journal_issue=03&pdf_file=PK34-3-0191.pdf&kinds=JOU	A Study on the Thermo-mechanical Characteristics and Adhesion Reliability of Anisotropic Conductive Films Depend on the Curing Methods of Epoxy Resins (ACF-A, imidazole-cured epoxy)	1	ACF (Anisotropic Conductive Film)
2061	https://www.jstage.jst.go.jp/article/jiep1998/2/2/2_2_99/_pdf	フリップチップ接続用異方導電材料 (Anisotropic conductive materials for flip-chip interconnection)	1	ACF (Anisotropic Conductive Film)
1955	https://doi.org/10.3390/met8010042	Mechanism of Solder Joint Cracks in Anisotropic Conductive Films Bonding and Solutions, Metals 8(1):42 (2018)	2	ACF (Anisotropic Conductive Film); ACF acrylic solder-type (generic, literature)
426	https://www.sciencedirect.com/topics/engineering/anisotropic-conductive-film	Anisotropic Conductive Film - overview (ScienceDirect Topics) and cured-ACF Tg literature	1	ACF (Anisotropic Conductive Film)
1762	https://datasheets.tdx.henkel.com/LOCTITE-ABLESTIK-84-1LMISR4-en_GL.pdf	Technical Data Sheet — LOCTITE ABLESTIK 84-1LMISR4 (silver-filled epoxy die attach adhesive), November 2019	1	Conductive Silver Epoxy (die attach)
2183	https://datasheets.tdx.henkel.com/LOCTITE-ABLESTIK-8200T-en_GL.pdf	Technical Data Sheet LOCTITE ABLESTIK 8200T, April-2014	1	Conductive Silver Epoxy (die attach)
2193	https://www.panacol.com/panacol/datasheets/elecolit/elecolit-3653-english-tds-panacol-adhesive.pdf	Panacol Technical Datasheet ELECOLIT 3653, Revision 4, updated 11.09.2025	1	Conductive Silver Epoxy (die attach)
1839	https://www.micropac.it/wp-content/uploads/2016/11/NAMICS-Die-Attach-Materials.pdf	Die Attach Materials (Technical R&D Div. 자료) — H9890 시리즈	2	Conductive Silver Epoxy (die attach); NAMICS CHIPCOAT die attach adhesive (DA series)
424	https://datasheets.tdx.henkel.com/LOCTITE-ABLESTIK-ABP-8068TD-en_GL.pdf	LOCTITE ABLESTIK ABP 8068TD Technical Data Sheet (Aug-2020)	1	Conductive Silver Epoxy (die attach)
2184	https://datasheets.tdx.henkel.com/LOCTITE-ABLESTIK-ABL-2100A-en_GL.pdf	Technical Data Sheet LOCTITE ABLESTIK ABL 2100A, March-2023	1	Conductive Silver Epoxy (die attach)
2185	https://datasheets.tdx.henkel.com/LOCTITE-ABLESTIK-2902-en_GL.pdf	Technical Data Sheet LOCTITE ABLESTIK 2902, August-2021	1	Conductive Silver Epoxy (die attach)
2191	https://www.tedpella.com/technote_html/16014_H20E_TN.pdf	EPO-TEK H20E Technical Data Sheet, February 2021, Rev. XVIII (Electrically Conductive, Silver Epoxy)	1	Conductive Silver Epoxy (die attach)
2192	https://www.epfl.ch/research/facilities/cmi/wp-content/uploads/2020/04/H20E-FC.pdf	EPO-TEK H20E-FC Technical Data Sheet, September 2017, Rev. IV (Electrically Conductive Epoxy)	1	Conductive Silver Epoxy (die attach)
2683	https://www.caplinq.com/loctite-ablestik-3230-3230.html	LOCTITE ABLESTIK 3230 - Technical Specifications (product datasheet page)	1	Conductive Silver Epoxy (die attach)
2684	https://www.caplinq.com/loctite-ablestik-8290-8290.html	LOCTITE ABLESTIK 8290 - Technical Specifications (product datasheet page)	1	Conductive Silver Epoxy (die attach)
2685	https://www.caplinq.com/loctite-ablestik-8302-8302.html	LOCTITE ABLESTIK 8302 - Technical Specifications (product datasheet page)	1	Conductive Silver Epoxy (die attach)
2686	https://www.caplinq.com/loctite-ablestik-2600k-highly-thermally-and-electrically-conductive-die-attach-adhesive-2600k.html	LOCTITE ABLESTIK 2600K - Technical Specifications (product datasheet page)	1	Conductive Silver Epoxy (die attach)
2688	https://www.caplinq.com/loctite-ablestik-84-1lmisnb-84-1lmisnb.html	LOCTITE ABLESTIK 84-1LMISNB - Technical Specifications (product datasheet page)	1	Conductive Silver Epoxy (die attach)
2690	https://www.caplinq.com/loctite-ablestik-abp-2030scr-abp2030scr.html	LOCTITE ABLESTIK ABP 2030SCR - Technical Specifications (product datasheet page)	1	Conductive Silver Epoxy (die attach)
2691	https://www.caplinq.com/loctite-ablestik-abp-6392tea-die-attach-paste-for-bare-cu-ag-and-ppf-substrates-abp6392tea.html	LOCTITE ABLESTIK ABP 6392TEA - Technical Specifications (product datasheet page)	1	Conductive Silver Epoxy (die attach)
2692	https://www.caplinq.com/loctite-ablestik-abp-6395t-die-attach-adhesive-designed-for-soic-sop-qfp-and-qfn-packages-abp6395t.html	LOCTITE ABLESTIK ABP 6395T - Technical Specifications (product datasheet page)	1	Conductive Silver Epoxy (die attach)
2693	https://www.caplinq.com/loctite-ablestik-abp-8037ti-abp8037ti.html	LOCTITE ABLESTIK ABP 8037TI - Technical Specifications (product datasheet page)	1	Conductive Silver Epoxy (die attach)
2694	https://www.caplinq.com/loctite-ablestik-qmi519-qmi519.html	LOCTITE ABLESTIK QMI519 - Technical Specifications (product datasheet page)	1	Conductive Silver Epoxy (die attach)
2703	https://www.caplinq.com/loctite-ablestik-abp-8910t-abp8910t.html	LOCTITE ABLESTIK ABP 8910T - Technical Specifications (product datasheet page)	1	Conductive Silver Epoxy (die attach)
2704	https://www.caplinq.com/loctite-ablestik-qmi2569-qmi2569.html	LOCTITE ABLESTIK QMI 2569 - Technical Specifications (product datasheet page)	1	Conductive Silver Epoxy (die attach)
1903	https://www.pg.infn.it/wp-content/uploads/2020/12/EPOTEK_H20E.pdf	EPO-TEK H20E Technical Data Sheet (Electrically Conductive, Silver Epoxy, Rev. X 05/2009)	1	Conductive Silver Epoxy (die attach)
2687	https://www.caplinq.com/loctite-ablestik-84-1lmis-leadframe-die-attach-84-1lmis.html	LOCTITE ABLESTIK 84-1LMIS - Technical Specifications (product datasheet page)	1	Conductive Silver Epoxy (die attach)
2689	https://www.caplinq.com/loctite-ablestik-958-7-electrically-conductive-adhesive-for-hybrid-die-attach-958-7.html	LOCTITE ABLESTIK 958-7 - Technical Specifications (product datasheet page)	1	Conductive Silver Epoxy (die attach)
2701	https://www.caplinq.com/loctite-ablestik-qmi-516-qmi516.html	LOCTITE ABLESTIK QMI516 - Technical Specifications (product datasheet page)	1	Conductive Silver Epoxy (die attach)
2702	https://www.caplinq.com/loctite-ablestik-84-1lminb1-84-1lminb1.html	LOCTITE ABLESTIK 84-1LMINB1 - Technical Specifications (product datasheet page)	1	Conductive Silver Epoxy (die attach)
1982	https://doi.org/10.1038/s41598-019-42495-1	Electrical percolation threshold of carbon black in a polymer matrix and its application to antistatic fibre	1	Carbon Black (conductive additive)
429	https://www.lookpolymers.com/polymer_TIMCAL-C-NERGY-SUPER-C65-Carbon-Black-Additive.php	C-NERGY SUPER C65 Carbon Black Additive datasheet	1	Carbon Black (conductive additive)
696	None	Imerys ENSACO 260G conductive carbon black datasheet	1	Carbon Black (conductive additive)
2428	https://www.lookpolymers.com/polymer_TIMCAL-SUPER-P-Li-Carbon-Black-Additive.php	TIMCAL SUPER P Li Carbon Black Additive datasheet (BET Nitrogen surface area)	1	Carbon Black (conductive additive)
438	https://www.graphene-info.com/graphene-thermal	Graphene thermal conductivity - introduction and latest news	1	Graphene Film (thermal)
2501	https://pmc.ncbi.nlm.nih.gov/articles/PMC10319761/	Defects boost graphitization for highly conductive graphene films	1	Graphene Film (thermal)
1899	https://doi.org/10.3390/nano12030367	Highly Thermal Conductive Graphite Films Derived from the Graphitization of Chemically Imidized Polyimide Films	1	Graphene Film (thermal)
437	https://www.c6th.com/news/electronics-applications-of-thermal-graphene-42102689.html	Electronics: Applications of Thermal Graphene Films	1	Graphene Film (thermal)
751	None	Laird conductive fabric-over-foam EMI gasket technical datasheet	1	Conductive Fabric Gasket (EMI)
1820	https://www.laird.com/sites/default/files/2021-08/EMI-DS-FOF-51H%200712.pdf	Laird Technologies 51H EMI Gaskets — Fabric-over-Foam datasheet (EMI-DS-FOF-51H 0712)	1	Conductive Fabric Gasket (EMI)
2505	https://hollandshielding.com/en/emi-shielding-gaskets	EMI shielding gaskets - product overview (Standard shield 7000 fabric-over-foam gasket)	1	Conductive Fabric Gasket (EMI)
441	https://mm.digikey.com/Volume0/opasdata/d220001/medias/docus/8438/High-Temp%20Fabric%20Shielding%20Gasket-Datasheet.pdf	High-Temp Fabric Shielding Gasket Specification (P/N 00407)	1	Conductive Fabric Gasket (EMI)
443	https://www.corning.com/microsites/csm/gorillaglass/PI_Sheets/2020/Gorilla_Glass_3_ProdSheet.pdf	Corning Gorilla Glass 3 Product Information Sheet	1	Ultra-Thin Glass (UTG, foldable)
2989	https://univ-rennes.hal.science/hal-01619286/document	The fracture toughness of inorganic glasses (Rouxel & Yoshida, Table 2)	1	Periscope Prism Glass (high-index)
1966	https://media.schott.com/api/public/content/38cbbe876d324e03b1881d33f3d26635?v=ae4e3db8&download=true	SCHOTT Optical Glass - Datasheet Collection (N-LASF9 datasheet, as of 09-May-2014)	2	Periscope Prism Glass (high-index); Glass Molded Aspheric Lens
1967	https://www.ohara-gmbh.com/fileadmin/user_upload/export-data/pdf/product_datasheets/S-LAH79_English_.pdf	OHARA Optical Glass Product Datasheet S-LAH79 (English), date 01/2025	1	Periscope Prism Glass (high-index)
447	https://www.lookpolymers.com/polymer_Schott-N-SF66-Glass.php	SCHOTT N-SF66 Glass datasheet (MatWeb/lookpolymers, SCHOTT source)	1	Periscope Prism Glass (high-index)
445	https://shop.schott.com/advanced-optics/en/Optical-Glass/N-SF66/c/glass-N-SF66	SCHOTT N-SF66 Optical Glass datasheet	1	Periscope Prism Glass (high-index)
2476	https://oharacorp.com/wp-content/uploads/2023/06/ohara-pocket-catalog-2023-05.pdf	OHARA OPTICAL GLASS Pocket Catalog (MAY 2023)	2	Periscope Prism Glass (high-index); Glass Molded Aspheric Lens
2477	https://refractiveindex.info/download/data/2017/schott_2017-01-20.pdf	SCHOTT Optical Glass Data Sheets (2017-01-20)	2	Periscope Prism Glass (high-index); Glass Molded Aspheric Lens
446	https://refractiveindex.info/?shelf=specs&book=SCHOTT-optical&page=N-SF66	SCHOTT N-SF66 datasheet (via refractiveindex.info specs)	1	Periscope Prism Glass (high-index)
624	None	IPC-4552B — Electroless Ni/Immersion Au (ENIG) Specification	1	ENIG Surface Finish (Ni/Au)
450	https://www.sciencedirect.com/science/article/abs/pii/S0257897203002093	Hardness evolution of electroless nickel-phosphorus deposits with thermal processing	1	ENIG Surface Finish (Ni/Au)
628	None	ASM Handbook Vol.2 — Nickel, Cobalt and Their Alloys	1	ENIG Surface Finish (Ni/Au)
1914	https://doi.org/10.3390/ma17225657	Effect of Dehydrogenation and Heat Treatments on the Microstructure and Tribological Behavior of Electroless Ni-P Nanocomposite Coatings	1	ENIG Surface Finish (Ni/Au)
2483	https://doi.org/10.1103/PhysRevB.9.5056	P. B. Johnson, R. W. Christy, Optical constants of transition metals: Ti, V, Cr, Mn, Fe, Co, Ni, and Pd, Phys. Rev. B 9, 5056-5070 (1974)	2	ENIG Surface Finish (Ni/Au); Pd-coated Cu Bonding Wire
639	None	IPC-4555 — Organic Solderability Preservative (OSP) Specification	1	OSP Surface Finish
2037	https://insulectro.com/wp-content/uploads/2021/10/Glicoat-SMD-F2LX-Technical-Brochure-20170515.pdf	Glicoat-SMD F2(LX) Technical Brochure (2017-05-15)	1	OSP Surface Finish
2038	https://www.electronics.org/system/files/technical_resource/E16&S33-03.pdf	The Characterization of Novel High Temperature Resistant OSP Coatings for Lead free Processes by Comparing to Other Commercial OSP Coatings (IPC Printed Circuits Expo / APEX 2006, S33-03)	1	OSP Surface Finish
2036	https://iopscience.iop.org/article/10.1088/1742-6596/3250/1/012012/pdf	The influence of PCB substrate surface finish on the microstructure and mechanical properties of SAC305-based solder joints	2	OSP Surface Finish; ImAg Surface Finish
2118	https://www.protoexpress.com/kb/osp-surface-finish/	OSP Surface Finish (organic solderability preservative, azole chemistry) - Sierra Circuits knowledge base	1	OSP Surface Finish
452	https://polymerinnovationblog.com/polymers-electronics-part-seven-redistribution-layers-fan-wafer-level-packaging/	Polymers in Electronics Part 7: Redistribution Layers for Fan-Out WLP (HD-8940 PBO)	1	RDL Dielectric (PBO)
1837	http://web.mit.edu/scholvin/www/nt245/Documents/resists.PI.ProductSelectorGuide.pdf	HD MicroSystems Product Selection Guide (Revised December 2013)	1	RDL Dielectric (PBO)
1910	https://doi.org/10.3390/ma13061310	Tensile Properties of <111>-Oriented Nanotwinned Cu with Different Columnar Grain Structures	1	Copper Pillar Bump
451	https://www.frontiersin.org/journals/materials/articles/10.3389/fmats.2024.1470365/full	Lifetime prediction of copper pillar bumps based on fatigue crack propagation	1	Copper Pillar Bump
1911	https://doi.org/10.1038/srep13491	Growth kinetics of Cu6Sn5 intermetallic compound at liquid-solid interfaces in Cu/Sn/Cu interconnects under temperature gradient	1	Copper Pillar Bump
454	https://www.nature.com/articles/s43246-025-00905-0	Universal scaling behavior of transport properties in non-magnetic RuO2	1	Chip Resistor Film (RuO2)
1980	https://doi.org/10.4071/isom-2010-wp6-posters-wkjones	Evaluation of Glass Frits for Development of Lead-Free Thick Film Resistor (IMAPS 2010, 43rd International Symposium on Microelectronics)	1	Chip Resistor Film (RuO2)
453	https://wiki.aalto.fi/display/SSC/RuO2	RuO2 - Solid State Chemistry	1	Chip Resistor Film (RuO2)
707	None	IEC 60115-1 — Fixed resistors for electronic equipment	1	Chip Resistor Film (RuO2)
1879	https://doi.org/10.3390/ma14061389	Solution Synthesis of Cubic Spinel Mn–Ni–Cu–O Thermistor Powder	1	NTC Thermistor (spinel oxide)
455	https://www.sciencedirect.com/science/article/abs/pii/S1359646207003119	Mn-Ni-Co-Cu-Zn-O NTC thermistors with high thermal stability for low resistance applications	1	NTC Thermistor (spinel oxide)
710	None	Murata NCP series NTC thermistor datasheet	1	NTC Thermistor (spinel oxide)
456	https://pubs.acs.org/doi/10.1021/acs.jpcc.3c03114	Materials Informatics for Thermistor Properties of Mn-Co-Ni Oxides	1	NTC Thermistor (spinel oxide)
458	https://www.azom.com/article.aspx?ArticleID=8417	Zinc Oxide (ZnO) Semiconductors	1	ZnO Varistor (TVS)
1873	https://doi.org/10.3390/ma14247748	Simultaneously Enhanced Potential Gradient and Nonlinearity of ZnO Varistor Ceramics by MnO Doping with Nano-Sized ZnO Powders	1	ZnO Varistor (TVS)
461	https://image-ppubs.uspto.gov/dirsearch-public/print/downloadPdf/11170917	Zinc oxide varistor ceramics (patent) / ZnO grain conduction literature	1	ZnO Varistor (TVS)
2957	https://mdpi-res.com/d_attachment/applsci/applsci-11-09410/article_deploy/applsci-11-09410.pdf	Comparative Characterization of Different Cutting Strategies for the Sintered ZnO Electroceramics	1	ZnO Varistor (TVS)
460	https://www.ncbi.nlm.nih.gov/pmc/articles/PMC12387366/	Molecular Dynamics Simulation on Orientation-Dependent Mechanical Behaviors of ZnO Single Crystals Under Nanoindentation	1	ZnO Varistor (TVS)
457	https://www.azom.com/article.aspx?ArticleID=5818	Zinc Oxide - Properties, Applications and the Future for ZnO	1	ZnO Varistor (TVS)
2443	https://www.surfacenet.de/files/kr_Zinc_Oxide.php	Zinc Oxide (ZnO) - Materials properties (SurfaceNet crystal data)	1	ZnO Varistor (TVS)
459	https://www.hindawi.com/journals/amse/2011/136127/	Young's Modulus and Coefficient of Linear Thermal Expansion of ZnO Conductive and Transparent Ultra-Thin Films	1	ZnO Varistor (TVS)
465	https://www.goodfellow.com/usa/resources/tantalum-refractory-performance-oxide-dielectrics-and-the-materials-science-of-extreme-reliability/	Tantalum: Refractory Performance, Oxide Dielectrics and the Materials Science of Extreme Reliability	1	Tantalum Capacitor (Ta/Ta2O5)
1983	https://doi.org/10.5229/jecst.2013.4.4.163	Preparation of Tantalum Anodic Oxide Film in Citric Acid Solution - Evidence and Effects of Citrate Anion Incorporation	1	Tantalum Capacitor (Ta/Ta2O5)
464	https://en.wikipedia.org/wiki/Tantalum	Tantalum - physical properties	2	Tantalum Capacitor (Ta/Ta2O5); TSV Barrier (Ta/TaN)
478	https://nepp.nasa.gov/files/26611/2015-370-Rutkowski-Final-Paper-NEPPweb-Copper-Wire-Bonds-TN26444.pdf	Body of Knowledge (BOK) for Copper Wire Bonds, Table 1 (Cu annealed)	1	Pd-coated Cu Bonding Wire
1840	https://www.heraeus-electronics.com/dam/jcr:de987512-61eb-42ed-be8e-e50c2627dd5c/brochure-bonding-wire.pdf	Bonding Wires for Semiconductor Technology (브로슈어) — Bulk Properties of Pure Metals / Ball Bonding Gold Wires Physical Properties	1	Pd-coated Cu Bonding Wire
2208	https://imapsource.org/article/56301-pd-coated-cu-wire-bonding-reliability-requirement-for-device-design-process-optimization-and-testing.pdf	Pd-coated Cu Wire Bonding Reliability Requirement for Device Design, Process Optimization and Testing (45th Int. Symp. on Microelectronics, IMAPS 2012)	1	Pd-coated Cu Bonding Wire
2215	https://doi.org/10.3390/mi15070931	Influence of Pd-Layer Thickness on Bonding Reliability of Pd-Coated Cu Wire (Micromachines 15(7), 931, 2024)	1	Pd-coated Cu Bonding Wire
2209	https://www.topline.tv/Bonding_Wire_Catalog.pdf	Bonding Wire Catalog - Gold / Silver / Copper / Aluminum (TANAKA bonding wire, TopLine distributor edition)	2	Pd-coated Cu Bonding Wire; Silver Bonding Wire
479	https://en.wikipedia.org/wiki/Copper	Wikipedia: Copper (element properties)	1	Pd-coated Cu Bonding Wire
480	https://www.sciencedirect.com/science/article/abs/pii/S0026271415000153	Microstructure, tensile and electrical properties of gold-coated silver bonding wire	1	Silver Bonding Wire
2039	https://www.heraeus-electronics.com/dam/jcr:ddfdaed7-e2c2-4b8a-bfd8-be8e8d4847ae/factsheet-agultra.pdf	Heraeus Electronics Factsheet - AgUltra Silver Alloy Wire for LED Device and IC Packaging	1	Silver Bonding Wire
2040	https://www.heraeus-electronics.com/dam/jcr:4265e994-787e-4e0f-8a6f-54b04f9eb1bb/factsheet-agultra-hr.pdf	Heraeus Electronics Factsheet - AgUltra-HR Silver Alloy Wire for Improved Reliability for IC Packaging	1	Silver Bonding Wire
2210	https://doi.org/10.3390/mi14081587	Effects of Process Parameters on Bond Properties of Ag-2.35Au-0.7Pd-0.2Pt-0.1Cu Alloy Wire (Micromachines 14(8), 1587, 2023)	1	Silver Bonding Wire
2041	https://www.heraeus-electronics.com/dam/jcr:afca6aac-b140-4f6d-9517-51b72bfdcf01/factsheet-aglite.pdf	Heraeus Electronics Factsheet - AgLite Silver Alloy Wire for LED Device and IC Packaging	1	Silver Bonding Wire
2213	https://doi.org/10.3390/mi11080777	Effects of Bonding Parameters on Free Air Ball Properties and Bonded Strength of Ag-10Au-3.6Pd Alloy Bonding Wire (Micromachines 11(8), 777, 2020)	1	Silver Bonding Wire
2214	https://doi.org/10.1088/1361-6439/adcc3f	Study of free-air-ball and bonding properties of Ag-Au-Pd alloy wires (J. Micromech. Microeng., 2025)	1	Silver Bonding Wire
2211	https://imapsource.org/article/56050-reliability-study-of-silver-copper-and-gold-wire-bonding-on-ic-device/attachment/120713.pdf	Reliability Study of Silver, Copper and Gold Wire Bonding on IC Device (IMAPS Int. Symp. on Microelectronics 2014)	1	Silver Bonding Wire
481	https://en.wikipedia.org/wiki/Silver	Wikipedia: Silver (element properties)	1	Silver Bonding Wire
2481	https://doi.org/10.1103/PhysRevB.6.4370	P. B. Johnson, R. W. Christy, Optical constants of the noble metals, Phys. Rev. B 6, 4370-4379 (1972)	1	Silver Bonding Wire
2494	https://ntrs.nasa.gov/api/citations/19770016008/downloads/19770016008.pdf	T. S. Laszlo, R. E. Gannon, Spectral emissivity of metals after damage by particle impact, NASA-CR-150250 / RAD-TR-63-39 (1963), Table II	1	Silver Bonding Wire
1838	https://www.resonac.com/products/semi-backend-process/76/009.html	Dicing Die Bonding Film FH / HR Series — Characteristics table	1	Die Attach Film (DAF)
483	https://www.aitechnology.com/products/dieattach/dafilm/	AI Technology — Dicing Die Attach Film Adhesives	1	Die Attach Film (DAF)
2186	https://datasheets.tdx.henkel.com/LOCTITE-ABLESTIK-CDF-200-en_GL.pdf	Technical Data Sheet LOCTITE ABLESTIK CDF 200, April-2014	1	Die Attach Film (DAF)
2187	https://datasheets.tdx.henkel.com/LOCTITE-ABLESTIK-CDF-500-en_GL.pdf	Technical Data Sheet LOCTITE ABLESTIK CDF 500, September-2021	1	Die Attach Film (DAF)
2194	https://www.aitechnology.com/wp-content/uploads/ESP7660-HK-DAF.pdf	AI Technology Product Data Sheet ESP7660-HK-DAF, Dicing Die Attach Film, Rev. D 04/14/2014	1	Die Attach Film (DAF)
2195	https://www.aitechnology.com/wp-content/uploads/ESP7666-HK-DAF.pdf	AI Technology Product Data Sheet ESP7666-HK-DAF, Dicing Die Attach Film	1	Die Attach Film (DAF)
2196	https://www.aitechnology.com/wp-content/uploads/ESP8660-HK-DAF.pdf	AI Technology Product Data Sheet ESP8660-HK-DAF, Dicing Die Attach Film	1	Die Attach Film (DAF)
482	https://www.caplinq.com/die-attach-films.html	LOCTITE ABLESTIK ATB 125GR non-conductive die attach film (product selector)	1	Die Attach Film (DAF)
2695	https://www.caplinq.com/loctite-ablestik-atb-120u-atb120u.html	LOCTITE ABLESTIK ATB 120U - Technical Specifications (product datasheet page)	1	Die Attach Film (DAF)
2696	https://www.caplinq.com/loctite-ablestik-atb-125gr-25%CE%BCm-non-conductive-die-attach-adhesive-film-for-ic-discrete-chip-stack-packages-atb125gr.html	LOCTITE ABLESTIK ATB 125GR - Technical Specifications (product datasheet page)	1	Die Attach Film (DAF)
2697	https://www.caplinq.com/loctite-ablestik-atb-f125e-atbf125e.html	LOCTITE ABLESTIK ATB F125E - Technical Specifications (product datasheet page)	1	Die Attach Film (DAF)
2698	https://www.caplinq.com/loctite-ablestik-atb-f150e-atbf150e.html	LOCTITE ABLESTIK ATB F150E - Technical Specifications (product datasheet page)	1	Die Attach Film (DAF)
485	https://link.springer.com/article/10.1007/s003390000691	Structural and electrical properties of tantalum nitride thin films by reactive RF magnetron sputtering	1	TSV Barrier (Ta/TaN)
1909	https://doi.org/10.3390/mi16040427	The Influence of Thermal Annealing on the Chemical Composition, Nanomechanical, and Nanotribological Properties of Tantalum Thin Films	1	TSV Barrier (Ta/TaN)
484	https://en.wikipedia.org/wiki/Tantalum_nitride	Wikipedia: Tantalum nitride	1	TSV Barrier (Ta/TaN)
657	None	Panasonic Megtron 6 datasheet (DSC)	1	Low-Loss PCB Laminate (Megtron-class)
1774	https://bayareacircuits.com/wp-content/uploads/2020/05/MDS_Panasonic_Meg7.pdf	High Speed, Low Loss Multi-layer Materials — Laminate R-5785 / Prepreg R-5680 (Jul. 2019, No.19071228)	2	Low-Loss PCB Laminate (Megtron-class); Panasonic MEGTRON 7 R-5785 Laminate
486	https://www.epectec.com/downloads/Panasonic-MEGTRON6-Laminate-R-5775-Prepreg-R-5670.pdf	MEGTRON6 Laminate R-5775 / Prepreg R-5670 Data Sheet (Jun. 2017, No.17061531)	2	Low-Loss PCB Laminate (Megtron-class); Panasonic MEGTRON 6 R-5775 Laminate
655	None	Panasonic Megtron 6 (R-5775) datasheet	1	Low-Loss PCB Laminate (Megtron-class)
3027	https://industrial.panasonic.com/cdbs/www-data/pdf/RAF0000/RAF0000CE242.pdf	Panasonic MEGTRON 6 (R-5775 / R-5670) Halogen-free Multi-layer Circuit Board Materials Data Sheet	1	Low-Loss PCB Laminate (Megtron-class)
3099	https://mavmatrix.uta.edu/mechaerospace_theses/699	Impact of Viscoelastic Properties of Low Loss Printed Circuit Boards (PCBs) on Reliability of WCSP Packages Under Drop Impact (M.S. thesis, Univ. of Texas at Arlington)	2	Low-Loss PCB Laminate (Megtron-class); Panasonic MEGTRON 6 R-5775 Laminate
658	None	Panasonic Megtron 6 datasheet (TGA)	1	Low-Loss PCB Laminate (Megtron-class)
637	None	IPC-4553A — Immersion Silver (ImAg) Specification	1	ImAg Surface Finish
487	https://www.allpcb.com/blog/pcb-knowledge/the-ultimate-guide-to-immersion-silver-pcbs-benefits-limitations-and-applications.html	The Ultimate Guide to Immersion Silver PCBs: Benefits, Limitations, and Applications	1	ImAg Surface Finish
632	None	ASM Handbook — Precious Metals (Au/Ag) properties	1	ImAg Surface Finish
488	https://www.azom.com/properties.aspx?ArticleID=600	Silver (Ag) - Properties and Applications	1	ImAg Surface Finish
2035	https://www.pcbtrain.co.uk/assets/images/SterlingSilverProcessOverview_27Aug13_EN_SP.pdf	Sterling Silver Process Overview (Issue 27 August 2013)	1	ImAg Surface Finish
489	https://www.makeitfrom.com/material-properties/UNS-C17200-CW101C-Beryllium-Copper	UNS C17200 (CW101C) Beryllium Copper - Material Properties	1	Beryllium Copper (spring/contact)
1855	https://ibcadvancedalloys.com/wp-content/uploads/2019/06/C17200_Copper_Alloy_Product_Data_Sheet_METRIC.pdf	IBC Advanced Alloys Product Data Sheet — C17200 (metric)	1	Beryllium Copper (spring/contact)
2944	https://alloys.copper.org/alloy/C17200	Copper Development Association — Alloy C17200 (Copper Beryllium, wrought), Mechanical Properties table	1	Beryllium Copper (spring/contact)
2499	https://www.smithmetal.com/pdf/beryllium-copper/alloy-25.pdf	Alloy 25 (C17200) Beryllium Copper - Smiths Metal Centres data sheet	1	Beryllium Copper (spring/contact)
490	https://www.azom.com/article.aspx?ArticleID=6326	Beryllium Copper UNS C17200	1	Beryllium Copper (spring/contact)
491	https://www.roditi.com/SingleCrystal/Lithium-Tantalate/LiTaO3-Properties.html	Lithium Tantalate (LiTaO3) Properties	1	Lithium Tantalate (LiTaO3) SAW
1867	https://doi.org/10.3390/ma13071506	Sinterability and Dielectric Properties of LiTaO3-Based Ceramics with Addition of CoO	1	Lithium Tantalate (LiTaO3) SAW
493	https://handwiki.org/wiki/Chemistry:List_of_piezoelectric_materials	List of piezoelectric materials	1	Lithium Tantalate (LiTaO3) SAW
2986	https://doi.org/10.20965/ijat.2013.p0644	Study on Nano-Indentation and Nano-Scratch of Lithium Tantalate Single Crystal	1	Lithium Tantalate (LiTaO3) SAW
2422	https://refractiveindex.info/?shelf=main&book=LiTaO3&page=Bond-o	W. L. Bond, Measurement of the refractive indices of several crystals, J. Appl. Phys. 36, 1674-1677 (1965) — tabulated n(o), n(e); 확인 경로: refractiveindex.info 공개 데이터 파일 database/data/main/LiTaO3/nk/Bond-o.yml, Bond-e.yml	1	Lithium Tantalate (LiTaO3) SAW
2437	https://www.surfacenet.de/files/kr_Lithium_Tantalate.php	Lithium Tantalate (LiTaO3) - Basic Properties (SurfaceNet crystal data)	1	Lithium Tantalate (LiTaO3) SAW
2096	https://pubchem.ncbi.nlm.nih.gov/compound/159405	PubChem Compound Summary — Lithium tantalate (CID 159405)	1	Lithium Tantalate (LiTaO3) SAW
492	https://www.samaterials.com/lithium-tantalate-crystal-litao3.html	Lithium Tantalate Crystal (LiTaO3)	1	Lithium Tantalate (LiTaO3) SAW
497	https://eshare.shanghaitech.edu.cn/sqdl/!upload/file/20230601102722_21376.pdf	Al0.7Sc0.3N butterfly-shaped laterally vibrating resonator with a figure-of-merit (kt2*Qm) over 146	1	ScAlN (BAW/FBAR)
495	https://djena.engineering.cornell.edu/papers/2022/apl22_casamento_AlScN_hi_K.pdf	Epitaxial ScxAl1-xN on GaN exhibits attractive high-K dielectric properties (Casamento et al., 2022)	1	ScAlN (BAW/FBAR)
494	https://www.researchgate.net/publication/49686993_Enhancement_of_Piezoelectric_Response_in_Scandium_Aluminum_Nitride_Alloy_Thin_Films_Prepared_by_Dual_Reactive_Cosputtering	Enhancement of Piezoelectric Response in Scandium Aluminum Nitride Alloy Thin Films Prepared by Dual Reactive Cosputtering (Akiyama et al., 2009)	1	ScAlN (BAW/FBAR)
1895	https://doi.org/10.3390/ma14216437	Deposition, Characterization, and Modeling of Scandium-Doped Aluminum Nitride Thin Film for Piezoelectric Devices	1	ScAlN (BAW/FBAR)
496	https://www.researchgate.net/publication/376712499_Investigation_of_Elastic_Properties_of_Sc_Doped_AlN_A_First_principles_and_Experimental_Approach	Investigation of Elastic Properties of Sc Doped AlN: A First-principles and Experimental Approach	1	ScAlN (BAW/FBAR)
1968	https://www.ohara-gmbh.com/fileadmin/user_upload/export-data/pdf/product_datasheets/L-BAL35_English_.pdf	OHARA Optical Glass Product Datasheet L-BAL35 (English), OHARA 25-04 low-Tg mold glass	1	Glass Molded Aspheric Lens
1969	https://refractiveindex.info/?book=SUMITA-optical&page=K-VC89&shelf=specs	SUMITA optical glass catalog data for K-VC89 (Optical Glass for Precision Molding), hosted on RefractiveIndex.INFO specs database	1	Glass Molded Aspheric Lens
498	https://oharacorp.com/wp-content/uploads/2023/07/low-tg-v-9-1-2022-english.pdf	Technical Data — Pressing & Forming for Low Tg Optical Glasses Ver.9.1, 5.1 List of Properties (grade L-BAL35)	1	Glass Molded Aspheric Lens
499	https://refractiveindex.info/?shelf=specs&book=HOYA-optical&page=M-BACD5N	HOYA optical glass datasheet — M-BACD5N (moldable, M-series)	1	Glass Molded Aspheric Lens
2120	https://matmake.com/materials-data/polystyrene-properties.html	Polystyrene (PS) - Properties (materials property database)	1	On-Chip Lens (OCL)
500	https://patents.google.com/patent/US7842980B2/en	US Patent 7,842,980 B2 — Image sensor microlens structures and methods of forming the same	1	On-Chip Lens (OCL)
740	None	JSR microlens (OCL) photoresist material technical datasheet	1	On-Chip Lens (OCL)
2048	https://patents.google.com/patent/US9989852B2/en	US9989852B2 - Positive photosensitive resin composition, cured film formed by curing same, and optical device equipped with same (collecting microlens for solid-state imaging device)	1	On-Chip Lens (OCL)
2119	https://patents.google.com/patent/US9985066B2/en	US 9,985,066 B2 - Solid-state imaging device, method for manufacturing same, and electronic device (on-chip microlens resin refractive indices)	1	On-Chip Lens (OCL)
2047	https://patents.google.com/patent/US7759048B2/en	US7759048B2 - Photosensitive resin composition and microlens formed with use thereof	1	On-Chip Lens (OCL)
2117	https://matmake.com/materials-data/magnesium-properties.html	Magnesium (Mg) - Properties and Silver (Ag) - Properties (materials property database), combined by rule of mixtures	1	OLED Cathode (Mg:Ag)
508	https://opg.optica.org/oe/fulltext.cfm?uri=oe-25-24-29906&id=376952	Efficient micro-cavity top emission OLED with optimized Mg:Ag ratio cathode	1	OLED Cathode (Mg:Ag)
509	None	Equivalent approximation from bulk silver (Ag-dominant Mg:Ag cathode)	1	OLED Cathode (Mg:Ag)
502	https://www.ossila.com/products/npb	NPB (NPD) OLED Material — Product Datasheet	1	OLED ETL/HTL (transport)
505	https://www.ossila.com/products/alq3	Alq3 Tris(8-hydroxyquinolinato)aluminum — Product Datasheet	1	OLED ETL/HTL (transport)
506	https://www.ossila.com/products/bphen	BPhen Bathophenanthroline HBL Material — Product Datasheet	1	OLED ETL/HTL (transport)
507	https://opg.optica.org/col/abstract.cfm?uri=col-15-11-111602	Investigation on optical and photoluminescence properties of organic semiconductor Al-Alq3 thin films for organic light-emitting diodes application	1	OLED ETL/HTL (transport)
503	https://www.sciencedirect.com/science/article/abs/pii/S0277538708007055	Structural, thermal and spectral characterization of crystalline forms of Alq3 (tris(quinolin-8-olato)aluminum(III))	1	OLED ETL/HTL (transport)
504	https://doi.org/10.3390/ma18102261	Probing Phase Transitions in TAPC/CBP/BPhen OLED Stacks by In Situ Ellipsometry	1	OLED ETL/HTL (transport)
511	https://iopscience.iop.org/article/10.1149/2.0171507jes	Characterization of Electronic and Ionic Transport in Li1-xNi0.8Co0.15Al0.05O2 (NCA), Amin & Chiang, J. Electrochem. Soc. 162 (2015) A1163	1	NCA Cathode (LiNiCoAlO2)
510	https://www.msesupplies.com/products/mse-pro-lithium-nickel-cobalt-aluminum-oxide-nca-cathode-powder-500g-lini-sub-0-8-sub-co-sub-0-15-sub-al-sub-0-05-sub-o-sub-2-sub	MSE PRO Lithium Nickel Cobalt Aluminum Oxide (NCA) Cathode Powder, LiNi0.8Co0.15Al0.05O2 — Product Specifications	1	NCA Cathode (LiNiCoAlO2)
2107	https://www.ossila.com/products/lithium-nickel-cobalt-aluminum-oxide	Lithium Nickel Cobalt Aluminum Oxide (NCA) Cathode Powder LiNi0.8Co0.15Al0.05O2 — product specification	1	NCA Cathode (LiNiCoAlO2)
2448	https://neicorporation.com/products/batteries/cathode-anode-powders/lithium-nickel-cobalt-aluminum-oxide/	NEI Corporation NANOMYTE BE-45 Lithium Nickel Cobalt Aluminum Oxide (NCA) cathode powder - Key Product Specs	1	NCA Cathode (LiNiCoAlO2)
513	https://www.nature.com/articles/nmat732	Electronically conductive phospho-olivines as lithium storage electrodes, Chung, Bloking & Chiang, Nature Materials 1 (2002) 123	1	LFP Cathode (LiFePO4)
515	https://www.sciencedirect.com/science/article/abs/pii/S0378775322005699	Mechanical properties of heterogeneous, porous LiFePO4 cathodes obtained using statistical nanoindentation and micromechanical simulations, J. Power Sources 543 (2022) 231818	1	LFP Cathode (LiFePO4)
512	https://iopscience.iop.org/article/10.1149/1.1837571	Phospho-olivines as Positive-Electrode Materials for Rechargeable Lithium Batteries, Padhi, Nanjundaswamy & Goodenough, J. Electrochem. Soc. 144 (1997) 1188	1	LFP Cathode (LiFePO4)
1796	https://cdn.intechopen.com/pdfs/18671/InTech-Lifepo4_cathode_material.pdf	LiFePO4 Cathode Material (in: Electric Vehicles - The Benefits and Barriers)	1	LFP Cathode (LiFePO4)
2612	https://europepmc.org/article/PMC/PMC10810161	High Energy Density Large Particle LiFePO4	1	LFP Cathode (LiFePO4)
2104	https://stonylab.com/products/lithium-iron-phosphate-lfp-cathode-powder-battery-grade	Lithium Iron Phosphate (LFP) Cathode Powder, Battery Grade — product specification	1	LFP Cathode (LiFePO4)
2429	https://www.ossila.com/products/lithium-iron-phosphate	Ossila Lithium Iron Phosphate (LiFePO4) Powder - product specification	1	LFP Cathode (LiFePO4)
2446	https://neicorporation.com/products/batteries/cathode-anode-powders/lithium-iron-phosphate/	NEI Corporation CBP-60 Lithium Iron Phosphate (LFP) cathode powder - Product Specifications	1	LFP Cathode (LiFePO4)
2092	https://pubchem.ncbi.nlm.nih.gov/compound/15320824	PubChem Compound Summary — Lithium iron(II) phosphate (CID 15320824)	1	LFP Cathode (LiFePO4)
514	https://public.websites.umich.edu/~djsiege/Energy_Storage_Lab/Publications_files/JPS_LFP.pdf	Thermophysical properties of LiFePO4 cathodes with carbonized pitch coatings and organic binders: Experiments and first-principles modeling	1	LFP Cathode (LiFePO4)
516	https://www.tandfonline.com/doi/full/10.1080/14786435.2025.2539855	Thermal expansion of LiFePO4, triphylite, an olivine-structured cathode material, Philosophical Magazine (2025)	1	LFP Cathode (LiFePO4)
517	https://www.sciencedirect.com/science/article/abs/pii/S092583880701910X	Synthesis, characterization and microwave dielectric properties of nanocrystalline CaZrO3 ceramics	1	Class I MLCC Dielectric (C0G/NP0)
699	None	EIA-198 / IEC 60384-21 — Class I (C0G/NP0) Ceramic Dielectric Specification	1	Class I MLCC Dielectric (C0G/NP0)
1876	https://doi.org/10.3390/ma17051120	Effects of O2/Ar Ratio on Preparation and Dielectric Properties of CaZrO3 Films by Radio Frequency (RF) Magnetron Sputtering	1	Class I MLCC Dielectric (C0G/NP0)
518	https://www.chemicalbook.com/ChemicalProductProperty_EN_CB6336853.htm	Calcium zirconate (CAS 12013-47-7) property record	1	Class I MLCC Dielectric (C0G/NP0)
519	https://softmag.nimte.ac.cn/uploadfiles/site24/202112/20211216201219-4667054078.pdf	The enhanced magnetic properties of FeSiCr powder cores composited with carbonyl iron powder	1	Metal Powder Inductor Core (Fe-Si-Cr)
1905	https://doi.org/10.3390/ma15186296	Fe-Based Amorphous Magnetic Powder Cores with Low Core Loss Fabricated by Novel Gas-Water Combined Atomization Powders	1	Metal Powder Inductor Core (Fe-Si-Cr)
523	https://www.shibata.co.jp/english/products/ccaw	Copper-Clad Aluminum Wire (CCAW / HCCAW) datasheet	1	CCAW Voice Coil Wire
1918	https://doi.org/10.3390/ma14216305	Experimental and Finite Element Analysis of the Tensile Behavior of Architectured Cu-Al Composite Wires	1	CCAW Voice Coil Wire
588	None	Fiberglass & E-glass properties (Nittobo/AGY handbook)	1	E-Glass Cloth (reinforcement)
1987	https://www.nittobo.co.jp/eng/business/electronicmaterials/ne-glass.htm	NE-glass - Electronic Materials Business (E-glass vs NE-glass property comparison table)	1	E-Glass Cloth (reinforcement)
2971	https://pmc.ncbi.nlm.nih.gov/articles/PMC4901246/	Strength and toughness of structural fibres for composite material reinforcement	1	E-Glass Cloth (reinforcement)
2923	https://www.mdpi.com/2073-4360/8/5/196	Mechanical Characterization of the Tensile Properties of Glass Fiber and Its Reinforced Polymer (GFRP) Composite under Varying Strain Rates and Temperatures, Polymers 8(5):196	1	E-Glass Cloth (reinforcement)
594	None	E-glass softening ~846℃	1	E-Glass Cloth (reinforcement)
1737	https://www.epectec.com/downloads/DuPont-Pyralux-FR-Coverlay.pdf	DuPont Pyralux FR Flame Retardant Acrylic-Based Coverlay Technical Information	1	FPCB Bonding Adhesive (acrylic/epoxy)
2267	https://www.multi-circuit-boards.eu/fileadmin/pdf/leiterplatten_material/e_dupont_pyralux-lf-adhesive_www.multi-circuit-boards.eu.pdf	DuPont Pyralux LF Sheet Adhesive, Technical Information	1	FPCB Bonding Adhesive (acrylic/epoxy)
2268	https://www.gatema.com/wp-content/uploads/2023/08/pyraluxlfbondply-datasheet.pdf	DuPont Pyralux LF Bond Ply, Flexible Composites Technical Information	1	FPCB Bonding Adhesive (acrylic/epoxy)
2137	https://insulectro.com/wp-content/uploads/2021/09/EI-10119-Pyralux-LF-SA-Data-Sheet.pdf	DuPont™ Pyralux® LF Acrylic Sheet Adhesive — Flexible Circuit Materials (EI-10119, 3/20)	1	FPCB Bonding Adhesive (acrylic/epoxy)
222	https://www.azom.com/properties.aspx?ArticleID=788	AZoM PMMA (Polymethyl Methacrylate) properties	1	FPCB Bonding Adhesive (acrylic/epoxy)
2997	https://www.ebi.ac.uk/europepmc/webservices/rest/PMC13211197/fullTextXML	Static and Dynamic Compressive Properties of Nano-Al2O3-Reinforced Epoxy Matrix Composites	3	FPCB Bonding Adhesive (acrylic/epoxy); Epoxy die attach adhesive (MEMS accelerometer, viscoelastic characterization); E-44 (WSR6101) bisphenol-A epoxy potting resin, Jeffamine D230/D400 cured (electronic potting and encapsulation compound)
607	None	DuPont Pyralux bonding sheet technical datasheet	1	FPCB Bonding Adhesive (acrylic/epoxy)
1959	https://www.tatsutaexpo.jp/en/product/%E9%AB%98%E5%91%A8%E6%B3%A2%E5%AF%BE%E5%BF%9C-%E9%AB%98%E5%91%A8%E6%B3%A2%E5%AF%BE%E5%BF%9C%E8%96%84%E5%9E%8B%E3%82%B7%E3%83%BC%E3%83%AB%E3%83%89%E3%83%95%E3%82%A3%E3%83%AB%E3%83%A0/	TATSUTA SF-PC8600-C / SF-PC8900-C 고주파 대응 FPC용 실드필름 — 제품 사양 및 Reference data(전계/자계 KEC법, 7mm 동축관법 그래프)	1	EMI Shielding Film (FPCB)
2503	https://www.tatsutaexpo.jp/en/product/shielding-film-for-high-speed-transmission-fpcs%EF%BC%88ultra-thin-and-high-shielding-effect%EF%BC%89/	Shielding film for high speed transmission FPCs (Ultra thin and high shielding effect) - WILMINA SF-PC3900R1-C / SF-PC3900R2-C	1	EMI Shielding Film (FPCB)
613	None	Tatsuta SF-PC series EMI shielding film datasheet	1	EMI Shielding Film (FPCB)
2142	https://www.bestfpc.com/uploadfile/2022/11/14/2022111416160796AodZ.pdf	TATSUTA Electromagnetic Noise Shielding Film for FPC Applications - SF-PC5000 technical brochure	1	EMI Shielding Film (FPCB)
1748	https://www.pragoboard.cz/download/PSR-4000.pdf	TECHNICAL DATA SHEET — PSR-4000 GP01EU Series (UL Name: PSR-4000HA / CA-40HA), Liquid Photoimageable Solder Mask, Rev. March 31, 2016	1	Solder Mask / PSR (photoimageable)
1749	http://physics.bu.edu/~jmott/files/g-2/TrkElectronics/PartsList/ASDQ/Soldermask%20-%20PSR-4000BN%20Tech%20Data%20Sheet.pdf	TAIYO PSR-4000BN Series Liquid Photoimageable Solder Mask — Technical Data Sheet (Final Properties)	1	Solder Mask / PSR (photoimageable)
1750	https://taiyo-america.com/docs/files/8114/5953/4319/TDS_PSR-4000_LDI_US_Mar_31_2016.pdf	TECHNICAL DATA SHEET — PSR-4000 LDI Series (Laser Direct Imaging LPI solder mask), Rev. March 31, 2016	1	Solder Mask / PSR (photoimageable)
617	None	Taiyo Ink PSR-4000 series technical datasheet	1	Solder Mask / PSR (photoimageable)
618	None	Taiyo PSR-4000(DMA)	1	Solder Mask / PSR (photoimageable)
1752	https://taiyo-america.com/docs/files/4817/1898/3831/TDS_PSR-4000_MP_Series_June_2024.pdf	TECHNICAL DATA SHEET — PSR-4000 MP Series, June 2024	1	Solder Mask / PSR (photoimageable)
1753	https://apps.suntechcircuits.com/New/DownloadManager?fg=soldermask&guid=915CFCDE-1C0A-4414-8EC8-B724E99AFD4F	FINEDEL DSR-2200TL 31R photo-imageable liquid solder resist — Technical Data (hardened film performance)	1	Solder Mask / PSR (photoimageable)
1751	https://taiyo-america.com/docs/files/8015/4222/7173/TDS_PSR-4000_MP_Series_November_12_2018.pdf	TECHNICAL DATA SHEET — PSR-4000 MP Series (matte LPI solder mask), Rev. November 12, 2018	1	Solder Mask / PSR (photoimageable)
2681	http://taiyo-america.com/docs/files/8417/3016/8260/TDS_FLEXFINER_October_2024.pdf	TAIYO FLEXFINER SERIES Technical Data Sheet (Revised October 28, 2024)	1	Solder Mask / PSR (photoimageable)
2078	https://www.odakpcb.com/downloads/PSR4000-WT02-TDS.pdf	DATA SHEET PSR-4000 WT02 / CA-40 WT02	1	Solder Mask / PSR (photoimageable)
2623	https://taiyo-america.com/docs/files/6816/2209/9100/TDS_PSR-4000_HH01XR_May_23_2021.pdf	TAIYO PSR-4000 HH01XR Technical Data Sheet (Revised May 23, 2021)	1	Solder Mask / PSR (photoimageable)
2624	https://taiyo-america.com/docs/files/1814/5953/5323/TDS_PSR-GP01EU_Colors_Mar_31_2016.pdf	TAIYO PSR-4000 GP01EU Colors Technical Data Sheet (Mar 31, 2016)	1	Solder Mask / PSR (photoimageable)
2682	http://taiyo-america.com/docs/files/1417/0795/9753/TDS_PSR-4000_BN_Series_February_2024.pdf	TAIYO PSR-4000BN Series Technical Data Sheet (February 2024)	1	Solder Mask / PSR (photoimageable)
1740	https://www.qnityelectronics.com/content/dam/electronics/amer/us/en/electronics/public/documents/en/EI-10172-Kapton-EN-A-C-Z-Data-Sheet.pdf	DuPont™ Kapton® EN-A, EN-C and EN-Z Polyimide Film — Data Sheet (EI-10172 / QE-10172)	3	PI Base Film — Kapton 150EN-C (DuPont); PI Base Film — Kapton 150EN-A (DuPont); PI Base Film — Kapton 140EN-Z (DuPont)
33	https://marianinc.com/wp-content/uploads/2019/08/2019-08-16-DS-S-KaptonSummaryofProperties.pdf	DuPont Kapton Summary of Properties	3	PI Base Film — Kapton 150EN-C (DuPont); PI Base Film — Kapton 150EN-A (DuPont); PI Base Film — Kapton 140EN-Z (DuPont)
2740	https://www.fralock.com/wp-content/uploads/2023/10/Kapton-EN-A-C-Z-Data-Sheet.pdf	DuPont™ Kapton® EN-A, EN-C and EN-Z Polyimide Film — Data Sheet (EI-10172, 9/21)	3	PI Base Film — Kapton 150EN-C (DuPont); PI Base Film — Kapton 150EN-A (DuPont); PI Base Film — Kapton 140EN-Z (DuPont)
2016	https://www.qnityelectronics.com/content/dam/electronics/amer/us/en/electronics/public/documents/en/QE-10172-Kapton-EN-A,EN-CandEN-ZData-Sheet.pdf	Kapton® EN-A, EN-C and EN-Z Polyimide Film — Technical Data Sheet (QE-10172)	3	PI Base Film — Kapton 150EN-C (DuPont); PI Base Film — Kapton 150EN-A (DuPont); PI Base Film — Kapton 140EN-Z (DuPont)
2017	https://www.lookpolymers.com/pdf/DuPont-Kapton-200EN-Polyimide-Film-50-Micron-Thickness.pdf	DuPont™ Kapton® 200EN Polyimide Film, 50 Micron Thickness — MatWeb/Songhan datasheet (data provided by DuPont High Performance Films)	3	PI Base Film — Kapton 150EN-C (DuPont); PI Base Film — Kapton 150EN-A (DuPont); PI Base Film — Kapton 140EN-Z (DuPont)
2158	https://www.azom.com/properties.aspx?ArticleID=674	Properties: Polyimide - PI — AZoM materials property table (data from Granta Design Limited)	5	PI Base Film — Kapton 150EN-C (DuPont); PI Base Film — Kapton 150EN-A (DuPont); PI Base Film — Kapton 140EN-Z (DuPont); PI Base Film — Kapton 150MT+ (DuPont)
3077	https://web.archive.org/web/20230403204808id_/https://www.dupont.com/content/dam/dupont/amer/us/en/ei-transformation/public/documents/en/EI-10142_Kapton-Summary-of-Properties.pdf	DuPont Kapton Summary of Properties (document EI-10142 (1/22)), Table 10 — Chemical Properties of Kapton Type HN Film, 25 um (1 mil)	1	PI Base Film — Kapton 150MT+ (DuPont)
1741	https://www.qnityelectronics.com/content/dam/electronics/amer/us/en/electronics/public/documents/en/EI-10218-Kapton-MT+Data-Sheet.pdf	DuPont™ Kapton® MT+ Thermally Conductive Polyimide Film — Data Sheet (EI-10218 / QE-10218)	1	PI Base Film — Kapton 150MT+ (DuPont)
2558	https://www.ukinsulations.co.uk/wp-content/uploads/2023/03/KAPTON%C2%AE-MT.pdf	DuPont Kapton MT+ Thermally Conductive Polyimide Film Data Sheet (Table 1)	1	PI Base Film — Kapton 150MT+ (DuPont)
3076	https://web.archive.org/web/20040707180427id_/http://www.taimide.com.tw/docs/TH-025.pdf	Properties of Taimide TH Polyimide Film (Taimide Tech Incorporation, dated Dec. 18, 2002)	2	PI Base Film — Taimide TL-025 (Taimide); PI Base Film — Taimide BK-025 Low Gloss (Taimide)
1746	https://www.taimide.com.tw/api/download.ashx?sno=373	Properties of Taimide TL Polyimide Film (TL type data sheet)	1	PI Base Film — Taimide TL-025 (Taimide)
2144	https://www.qnityelectronics.com/content/dam/electronics/amer/us/en/electronics/public/documents/en/QE-10206-Kapton-HN-Data-Sheet.pdf	DuPont Kapton HN Polyimide Film Technical Data Sheet (QE-10206)	2	PI Base Film — Taimide TL-025 (Taimide); PI Base Film — Taimide BK-025 Low Gloss (Taimide)
1747	https://www.taimide.com.tw/api/download.ashx?sno=375	Properties of Taimide BK(Low Gloss) Polyimide Film (BK type data sheet)	1	PI Base Film — Taimide BK-025 Low Gloss (Taimide)
2536	https://patents.google.com/patent/US11926705B2/en	Taimide Tech Inc., US 11,926,705 B2 'Black matte polyimide film' — 실시예/비교예 광택도 표	1	PI Base Film — Taimide BK-025 Low Gloss (Taimide)
3014	http://www.shlianhe.com/file/PCB_ink/JP/PSR9000/FLX501/DATA_SHEET/PSR-9000%20FLX501-DS-EN.pdf	TAIYO INK MFG. CO., LTD. — Technical Data Sheet, Photo Imageable Flexible Solder Mask PSR-9000 FLX501 / CA-90 FLX501 (MS-6171900 / MS-6171910, Feb. 2007)	1	Flexible Solder Mask / PSR-9000 (FPCB)
1754	https://docs.oshpark.com/resources/flex-mask-Taiyo-TDS-PSR-9000-FXT.pdf	TECHNICAL DATA SHEET — PSR-9000 FXT Series Flexible Solder Mask, Rev. April 7, 2016	1	Flexible Solder Mask / PSR-9000 (FPCB)
2904	https://taiyo-america.com/docs/files/1115/8025/3174/TDS_PSR-9000_FXT_Series_January_28_2020.pdf	Taiyo America Technical Data Sheet PSR-9000 FXT Series (Rev. Jan 28, 2020)	1	Flexible Solder Mask / PSR-9000 (FPCB)
3021	https://www.isola-group.com/pcb-laminates-prepreg/370hr-laminate-and-prepreg/	Isola 370HR Laminate & Prepreg Data Sheet	1	Isola 370HR High-Tg Laminate
2736	https://www.isola-group.com/wp-content/uploads/data-sheets/370hr-laminate-prepreg.pdf	370HR Industry Leading Epoxy Laminate and Prepreg data sheet (Rev. E, 6/24) — 'Typical Values' table	1	Isola 370HR High-Tg Laminate
2153	https://www.isola-group.com/wp-content/uploads/370HR-RAILWAY-Standard-NFPA-130-ASTM-E-1354-22c-Approval.pdf	LAPI S.p.A. Assessment No. 1756/23 — NFPA 130:2020 / ASTM E 1354-22c, material PCL-FR-370HR (published by Isola Group)	1	Isola 370HR High-Tg Laminate
2027	https://www.isola-group.com/pcb-laminates-prepreg/370hr/	Isola 370HR Laminate & Prepreg Data Sheet (Rev C, 2021)	1	Isola 370HR High-Tg Laminate
1764	https://www.isola-group.com/wp-content/uploads/data-sheets/is400.pdf	IS400 Lead Free, Mid Tg Epoxy Laminate and Prepreg (Rev C, 2021-04-15)	1	Isola IS400 Mid-Tg Laminate
3022	https://www.isola-group.com/pcb-laminates-prepreg/is400-laminate-and-prepreg/	Isola IS400 Laminate & Prepreg Data Sheet	1	Isola IS400 Mid-Tg Laminate
2154	https://www.isola-group.com/wp-content/uploads/IS400-RAILWAY-Standard-NFPA-130-ASTM-E-1354-22c-Approval.pdf	LAPI S.p.A. Assessment — NFPA 130:2020 / ASTM E 1354-22c, material IS400 (published by Isola Group)	1	Isola IS400 Mid-Tg Laminate
1765	https://www.isola-group.com/wp-content/uploads/data-sheets/i-tera-mt40.pdf	I-Tera MT40 Laminate and Prepreg (Rev F, 2025-12-08)	1	Isola I-Tera MT40 Low-Loss Laminate
3023	https://www.isola-group.com/pcb-laminates-prepreg/i-tera-mt40-laminate-and-prepreg/	Isola I-Tera MT40 Laminate & Prepreg Data Sheet	1	Isola I-Tera MT40 Low-Loss Laminate
2544	https://www.isola-group.com/wp-content/uploads/data-sheets/i-tera-mt40__Dk_Df_Tables.pdf	I-Tera MT40 Dielectric Constant (Dk) / Dissipation factor (Df) Table, Revision L — Core Data	1	Isola I-Tera MT40 Low-Loss Laminate
2028	https://www.isola-group.com/pcb-laminates-prepreg/i-tera-mt40/	Isola I-Tera MT40 Very Low-Loss Laminate and Prepreg Data Sheet	1	Isola I-Tera MT40 Low-Loss Laminate
1767	https://bayareacircuits.com/wp-content/uploads/2020/05/MDS_Iteq_IT180A.pdf	IT-180A High Tg / Lead Free / High Reliability Laminate & Prepreg (REV 1.0-19)	1	ITEQ IT-180A High-Tg Low-CTE Laminate
3024	https://www.iteq.com.tw/en/product/it-180a	ITEQ IT-180ATC / IT-180ABS Laminate & Prepreg Data Sheet (REV 02-11)	1	ITEQ IT-180A High-Tg Low-CTE Laminate
2018	https://www.mclpcb.com/wp-content/uploads/2021/05/IT-180A-datasheet.pdf	IT-180ABS/IT-180ATC High Tg, Low CTE, Multifunctional Filled Epoxy Resin and Phenolic-Cured Laminate & Prepreg - Laminate (IT-180ATC) typical values, thickness >= 0.50 mm (REV 02-11)	1	ITEQ IT-180A High-Tg Low-CTE Laminate
2784	https://www.iteqcorp.com/wp-content/uploads/2026/05/W-CTE-1002-34C_Data-sheet-IT-180A.pdf	IT-180A High Tg / Lead Free / High Reliability Laminate & Prepreg — 'Laminate properties'	1	ITEQ IT-180A High-Tg Low-CTE Laminate
2355	https://www.iteq.com.tw/en/product/detail/IT-180A	ITEQ IT-180A laminate & prepreg data sheet	1	ITEQ IT-180A High-Tg Low-CTE Laminate
1768	https://www.mclpcb.com/wp-content/uploads/2021/05/ITEQ-IT-968-Data-sheet-rev-1.0-17-Data-Sheet.pdf	IT-968 High Tg / Lead Free / Ultra Low Loss Laminate & Prepreg (DRAFT REV 1.0-17)	1	ITEQ IT-968 Ultra-Low-Loss Laminate
3025	https://www.iteq.com.tw/en/product/it-968	ITEQ IT-968TC / IT-968BS Laminate & Prepreg Data Sheet (REV 01-16)	1	ITEQ IT-968 Ultra-Low-Loss Laminate
2785	https://www.iteqcorp.com/wp-content/uploads/2026/05/W-CTE-1002-01B_Data-sheet-IT-968.pdf	IT-968 High Tg / Lead Free / Ultra Low Loss Laminate & Prepreg — 'Laminate properties'	1	ITEQ IT-968 Ultra-Low-Loss Laminate
2356	https://www.iteq.com.tw/en/product/detail/IT-968	ITEQ IT-968 laminate & prepreg data sheet	1	ITEQ IT-968 Ultra-Low-Loss Laminate
1769	https://rs.jlcpcb.com/static/file/nan-ya-np-155f-datasheet.pdf	NAN YA NP-155FR Glass cloth base epoxy resin flame retardant copper clad laminate (New: 2014/04/30)	1	Nan Ya NP-155FR Mid-Tg Laminate
2152	https://www.npc.com.tw/j2npc/zhtw/proddoc/%E7%84%A1%E9%89%9B%E5%9F%BA%E6%9D%BF/NP-155F_SDS?docid=F000002120&pdid=F00000212	Nan Ya Plastics Corporation — NP-155F 物質安全資料表 (Safety Data Sheet), 銅箔基板 Copper Clad Laminate	1	Nan Ya NP-155FR Mid-Tg Laminate
1770	https://www.hemeixinpcb.com/images/pdf/TUC/tu-872%20slk_datasheet.pdf	TU-872 SLK Low Dk/Df and High Thermal Reliability Laminate and Prepreg (DS1801013A)	1	TUC TU-872 SLK Low-Loss Laminate
2358	https://www.tuc.com.tw/en-global/product/TU-872-SLK	Taiwan Union Technology TU-872 SLK laminate data sheet	1	TUC TU-872 SLK Low-Loss Laminate
1771	https://datasheet.datasheetarchive.com/originals/crawler/streamlinecircuits.com/898a593595e98354016610f552ba8079.pdf	ThunderClad 3 TU-933 Super Low Loss Material (TUC, MP1312002A)	1	TUC TU-933 (ThunderClad 3) Super-Low-Loss Laminate
2140	https://www.qdcircuits.com/uploads/admin/file/20200902/20200902191624_52530.pdf	Taiwan Union Technology - ThunderClad 3+ (TU-933+ core / TU-933P+ prepreg) datasheet DS1801015A	1	TUC TU-933 (ThunderClad 3) Super-Low-Loss Laminate
1772	https://www.doosanelectromaterials.com/en/product/Copper_Clad_Laminate/DS-7402	DS-7402 CCL(Copper Clad Laminate) General Properties (Doosan Electro-Materials 제품 페이지)	1	Doosan DS-7402 Halogen-Free CCL
1773	https://www.mclpcb.com/wp-content/uploads/2021/05/Rogers-ro4000-laminates-ro4003c-and-ro4350b-data-sheet.pdf	RO4000 Series High Frequency Circuit Materials Data Sheet (RO4003C / RO4350B, 2018)	2	Rogers RO4003C High-Frequency Laminate; Rogers RO4350B High-Frequency Laminate
3018	https://www.rogerscorp.com/-/media/project/rogerscorp/documents/advanced-electronics-solutions/english/data-sheets/ro4000-laminates---data-sheet.pdf	RO4000 Series High Frequency Circuit Materials Data Sheet (RO4003C / RO4350B)	2	Rogers RO4003C High-Frequency Laminate; Rogers RO4350B High-Frequency Laminate
2737	https://www.leiton.de/formulare/Datasheet%20-%20Rogers%20RO4003C%20and%20RO4350B%20-%20Rev%201.0.pdf	RO4000 Series High Frequency Circuit Materials Data Sheet (RO4003C / RO4350B), Rev 1.0	2	Rogers RO4003C High-Frequency Laminate; Rogers RO4350B High-Frequency Laminate
2523	https://www.rogerscorp.com/-/media/project/rogerscorp/documents/advanced-electronics-solutions/english/data-sheets/ro4000-laminates-ro4003c-and-ro4350b---data-sheet.pdf	RO4000 Laminates — RO4003C and RO4350B Data Sheet	2	Rogers RO4003C High-Frequency Laminate; Rogers RO4350B High-Frequency Laminate
2407	https://na.industrial.panasonic.com/products/electronic-materials/circuit-board-materials/lineup/megtron-series/series/127603/model/144668	Panasonic Industrial Devices product page - R-5775(G)/R-5775(G) MEGTRON 6 laminate specifications	1	Panasonic MEGTRON 6 R-5775 Laminate
2357	https://industrial.panasonic.com/ww/products/pt/megtron	Panasonic MEGTRON 6 (R-5775) laminate data sheet	1	Panasonic MEGTRON 6 R-5775 Laminate
2408	https://na.industrial.panasonic.com/products/electronic-materials/circuit-board-materials/megtron-series/series/127604/model/131596	Panasonic Industrial Devices product page - R-5785(N)/R-5680(N) MEGTRON 7 laminate specifications	1	Panasonic MEGTRON 7 R-5785 Laminate
1775	https://www.epectec.com/downloads/Shengyi-S1000-Data-Sheet.pdf	Shengyi S1000-2 (UL ANSI: FR-4) Low CTE / Hi-Tg / Excellent Thermal Resistance Data Sheet	1	Shengyi S1000-2 High-Tg Low-CTE Laminate
2033	https://www.shengyi-usa.com/wp-content/uploads/2017/05/Shengyi-S1000-2-DS.pdf	Shengyi Technology (SYTECH) - S1000-2 Lead-free Compatible FR4 Laminates & Prepregs, General Properties (doc. S-USA-S1000-2rv1-5/17)	1	Shengyi S1000-2 High-Tg Low-CTE Laminate
2067	https://www.shengyi-usa.com/wp-content/uploads/dlm_uploads/2017/07/S1000-2-MSDS.pdf	SHENGYI TECHNOLOGY - Material Safety Sheet, Copper Clad Laminate (S1000-2)	1	Shengyi S1000-2 High-Tg Low-CTE Laminate
1789	https://www.tesa.com/en-us/files/download/2111317,5,61395-inpiw-en-tt.pdf	tesa 61395 Product Information (200 um double sided black high performance filmic tape, as of 05/12/23)	1	Double-Sided PET Tape 0.2mm (tesa 61395)
2135	https://www.oaepublish.com/articles/ss.2024.22	Towards the optimal design of optically clear adhesives for flexible display, Soft Science (2024)	42	Double-Sided PET Tape 0.2mm (tesa 61395); Extreme Sealing Tape 1.0mm (3M 4411N); OCA acrylic (flexible device, Tg 0C) - Micromachines 2022 characterization; Henkel LOCTITE ABLESTIK 2025D die attach adhesive
1790	https://multimedia.3m.com/mws/media/1329189O/7000021302-3m-extreme-sealing-tape-exterior-technical-data.pdf	3M Extreme Sealing Tape 4411N / 4411G / 4412N / 4412G Technical Data (October 2011)	2	Extreme Sealing Tape 1.0mm (3M 4411N); Extreme Sealing Tape 2.0mm (3M 4412N)
1931	https://multimedia.3m.com/mws/media/934157O/4411n-extreme-sealing-tape-pdf.pdf	3M Extreme Sealing Tape 4411N Product Data Sheet (04 September 2012, EN-EU)	1	Extreme Sealing Tape 1.0mm (3M 4411N)
1791	https://www.stockwell.com/data-sheets/f12-silicone-foam.pdf	Saint-Gobain Norseal F-12 Silicone Foam Rubber Technical Data Sheet	1	Silicone Foam Gasket (Saint-Gobain Norseal F-12)
2262	https://www.seconrubber.com/wp-content/uploads/2020/06/Norseal-Silicone-SNS-Tape-Data-Sheet.pdf	Norseal Silicone SNS Tapes - Pressure-Sensitive Adhesive Tapes, Technical Data Sheet, Form #1334	1	Silicone Foam Gasket (Saint-Gobain Norseal F-12)
2797	https://res.mdpi.com/d_attachment/polymers/polymers-12-02327/article_deploy/polymers-12-02327.pdf	Reliability-Based Evaluation of the Suitability of Polymers for Additive Manufacturing Intended to Injection Molding — Table 4 'Analysis of parameters related to materials processability [48,56-67]'	2	Silicone Foam Gasket (Saint-Gobain Norseal F-12); NBR seal rubber (accelerated thermal aging series)
1792	https://multimedia.3m.com/mws/media/1232927O/3m-optically-clear-adhesive-8173kcl-technical-data-sheet.pdf	3M Optically Clear Adhesive 8173KCL Technical Data (Display Materials & Systems Division, 2015)	1	OCA Double-Coated w/ PET Carrier 75um (3M 8173KCL)
1802	https://www.cirexx.com/wp-content/uploads/ULTRALAM-3850HT-Laminates-Data-Sheet.pdf	ULTRALAM 3850HT Liquid Crystalline Polymer Circuit Material, Data Sheet Pub #92-163	1	Rogers ULTRALAM 3850HT LCP Laminate
3020	https://www.rogerscorp.com/-/media/project/rogerscorp/documents/advanced-electronics-solutions/english/data-sheets/ultralam-3850ht-data-sheet.pdf	ULTRALAM 3850HT Liquid Crystalline Polymer Circuit Material Data Sheet	1	Rogers ULTRALAM 3850HT LCP Laminate
2559	https://pwcircuits.co.uk/wp-content/uploads/2024/08/ULTRALAM-38501.pdf	ULTRALAM 3850HT Liquid Crystalline Polymer Circuit Material Data Sheet	1	Rogers ULTRALAM 3850HT LCP Laminate
2800	https://www.makeitfrom.com/material-properties/Liquid-Crystal-Polymer-LCP	MakeItFrom: Liquid Crystal Polymer (LCP) — material properties	2	Rogers ULTRALAM 3850HT LCP Laminate; Rogers ULTRALAM 3908 LCP Bonding Film
1803	https://www.cirexx.com/wp-content/uploads/ULTRALAM-3000-LCP-Prepreg-ULTRALAM-3908.pdf	ULTRALAM 3908 Bondply (LCP prepreg), Data Sheet Pub #92-126	1	Rogers ULTRALAM 3908 LCP Bonding Film
2763	https://www.csesolutions.com.au/wp-content/uploads/2023/08/Rogers_ULTRALAM_3908_Bondply.pdf	ULTRALAM 3908 Bondply Data Sheet — 'Mechanical Properties' block	1	Rogers ULTRALAM 3908 LCP Bonding Film
2359	https://www.rogerscorp.com/advanced-electronics-solutions/ultralam-laminates/ultralam-3908-bondply	Rogers ULTRALAM 3908 bondply data sheet	1	Rogers ULTRALAM 3908 LCP Bonding Film
2409	https://www.midwestpcb.com/data_sheets/RogersULTRALAM.pdf	Rogers ULTRALAM 3000 Series LCP Circuit Materials Data Sheet RF1.3000 - Typical Values, ULTRALAM 3850 laminate	1	Rogers ULTRALAM 3908 LCP Bonding Film
2560	https://pwcircuits.co.uk/wp-content/uploads/2024/08/ULTRALAM-39081.pdf	ULTRALAM 3908 Bondply Data Sheet (ULTRALAM 3000 Series LCP Circuit Materials)	1	Rogers ULTRALAM 3908 LCP Bonding Film
1804	https://www.multi-circuit-boards.eu/fileadmin/pdf/leiterplatten_material/e_rogers-3000_www.multi-circuit-boards.eu.pdf	RO3000 Series Laminates Data Sheet (RO3003 / RO3006 / RO3010)	1	Rogers RO3003 Ceramic-Filled PTFE Laminate
3019	https://www.rogerscorp.com/-/media/project/rogerscorp/documents/advanced-electronics-solutions/english/data-sheets/ro3000-laminate-data-sheet-ro3003----ro3006----ro3010----ro3035.pdf	RO3000 Series Circuit Materials Data Sheet (RO3003, RO3006, RO3010, RO3035)	1	Rogers RO3003 Ceramic-Filled PTFE Laminate
1805	https://www.rogerscorp.com/-/media/project/rogerscorp/documents/advanced-electronics-solutions/english/data-sheets/ro4835-laminate-data-sheet.pdf	RO4835 Laminates Data Sheet Pub #92-160	1	Rogers RO4835 Oxidation-Resistant Hydrocarbon-Ceramic Laminate
2261	https://www.csesolutions.com.au/wp-content/uploads/2023/08/Rogers_RO4835.pdf	RO4835 Laminate Data Sheet - High Frequency Circuit Materials	1	Rogers RO4835 Oxidation-Resistant Hydrocarbon-Ceramic Laminate
2738	https://www.x-pcb.com/wp-content/uploads/RO4835-Laminate-Data-Sheet.pdf	RO4835 Laminate Data Sheet — 'Typical Values' property table	1	Rogers RO4835 Oxidation-Resistant Hydrocarbon-Ceramic Laminate
2562	https://www.pcbapeak.com/wp-content/uploads/2023/12/RO4835.pdf	RO4835 Laminate Data Sheet — High Frequency Circuit Materials	1	Rogers RO4835 Oxidation-Resistant Hydrocarbon-Ceramic Laminate
1806	https://www.rogerscorp.com/-/media/project/rogerscorp/documents/advanced-electronics-solutions/english/data-sheets/clte-and-clte-xt-laminates-data-sheet.pdf	CLTE and CLTE-XT Series Laminates Data Sheet	2	Rogers CLTE-XT Ceramic-PTFE Woven Glass Laminate; Rogers CLTE Ceramic-PTFE Woven Glass Laminate
1807	https://www.rogerscorp.com/-/media/project/rogerscorp/documents/advanced-electronics-solutions/english/data-sheets/clte-at-laminates-data-sheet.pdf	CLTE-AT Series Laminates Data Sheet	1	Rogers CLTE-AT Ceramic-PTFE Woven Glass Laminate
2561	https://www.csesolutions.com.au/wp-content/uploads/2023/08/Rogers_CLTE-AT_Laminates.pdf	CLTE-AT Laminates Data Sheet	1	Rogers CLTE-AT Ceramic-PTFE Woven Glass Laminate
1808	https://www.rogerscorp.com/-/media/project/rogerscorp/documents/advanced-electronics-solutions/english/data-sheets/rt-duroid-5870---5880-data-sheet.pdf	RT/duroid 5870 - 5880 High Frequency Laminates Data Sheet	1	Rogers RT/duroid 5880 Glass-Microfiber PTFE Laminate
2547	https://www.agc-multimaterial.com/agc-downloads/AGC_TSM-DS3_TDS.pdf	AGC TSM-DS3 Dimensionally Stable Low Loss Laminate TDS	1	AGC Taconic TSM-DS3 Ceramic-Filled Low-Loss Laminate
1810	https://www.hemeixinpcb.com/images/pdf/Taconic/TSM-DS3_datasheet.pdf	TSM-DS3 Dimensionally Stable Low Loss Laminate Data Sheet	1	AGC Taconic TSM-DS3 Ceramic-Filled Low-Loss Laminate
1811	https://www.chukoh.co.jp/wp-content/uploads/catalog05_lami_ja-1.pdf	CHUKOH FLO 銅張積層板 製品カタログ (catalog05_lami_ja)	2	Chukoh CHUKOH FLO CGN-500 PTFE Copper-Clad Laminate; Chukoh CHUKOH FLO CGS-500A PTFE Copper-Clad Laminate
3026	https://www.chukoh.co.jp/en/products/	CHUKOH FLO Fluoropolymer Copper-Clad Laminates (Chukoh Chemical Industries product catalogue)	2	Chukoh CHUKOH FLO CGN-500 PTFE Copper-Clad Laminate; Chukoh CHUKOH FLO CGS-500A PTFE Copper-Clad Laminate
2751	https://www.chukoh.com/products/copper-clad-laminate/cgn-500/	Chukoh Chemical 제품 페이지 'CGN-500' 특성표 (Copper-clad laminates)	1	Chukoh CHUKOH FLO CGN-500 PTFE Copper-Clad Laminate
2750	https://www.chukoh.com/products/copper-clad-laminate/cgs-500a/	Chukoh Chemical 제품 페이지 'CGS-500A' 특성표 (Copper-clad laminates)	1	Chukoh CHUKOH FLO CGS-500A PTFE Copper-Clad Laminate
1766	https://www.isola-group.com/wp-content/uploads/data-sheets/astra-mt77.pdf	Astra MT77 Laminate and Prepreg (Rev D, 2021-04-20)	1	Isola Astra MT77 Very Low Loss RF/MW Laminate
2029	https://www.isola-group.com/pcb-laminates-prepreg/astra-mt77/	Isola Astra MT77 Ultra Low Loss, RF/MW Laminate and Prepreg Data Sheet	1	Isola Astra MT77 Very Low Loss RF/MW Laminate
2803	https://www.pragoboard.cz/download/astra_mt77.pdf	Astra® MT77 Very Low-loss Laminate Material — Isola Group typical values (doc code 03/17 DSAstraMT77Q)	1	Isola Astra MT77 Very Low Loss RF/MW Laminate
2747	https://www.circuiti-stampati.com/wp-content/uploads/2016/02/Astra-MT77-Very-Low-loss-Laminate-Material-Data-Sheet-Isola.pdf	Astra MT77 Very Low-loss Laminate Material Data Sheet (Isola, Revision No: B) — 기계물성 표	1	Isola Astra MT77 Very Low Loss RF/MW Laminate
1821	https://datasheets.tdx.henkel.com/BERGQUIST-SIL-PAD-TSP-900-en_GL.pdf	Technical Data Sheet BERGQUIST SIL PAD TSP 900 (Known as BERGQUIST SIL-PAD 400), October-2018	1	Thermal Insulator Pad (Sil-Pad, glass-reinforced silicone)
1822	https://datasheets.tdx.henkel.com/BERGQUIST-SIL-PAD-TSP-3500-en_GL.pdf	Technical Data Sheet BERGQUIST SIL PAD TSP 3500 (Known as BERGQUIST SIL-PAD 2000), November-2018	1	Thermal Insulator Pad (Sil-Pad, glass-reinforced silicone)
2023	https://www.farnell.com/datasheets/99609.pdf	Sil-Pad(R) Design Guide 2000-2001 Rev. 060100 — SIL-PAD 400 physical/thermal properties table	1	Thermal Insulator Pad (Sil-Pad, glass-reinforced silicone)
2813	https://datasheets.tdx.henkel.com/BERGQUIST-SIL-PAD-TSP-A3000-en_GL.pdf	BERGQUIST SIL PAD TSP A3000 Technical Data Sheet (Nov-2018, 'Known as BERGQUIST SIL-PAD A2000')	1	Thermal Insulator Pad (Sil-Pad, glass-reinforced silicone)
2470	https://www.mouser.com/datasheet/2/48/PDS-SP-400-HENKEL-0615-1479889.pdf	Bergquist Sil-Pad 400 - Product Data Sheet (fiberglass-reinforced silicone thermally conductive insulator)	1	Thermal Insulator Pad (Sil-Pad, glass-reinforced silicone)
1825	https://docs.rs-online.com/5a0f/A700000010953876.pdf	Technical Data Sheet BERGQUIST HI FLOW THF 500 (Known as BERGQUIST HI-FLOW 625), April-2020	1	Phase Change TIM (PCM)
1823	https://www.laird.com/sites/default/files/2018-11/THR-DS-TPCM580%201112.pdf	Laird Tpcm 580 Series Phase Change Material datasheet (THR-DS-TPCM580 1112)	1	Phase Change TIM (PCM)
1824	https://datasheets.tdx.henkel.com/BERGQUIST-HI-FLOW-THF-5000UT-en_GL.pdf	Technical Data Sheet BERGQUIST HI FLOW THF 5000UT (April 2024)	1	Phase Change TIM (PCM)
2471	https://www.nedc.com/wp-content/uploads/2020/02/BERGQUIST-HI-FLOW-225U.pdf	BERGQUIST HI FLOW THF 1000U (known as BERGQUIST HI-FLOW 225U) Technical Data Sheet, November 2018	1	Phase Change TIM (PCM)
1830	https://www.mitsui-kinzoku.co.jp/project/douhaku/front/_eng/pdf/3EC-3_j3.pdf	3EC-Ⅲ 제품 데이터시트 (代表的特性値 / Representative data)	1	3EC-III ED Copper Foil (Mitsui)
2019	https://asia.matweb.com/search/SpecificMaterial.asp?bassnum=AMECu00	MatWeb Material Property Data - Copper, Cu; Annealed (pure Cu element)	4	3EC-III ED Copper Foil (Mitsui); DF-TSH Thin ED Copper Foil (Furukawa); F2-WS ED Copper Foil (Furukawa); HA Rolled Annealed Copper Foil (JX)
2935	https://alloys.copper.org/alloy/C11000	C11000 Alloy — Electrolytic Tough Pitch (ETP) Copper, alloy property database	4	3EC-III ED Copper Foil (Mitsui); DF-TSH Thin ED Copper Foil (Furukawa); F2-WS ED Copper Foil (Furukawa); HA Rolled Annealed Copper Foil (JX)
1831	https://www.furukawa.co.jp/en/rd/review/fr050/fr50_06.pdf	Development of Thin Copper Foil DF-TSH for Fine Pattern Circuit Boards — Table 1 (Furukawa Electric Review No. 50, 2019)	2	DF-TSH Thin ED Copper Foil (Furukawa); F2-WS ED Copper Foil (Furukawa)
2020	https://www.furukawaelectric.com/foil/en/product/print/df-tsh.html	DF-TSH - Copper foil for the printed wiring board, Specification (Furukawa Electric Copper Foil Products)	1	DF-TSH Thin ED Copper Foil (Furukawa)
2021	https://www.furukawaelectric.com/foil/en/product/print/f-ws.html	F-WS - Copper foil for the printed wiring board, Specification (F2-WS grade) (Furukawa Electric Copper Foil Products)	1	F2-WS ED Copper Foil (Furukawa)
1832	https://www.jx-nmm.com/english/products/copper_foil_and_alloy/rolled_copper_foil/ha.html	HA and HA-V2 — Flexible rolled copper foil (제품 소개 페이지, 'Young's modulus of annealed foils' 비교 도표)	1	HA Rolled Annealed Copper Foil (JX)
2406	https://global.kyocera.com/prdct/fc/product/pdf/material.pdf	Characteristics of Fine Ceramics (Kyocera Characteristic Table of Fine Ceramics)	1	Alumina Ceramic Package (Kyocera A440)
1857	https://global.kyocera.com/prdct/semicon/search_material/detail/alumina.html	Alumina (Al2O3) Packages / Substrates — Material Properties	1	Alumina Ceramic Package (Kyocera A440)
2752	https://global.kyocera.com/prdct/semicon/search_material/detail/material_property.html	KYOCERA Ceramic Packages / Ceramic Substrates — Material Properties table (A440 row)	1	Alumina Ceramic Package (Kyocera A440)
1858	https://shop.kyocera-solutions.de/storage/downloads/a479-englisch.pdf	MATERIAL DATA SHEET — Material type: Alumina A479	1	Alumina 99% (Kyocera A479)
2934	https://www.jstage.jst.go.jp/article/jcersj1988/108/1258/108_1258_614/_pdf	Static and Cyclic Fatigue Limits of Alumina Ceramics	1	Alumina 99% (Kyocera A479)
1920	https://materiallogiq.com/wp-content/uploads/2023/11/ML_PETFelt_Test_C423_E400_HalfIn.pdf	Sound Absorption Test Results — Keys 1/2" PET Felt, ASTM C423 (E-400 Mount), Report ESP035429P-12	1	PET Felt Acoustic Panel (12.7 mm)
2127	https://www.ecoplus-systems.com/wp-content/uploads/2023/01/Autex_Cube-Data-Sheet.pdf	Autex Cube data sheet (Cube™, 100% polyester fibre acoustic panel)	1	PET Felt Acoustic Panel (12.7 mm)
2128	https://duodesignlatam.com/wp-content/uploads/2025/04/TECHNICAL-SHEET-ZINTRA.pdf	Zintra Acoustic Panels 1/2 in (12 mm) Specification Sheet	1	PET Felt Acoustic Panel (12.7 mm)
2024	https://www.acousticalsurfaces.com/poly-max/ceiling-wall-panels/	Poly Max(TM) Polyester (PET Felt) Ceiling and Wall Panels — product specifications	1	PET Felt Acoustic Panel (12.7 mm)
2890	https://www.azom.com/properties.aspx?ArticleID=795	Properties: Polyethylene Terephthalate - PET Crystalline — AZoM materials property table (data from Granta Design Limited)	6	PET Felt Acoustic Panel (12.7 mm); Toppan GX-P-F transparent barrier film (AlOx-coated PET, 12 um); Toppan GL-RD transparent barrier film (SiOx-coated PET, 12 um); Toppan GL-AEC-F transparent barrier film (AlOx-coated PET, 12 um)
1809	https://www.agc-multimaterial.com/agc-downloads/AGC_TLY-5_TDS.pdf	TLY-5 Avionics & aerospace grade very low DK base material, Technical Data Sheet (2024-03)	1	Taconic TLY-5 (PTFE/woven glass RF laminate)
2739	http://www1.isti.cnr.it/~salerno/Microonde/Taconic-laminate_material.pdf	Taconic High Performance Laminate Properties table (Material Guide) — TLY-5 row	1	Taconic TLY-5 (PTFE/woven glass RF laminate)
1949	https://madpcb.com/wp-content/uploads/2020/12/AGC-Taconic-RF-35.pdf	RF-35 Typical Values (Taconic / AGC Multi Material)	1	Taconic RF-35 (ceramic-filled PTFE/woven glass)
2032	https://www.hemeixinpcb.com/images/pdf/Taconic/RF-35_datasheet.pdf	Taconic RF-35 High Volume Commercial Microwave and RF Laminate Technical Data Sheet	1	Taconic RF-35 (ceramic-filled PTFE/woven glass)
2545	https://www.multi-circuit-boards.eu/fileadmin/pdf/leiterplatten_material/e_taconic_rf35-hf_www.multi-circuit-boards.eu.pdf	Taconic RF-35 Ceramic Filled PTFE Laminate Data Sheet	1	Taconic RF-35 (ceramic-filled PTFE/woven glass)
2034	https://pwcircuits.co.uk/wp-content/uploads/2024/08/RF351.pdf	Taconic - ORCER RF-35 RF & Microwave Laminate product brochure (RF-35 TYPICAL VALUES)	1	Taconic RF-35 (ceramic-filled PTFE/woven glass)
1950	https://www.agc-multimaterial.com/agc-downloads/AGC_TLX-8_TDS.pdf	TLX-8 Technical Data Sheet (AGC Multi Material)	1	Taconic TLX-8 (PTFE/woven glass RF laminate)
2030	https://elmechanics.com/pdf_manufacturers/112/tlx_series.pdf	Taconic TLX Series PTFE/Woven Fiberglass Laminate Technical Data Sheet (TLX-8 Typical Values)	1	Taconic TLX-8 (PTFE/woven glass RF laminate)
2546	https://www.microwavejournal.com/ext/resources/BGDownload/0/1/High%20Performance%20Material.pdf	Taconic High-Performance Laminates Material Guide	1	Taconic TLX-8 (PTFE/woven glass RF laminate)
1951	https://www.corning.com/microsites/csm/gorillaglass/PI_Sheets/Gorilla_Glass_Victus_2_PI_Sheet.pdf	Corning Gorilla Glass Victus 2 Product Information Sheet	1	Corning Gorilla Glass Victus 2
1952	https://www.corning.com/microsites/csm/gorillaglass/PI_Sheets/Gorilla_Glass_Victus_PI_Sheet.pdf	Corning Gorilla Glass Victus Product Information Sheet	1	Corning Gorilla Glass Victus
1953	https://plastore.it/cgi2018/file/3013_pa%2046%20stanyl%20tw341.pdf	CAMPUS Property Data - Stanyl TW341 PA46 (heat stabilized, lubricated)	1	Stanyl TW341 (PA46, Envalior)
3083	https://plasticsfinder.envalior.com/en/datasheet/Stanyl%C2%AE%20TW341/V67x4?b=1	Stanyl TW341, PA46 — Envalior Plastics Finder	1	Stanyl TW341 (PA46, Envalior)
2735	https://sunpolymersindia.com/wp-content/uploads/2025/08/StanylTW341enSI-4-DATA.pdf	Property Data — Stanyl TW341 PA46 Heat Stabilized, Lubricated (Print Date 2025-04-10), 'MECHANICAL PROPERTIES' table	1	Stanyl TW341 (PA46, Envalior)
2815	https://plasticsfinder.envalior.com/en/datasheet/Stanyl%C2%AE+TW341/V67x4	Envalior Plastics Finder — Stanyl TW341, PA46, Rheological calculation properties	1	Stanyl TW341 (PA46, Envalior)
2088	https://www.lookpolymers.com/polymer_DSM-Stanyl-TW341-Nylon-46-European-and-Asian-Grade-Dry.php	DSM Stanyl TW341 Nylon 46 (European and Asian Grade, Dry) - vendor data mirrored on LookPolymers	1	Stanyl TW341 (PA46, Envalior)
2054	https://media.digikey.com/pdf/Data%20Sheets/Panasonic%20Electronic%20Components/PGS_Series_Rev_Feb_2002.pdf	"PGS" Graphite Sheets (EYGS091310), Rev. Feb 2002	1	PGS Graphite Sheet 100 um (Panasonic)
1954	https://www.nitto.com/us/en/others/products/file/datasheet/NBE_SWT_10+R_EN.pdf	Nitto Semiconductor Wafer Processing Tape SWT 10+R datasheet (Jan 2019)	1	Nitto SWT 10+R (dicing tape, PVC/acrylic)
2145	https://www-origin.nitto.com/eu/en/products/semicon/dicing021/	Semiconductor Wafer Processing Tape SWT 10+R - typical values table	1	Nitto SWT 10+R (dicing tape, PVC/acrylic)
101	https://pmc.ncbi.nlm.nih.gov/articles/PMC8879156/	Mechanical Behavior and Constitutive Model Characterization of Optically Clear Adhesive in Flexible Devices (PMC8879156)	1	OCA acrylic (flexible device, Tg 0C) - Micromachines 2022 characterization
2155	https://www.azom.com/properties.aspx?ArticleID=630	Properties: Epoxy Resin - General Purpose — AZoM materials property table (data from Granta Design Limited)	4	Dexerials ACF CP540 series (chip-on-glass); Dexerials ACF CP692 series (chip-on-glass); Dexerials ACF PAF700 series (film-on-glass); E-44 (WSR6101) bisphenol-A epoxy potting resin, Jeffamine D230/D400 cured (electronic potting and encapsulation compound)
1956	https://www.dexerials.jp/en/products/acf/cp540.html	Anisotropic Conductive Film (ACF) CP540 Series product page	1	Dexerials ACF CP540 series (chip-on-glass)
2115	https://www.dexerials.jp/en/products/a7/cp692.html	Anisotropic Conductive Film (ACF) for Chip On Glass for small-to-medium-sized FPDs - CP692 product specification	1	Dexerials ACF CP692 series (chip-on-glass)
1957	https://www.dexerials.jp/en/products/acf/cp692.html	Anisotropic Conductive Film (ACF) CP692 Series product page	1	Dexerials ACF CP692 series (chip-on-glass)
3028	https://www.mrc.co.jp/	Hitachi Chemical ANISOLM Anisotropic Conductive Film (AC-7104 / AC-7106) Technical Data	1	Dexerials ACF PAF700 series (film-on-glass)
1958	https://www.dexerials.jp/en/products/acf/paf700.html	Anisotropic Conductive Film (ACF) PAF700 Series product page	1	Dexerials ACF PAF700 series (film-on-glass)
2132	https://www.farnell.com/datasheets/530450.pdf	"PGS" Graphite Sheets — Panasonic pyrolytic graphite sheet datasheet	1	Kaneka Multilayer Graphite Sheet Thermal Strap (space)
2055	https://www.elecdiv.kaneka.co.jp/en/products/heat-measures/insulation.html	Thermal Strap for Space Applications (Multi Layer insulation (MLI)/Heat-dissipating Material)	1	Kaneka Multilayer Graphite Sheet Thermal Strap (space)
2131	https://patents.google.com/patent/US10546797B2/en	US 10,546,797 B2 — Heat transfer structure and manufacturing method therefor (Kaneka Corporation)	1	Kaneka Multilayer Graphite Sheet Thermal Strap (space)
2056	https://form.nitto.com/tw/en/products/semicon/dicing019/	ELEP HOLDER V-8A (ELP V-8AR) Properties	1	Nitto ELEP HOLDER V-8AR (wafer processing tape, PVC base)
2146	https://www-origin.nitto.com/tw/en/products/semicon/dicing019/	ELEP HOLDER Dicing Tape V-8AR - product properties	1	Nitto ELEP HOLDER V-8AR (wafer processing tape, PVC base)
2057	https://form.nitto.com/tw/en/products/semicon/dicing020/	ELEP HOLDER WS-01 (ELP WS-01) Properties	1	Nitto ELEP HOLDER WS-01 (UV-release wafer processing tape)
2147	https://www-origin.nitto.com/au/en/products/semicon/dicing020/	ELEP HOLDER WS-01 - product properties	1	Nitto ELEP HOLDER WS-01 (UV-release wafer processing tape)
2058	https://form.nitto.com/tw/en/products/semicon/dicing023/	ELEP HOLDER WS-02T (ELP WS-02T) Properties	1	Nitto ELEP HOLDER WS-02T (UV-release wafer processing tape)
2148	https://www-origin.nitto.com/tw/en/products/semicon/dicing023/	ELEP HOLDER WS-02T - product properties	1	Nitto ELEP HOLDER WS-02T (UV-release wafer processing tape)
2059	https://form.nitto.com/tw/en/products/semicon/backgrinding002/	Thermal Release Tape For Hard Substrate NWS-Y5V/NWS-TS322F	1	Nitto NWS-TS322F Thermal Release Tape (back grinding, hard substrate)
2149	https://www-origin.nitto.com/us/en/products/semicon/backgrinding002/	Thermal Release Tape For Hard Substrate NWS-TS322F - product properties	1	Nitto NWS-TS322F Thermal Release Tape (back grinding, hard substrate)
2159	https://orionind.com/wp-content/uploads/2024/01/Mylar_Physical_Properties.pdf	Mylar Polyester Film — Product Information: Physical-Thermal Properties (Table 1, gauge/type 92A)	1	Nitto NWS-TS322F Thermal Release Tape (back grinding, hard substrate)
2354	https://storage.ua.prom.st/1446883_a966296d53b685a261.pdf	HITACHI CHEMICAL DATA SHEET - Hitachi Anisotropic Conductive Film ANISOLM AC-7206U-18	1	ACF acrylic solder-type (generic, literature)
2062	https://pmc.ncbi.nlm.nih.gov/articles/PMC12610642/	Array-Patterned Anisotropic Conductive Films for High Precision Circuit Interconnection	1	ACF polyurethane array-patterned (generic, literature)
2156	https://www.azom.com/properties.aspx?ArticleID=679	Properties: Polyurethane — AZoM materials property table (data from Granta Design Limited)	5	ACF polyurethane array-patterned (generic, literature); PORON XRD LD (open-cell PU foam, 195 kg/m3); PORON XRD HD (open-cell PU foam, 405 kg/m3); Flexible polyurethane seat foam (65 kg/m3, open cell)
2522	https://www.albis.com/dam/jcr:6e86bc71-f06e-44d6-a325-6b0bb27e2a75/Amodel-PPA-Overview_EN-199442.pdf	Amodel® PPA polyphthalamide — Overview (Solvay Specialty Polymers)	2	Amodel A-1145 HS (PPA-GF45, Solvay/Syensqo); Amodel AS-1145 HS (PPA-GF45, Syensqo)
2460	https://www.albis.com/en/products/download/doc/en/SI/syensqo/AmodelA1145HS.pdf	Amodel A-1145 HS Material Datasheet	1	Amodel A-1145 HS (PPA-GF45, Solvay/Syensqo)
2162	https://aztecplastic.com/wp-content/uploads/2021/04/Amodel1145datasheet.pdf	Technical Data — Amodel A-1145 HS polyphthalamide (rev. 11/2/2010)	1	Amodel A-1145 HS (PPA-GF45, Solvay/Syensqo)
2901	https://www.syensqo.com/en/product/amodel-ppa	Amodel® PPA Design Guide, Table 3.17 — Thermal conductivity of Amodel® PPA resins	1	Amodel A-1145 HS (PPA-GF45, Solvay/Syensqo)
2165	https://kingstarmold.com/wp-content/uploads/2025/01/Vectra-E130-30-GF.pdf	Vectra E130i Liquid Crystal Polymer — Celanese datasheet (UL Prospector print, 2025-01-23)	1	Vectra E130i (LCP-GF30, Celanese)
3084	https://www.celanese.com/-/media/cewebjssapp/project/productdocuments/lcp/lcp-026_vectralcpshorttermpropguidetg_am_0613.pdf	Vectra LCP Liquid Crystal Polymers / Zenite LCP — Product Information	1	Vectra E130i (LCP-GF30, Celanese)
2760	http://hongrunplastics.com/public/uploads/images/20250611/Celanese%20LCP%20VECTRA%20E130i.pdf	VECTRA® E130i Liquid Crystal Polymer — Typical mechanical properties	1	Vectra E130i (LCP-GF30, Celanese)
2459	https://www.albis.com/en/products/download/doc/en/SI/syensqo/AmodelAS1145HS.pdf	Amodel AS-1145 HS Material Datasheet	1	Amodel AS-1145 HS (PPA-GF45, Syensqo)
2172	http://hongrunplastics.com/public/uploads/images/20250809/ALBIS%20PPA%20Amodel%20AS-1145%20HS.pdf	Amodel AS-1145 HS PPA-GF45 — Syensqo CAMPUS/Material Data Center datasheet	1	Amodel AS-1145 HS (PPA-GF45, Syensqo)
2537	https://sufa-tj.com/upload/portal/20240819/bbd2e5abe7d0919b90568072291f1bfa.pdf	Technical Data Sheet — Amodel AS-1145 HS polyphthalamide	1	Amodel AS-1145 HS (PPA-GF45, Syensqo)
2811	https://www.solvay.com/sites/g/files/srpend616/files/tridion/documents/Amodel-PPA-Design-Guide_EN.pdf	Amodel® PPA Design Guide (Version 5.0), Table 3.17 Thermal conductivity of Amodel® PPA resins	1	Amodel AS-1145 HS (PPA-GF45, Syensqo)
2173	https://www.picoplast.nl/uploads/cef2f5a6b5e911b75b2c487332dea707Grivory%20HTV%205H1%20black%209205%20-%20MDS%20-%20EN.pdf	Technical Data Sheet — GRIVORY HTV-5H1 BLACK 9205 (PA6T/6I-GF50)	1	Grivory HTV-5H1 black 9205 (PPA-GF50, EMS-Grivory)
2832	https://web.archive.org/web/20140620032425id_/http://www.materialdatacenter.com/ms/en/Grivory/EMS-CHEMIE/Grivory+HTV-5H1+black+9205/bd11ffb8/929	Material Data Center Datasheet Grivory HTV-5H1 black 9205 (PA6T/6I-GF50, EMS-GRIVORY) — CAMPUS/ISO Data	1	Grivory HTV-5H1 black 9205 (PPA-GF50, EMS-Grivory)
2174	https://www.nevicolor.it/prodotti/ricerca-polimero/dsm/stanyl/allegati/stanyl-te-250-f6-30-fibra-vetro-stabilizzato-al-calore-autoestinguente.pdf	Property Data — Stanyl TE250F6 PA46-GF30 FR(17) (print date 2016-04-01)	1	Stanyl TE250F6 (PA46-GF30, Envalior)
3082	https://plasticsfinder.envalior.com/en/datasheet/Stanyl%C2%AE%20TE250F6/QGarm?b=1	Stanyl TE250F6, PA46-GF30 FR(17) — Envalior Plastics Finder	1	Stanyl TE250F6 (PA46-GF30, Envalior)
2731	https://plastore.it/cgi2018/file818/1102_pa%2046%20stanyl%20te250f6.pdf	Property Data Stanyl® TE250F6 PA46-GF30 FR(17) — Mechanical properties	1	Stanyl TE250F6 (PA46-GF30, Envalior)
2814	https://plasticsfinder.envalior.com/en/datasheet/Stanyl%C2%AE%20TE250F6/QGarm	Envalior Plastics Finder — Stanyl TE250F6, PA46-GF30 FR(17), Rheological calculation properties	1	Stanyl TE250F6 (PA46-GF30, Envalior)
2179	https://www.lookpolymers.com/pdf/EMS-Grivory-Grivory-HT2V-45H-PA6T66-GF45.pdf	EMS-Grivory Grivory HT2V-45H PA6T/66-GF45 — datasheet (EMS-Grivory data, LookPolymers mirror)	1	Grivory HT2V-45H (PPA/PA6T-66-GF45, EMS-Grivory)
2742	http://hongrunplastics.com/public/uploads/images/20250925/2002_Comparative-Table_en.pdf	EMS-GRIVORY Comparative Table — Technical Thermoplastics (Grivory HT2V-3H / HT2V-45H 열)	1	Grivory HT2V-45H (PPA/PA6T-66-GF45, EMS-Grivory)
2732	https://doc.diytrade.com/docdvr/450410/43218028/1427597995.pdf	Grivory HT — Enhanced Performance at High Temperatures (EMS-GRIVORY brochure), Grivory HT2V 물성표	1	Grivory HT2V-45H (PPA/PA6T-66-GF45, EMS-Grivory)
2181	https://datasheets.tdx.henkel.com/LOCTITE-ABLESTIK-2025D-en_GL.pdf	Technical Data Sheet LOCTITE ABLESTIK 2025D, April-2014	1	Henkel LOCTITE ABLESTIK 2025D die attach adhesive
2182	https://datasheets.tdx.henkel.com/LOCTITE-ABLESTIK-ABP-2025DNP-en_GL.pdf	Technical Data Sheet LOCTITE ABLESTIK ABP 2025DNP, January 2025	1	Henkel LOCTITE ABLESTIK 2025D die attach adhesive
1757	http://www.cds-electronique.com/TDS/Namics%20Product%20Guides%20brochure%202015.pdf	NAMICS Product Guide brochure 2015 — CHIPCOAT Flip Chip Underfill (UF) 제품표, grade U8437-2	1	NAMICS CHIPCOAT die attach adhesive (DA series)
2198	https://www.inseto.co.uk/wp-content/uploads/2023/04/MP-TC2270-TDS.pdf	DELO MONOPOX TC2270 Technical Datasheet, as of 30.11.2022	1	DELO MONOPOX TC2270 thermally conductive die attach adhesive
2567	https://www.inseto.com/wp-content/uploads/2023/04/MP-TC2270-TDS.pdf	TECHNICAL DATASHEET DELO MONOPOX TC2270 (as of 30.11.2022)	1	DELO MONOPOX TC2270 thermally conductive die attach adhesive
2199	https://www.inseto.co.uk/wp-content/uploads/2023/04/MP-AC268-TDS.pdf	DELO MONOPOX AC268 Technical Datasheet, as of 26.03.2024	1	DELO MONOPOX anisotropic conductive die attach adhesive (AC series)
2200	https://www.inseto.co.uk/wp-content/uploads/2023/04/MP-AC6545-TDS.pdf	DELO MONOPOX AC6545 Technical Datasheet, as of 18.11.2022	1	DELO MONOPOX anisotropic conductive die attach adhesive (AC series)
3032	https://www.delo-adhesives.com/	DELO MONOPOX AC6568 Technical Datasheet (as of 07.11.2023)	1	DELO MONOPOX anisotropic conductive die attach adhesive (AC series)
2217	https://multimedia.3m.com/mws/media/2366536O/3m-vhb-tape-specialty-tape-4910.pdf	Technical Data Sheet 3M VHB Tape - Specialty Tape 4910 (English-US)	1	VHB Clear 1.0mm (3M 4910)
2274	https://doi.org/10.1016/j.jmps.2025.106346	Modeling finite viscoelasticity based on the Green-Naghdi kinematic assumption and generalized strains	1	VHB Clear 1.0mm (3M 4910)
2276	https://arxiv.org/abs/2508.14518	A framework for finite-strain viscoelasticity based on rheological representations	1	VHB Clear 1.0mm (3M 4910)
2288	https://pmc.ncbi.nlm.nih.gov/articles/PMC7077631/	Multi-Trigger Thermo-Electro-Mechanical Soft Actuators under Large Deformations	1	VHB Clear 1.0mm (3M 4910)
2759	https://res.mdpi.com/d_attachment/polymers/polymers-15-03561/article_deploy/polymers-15-03561.pdf	Simulation Analysis of Equibiaxial Tension Tests for Rubber-like Materials	1	VHB Clear 1.0mm (3M 4910)
2539	https://www.marianinc.com/wp-content/uploads/2019/03/2019-03-18-DataSheet-3MVHBTape4910.pdf	3M VHB Tape - Specialty Tape 4910, Technical Data Sheet (August 2018 revision)	1	VHB Clear 1.0mm (3M 4910)
2275	https://www.mdpi.com/2073-4360/13/13/2203	Viscoelasticity Modeling of Dielectric Elastomers by Kelvin Voigt-Generalized Maxwell Model	1	VHB Clear 1.0mm (3M 4910)
2301	https://doi.org/10.1016/j.commatsci.2012.02.027	Experimental study and numerical modelling of VHB 4910 polymer	1	VHB Clear 1.0mm (3M 4910)
2804	https://multimedia.3m.com/mws/media/2369649O/3m-vhb-tape-specialty-tape-4910-technical-data-sheet.pdf	3M VHB Tape — Specialty Tape 4910 Technical Data Sheet	1	VHB Clear 1.0mm (3M 4910)
2805	https://thetapelab.com/wp-content/uploads/datasheets/3M-4941.pdf	3M VHB Tape 4941 Technical Data Sheet (Aug 2018 revision)	1	VHB Gray 1.1mm (3M 4941)
2902	https://multimedia.3m.com/mws/media/2369604O/3m-vhb-tape-5952-technical-data-sheet.pdf	3M™ VHB™ Tape 5915 Technical Data Sheet (교차 대상: 3M™ VHB™ Tape 5952 TDS 및 3M™ VHB™ Tapes Technical Data)	3	VHB Black 0.4mm (3M 5915); VHB Black 0.6mm (3M 5925); VHB Black 1.0mm FR (3M 5958FR)
2808	https://multimedia.3m.com/mws/media/2369602O/3m-vhb-tape-5915-technical-data-sheet.pdf	3M VHB Tape 5915 Technical Data Sheet (CTE 칸이 5952를 지시) + 3M VHB Tape 5952 Technical Data Sheet (값 인쇄)	1	VHB Black 0.4mm (3M 5915)
2806	https://thetapelab.com/wp-content/uploads/datasheets/3M-4956.pdf	3M VHB Tape 4956 Technical Data Sheet (CTE 칸이 4941을 지시) + 3M VHB Tape 4941 Technical Data Sheet (값 인쇄)	1	VHB Gray 1.6mm (3M 4956)
2809	https://multimedia.3m.com/mws/media/2369603O/3m-vhb-tape-5925-technical-data-sheet.pdf	3M VHB Tape 5925 Technical Data Sheet (CTE 칸이 5952를 지시) + 3M VHB Tape 5952 Technical Data Sheet (값 인쇄)	1	VHB Black 0.6mm (3M 5925)
2807	https://multimedia.3m.com/mws/media/2369600O/3m-vhb-tape-4991-technical-data-sheet.pdf	3M VHB Tape 4991 Technical Data Sheet (CTE 칸이 4941을 지시) + 3M VHB Tape 4941 Technical Data Sheet (값 인쇄)	1	VHB Gray 2.3mm (3M 4991)
2810	https://multimedia.3m.com/mws/media/2369605O/3m-vhb-tape-5958fr-technical-data-sheet.pdf	3M VHB Tape 5958FR Technical Data Sheet (CTE 칸이 5952를 지시) + 3M VHB Tape 5952 Technical Data Sheet (값 인쇄)	1	VHB Black 1.0mm FR (3M 5958FR)
2219	https://www.tesa.com/en/files/download/9806599,14,tesa-acxplus-technical-information-sheet.pdf	tesa ACXplus Technical Information Sheet	5	tesa ACXplus 7054 (0.5mm transparent); tesa ACXplus 7074 (1.0mm black foamed); tesa ACXplus 7044 (1.0mm filled acrylic); tesa ACXplus 7063 (0.8mm black tackified)
2515	https://docs.rs-online.com/b099/A700000010038103.pdf	tesa ACXplus 7074 Product Information	1	tesa ACXplus 7074 (1.0mm black foamed)
2568	https://static.findtape.com/TDS/Tesa/Tesa-ACXplus-TDS.pdf	TECHNICAL INFORMATION AND DATA SHEET tesa ACXplus	2	tesa ACXplus 7074 (1.0mm black foamed); tesa ACXplus 7063 (0.8mm black tackified)
2614	https://multimedia.3m.com/mws/media/2366539O/3M-Extreme-Sealing-Tape-4412N.pdf?pif=003954	Technical Data Sheet — 3M Extreme Sealing Tape 4412N (and: 3M Extreme Sealing Tape 4411N / 4411G / 4411B / 4412N / 4412G Technical Data)	1	Extreme Sealing Tape 2.0mm (3M 4412N)
2220	https://tewipack.de/fileadmin/website/service/downloads/produktinfos/nitto/nitto-mounting-tapes-2025-en.pdf	Nitto Mounting Tapes 2025 (EN) product catalogue	3	Nitto No.500 double-coated tape 0.16mm; Nitto No.5015E double-coated tape 0.16mm; Nitto No.5050S double-coated tape 0.105mm
2221	https://www.lohmann-tapes.us/files_db/1642579726,921__6.pdf	Lohmann DuploCOLL 330 technical data sheet	1	Lohmann DuploCOLL 330 (perm/peel PET 0.16mm)
2362	https://www.lohmann-tapes.com/en/products/duplocoll-330/	Lohmann DuploCOLL 330 technical data sheet	1	Lohmann DuploCOLL 330 (perm/peel PET 0.16mm)
2222	https://www.lohmann-tapes.us/files_db/1604563302,9683__6.pdf	Lohmann DuploCOLL 365.2 (Art. No. 11 00 23) technical data sheet	1	Lohmann DuploCOLL 365.2 (pure acrylic PET 0.54mm)
2363	https://www.lohmann-tapes.com/en/products/duplocoll-365-2/	Lohmann DuploCOLL 365.2 technical data sheet	1	Lohmann DuploCOLL 365.2 (pure acrylic PET 0.54mm)
2223	https://tapes.averydennison.com/content/dam/averydennison/pt/na/en/Literature/Product%20Information/TDS/AFT-CLEAR-1000-TDS-ADPT.pdf	Avery Dennison AFT CLEAR 1000 Technical Data Sheet	1	Avery Dennison AFT Clear 1000 (1mm acrylic foam adhesive)
2346	https://tapes.averydennison.com/content/dam/averydennison/pt/na/en/Literature/Brochures/AFB-Selection-Guide-BRCH-ADPT.pdf	AFB Acrylic Foam Bond – Product Selection Guide	1	Avery Dennison AFT Clear 1000 (1mm acrylic foam adhesive)
2453	https://tapes.averydennison.com/content/dam/averydennison/pt/products/tds/FT-F2001-MAT-datasheet.pdf	FT F2001 MAT Technical Data Sheet	1	Avery Dennison FT F2001 MAT (43um acrylic transfer)
2224	https://tapes.averydennison.com/content/dam/averydennison/pt/na/en/Literature/Product%20Information/TDS/FT-F2001-MAT-TDS-ADPT.pdf	Avery Dennison FT F2001 MAT Technical Data Sheet	1	Avery Dennison FT F2001 MAT (43um acrylic transfer)
2225	https://tapes.averydennison.com/content/dam/averydennison/pt/na/en/Literature/Product%20Information/TDS/FT-T4040-NBP-TDS-ADPT.pdf	Avery Dennison FT T4040 NBP Technical Data Sheet	1	Avery Dennison FT T4040 NBP (90um double-sided PET)
2349	https://tapes.averydennison.com/content/dam/averydennison/pt/products/tds/FT-F2070-datasheet.pdf	Technical Data Sheet Avery Dennison FT F2070	1	Avery Dennison FT F2070 (45um acrylic transfer)
2226	https://tapes.averydennison.com/content/dam/averydennison/pt/na/en/Literature/Product%20Information/TDS/FT-F2070-TDS-ADPT.pdf	Avery Dennison FT F2070 Technical Data Sheet	1	Avery Dennison FT F2070 (45um acrylic transfer)
2227	https://tapes.averydennison.com/content/dam/averydennison/pt/na/en/Literature/Product%20Information/TDS/FT-B2183-TDS-ADPT.pdf	Avery Dennison FT B2183 Technical Data Sheet	1	Avery Dennison FT B2183 (60um double-sided PET)
2228	https://tapes.averydennison.com/content/dam/averydennison/pt/na/en/Literature/Product%20Information/TDS/OF-2429-TDS-ADPT.pdf	Avery Dennison OF 2429 Technical Data Sheet	1	Avery Dennison OF 2429 (134um heat-sensitive LDPE film tape)
2350	https://tapes.averydennison.com/content/dam/averydennison/pt/products/tds/OF-2429-datasheet.pdf	Technical Data Sheet Avery Dennison OF 2429	1	Avery Dennison OF 2429 (134um heat-sensitive LDPE film tape)
2998	https://www.ebi.ac.uk/europepmc/webservices/rest/PMC6432432/fullTextXML	Static and Dynamic Properties of Semi-Crystalline Polyethylene	1	Avery Dennison OF 2429 (134um heat-sensitive LDPE film tape)
2229	https://tapes.averydennison.com/content/dam/averydennison/pt/na/en/Literature/Product%20Information/TDS/FM-M2750-TDS-ADPT.pdf	Avery Dennison FM M2750 Technical Data Sheet	1	Avery Dennison FM M2750 (1.1mm PE foam double-sided)
2798	https://www.makeitfrom.com/material-properties/Low-Density-Polyethylene-LDPE	MakeItFrom: Low Density Polyethylene (LDPE) — material properties	6	Avery Dennison FM M2750 (1.1mm PE foam double-sided); Avery Dennison FM M1712 (2.1mm PE foam double-sided); Avery Dennison FM M1711 (1.7mm PE foam double-sided); EPE EPE29 expanded polyethylene foam (29 kg/m3)
2230	https://www.tangentsa.com/wp-content/uploads/2023/09/FM-M1712-TDS-ADPT.pdf	Avery Dennison FM M1712 Technical Data Sheet	1	Avery Dennison FM M1712 (2.1mm PE foam double-sided)
2348	https://tapes.averydennison.com/content/dam/averydennison/pt/products/tds/FM-M1712-datasheet.pdf	Technical Data Sheet Avery Dennison FM M1712	1	Avery Dennison FM M1712 (2.1mm PE foam double-sided)
2328	https://www.3m.com/electronics	3M Thermally Conductive Adhesive Transfer Tapes 8805 - 8810 - 8815 - 8820, Technical Data Sheet	3	3M Thermally Conductive Adhesive Transfer Tape 8805 (0.125mm); 3M Thermally Conductive Adhesive Transfer Tape 8815 (0.375mm); 3M Thermally Conductive Adhesive Transfer Tape 8820 (0.50mm)
2743	https://cdn-shop.adafruit.com/datasheets/3m8810.PDF	3M™ Thermally Conductive Adhesive Transfer Tapes 8805 • 8810 • 8815 • 8820 — Technical Data (이전 개정판)	1	3M Thermally Conductive Adhesive Transfer Tape 8815 (0.375mm)
2351	https://tapes.averydennison.com/content/dam/averydennison/pt/products/tds/XD-3827-datasheet.pdf	Technical Data Sheet Avery Dennison XD 3827	1	Avery Dennison XD 3827 (94um double-sided tape)
2231	https://tapes.averydennison.com/content/dam/averydennison/pt/na/en/Literature/Product%20Information/TDS/XD-3827-TDS-ADPT.pdf	Avery Dennison XD 3827 Technical Data Sheet	1	Avery Dennison XD 3827 (94um double-sided tape)
2232	https://tapes.averydennison.com/content/dam/averydennison/pt/products/tds/FT-T4020T-datasheet.pdf	Avery Dennison FT T4020T Technical Data Sheet	1	Avery Dennison FT T4020T (90um double-sided PET)
2233	https://tapes.averydennison.com/content/dam/averydennison/pt/products/tds/FT-2018-datasheet.pdf	Avery Dennison FT 2018 Technical Data Sheet (2020)	1	Avery Dennison FT 2018 (0.147mm modified acrylic transfer tape)
2234	https://devtec.co.il/wp-content/uploads/2016/09/TDS_Lohmann918_devtec.pdf	Lohmann DuploCOLL 918 technical data sheet	1	Lohmann DuploCOLL 918 (1.15mm pure acrylic)
2366	https://www.lohmann-tapes.com/en/products/duplocoll-918/	Lohmann DuploCOLL 918 technical data sheet	1	Lohmann DuploCOLL 918 (1.15mm pure acrylic)
2235	https://www.lohmann-tapes.in.th/files_db/1563793322,0065__6.pdf	Lohmann DuploCOLL 9042 technical data sheet	1	Lohmann DuploCOLL 9042 (0.76mm pure acrylic)
2365	https://www.lohmann-tapes.com/en/products/duplocoll-9042/	Lohmann DuploCOLL 9042 technical data sheet	1	Lohmann DuploCOLL 9042 (0.76mm pure acrylic)
2236	http://www.himtehprom.com.ua/upload/file/duplocoll_200.pdf	Lohmann DuploCOLL 200 technical data sheet	1	Lohmann DuploCOLL 200 (0.23mm dispersion acrylic)
2360	https://www.lohmann-tapes.com/en/products/duplocoll-200/	Lohmann DuploCOLL 200 technical data sheet	1	Lohmann DuploCOLL 200 (0.23mm dispersion acrylic)
2237	https://klebex.eu/wp-content/uploads/2023/03/DuploCOLL-56003.pdf	Lohmann DuploCOLL 56003 technical data sheet	1	Lohmann DuploCOLL 56003 (2.10mm pure acrylic)
2364	https://www.lohmann-tapes.com/en/products/duplocoll-56003/	Lohmann DuploCOLL 56003 technical data sheet	1	Lohmann DuploCOLL 56003 (2.10mm pure acrylic)
2238	https://georgmartin.com/wp-content/uploads/2022/02/Duplocoll-VP-6504-engl..pdf	Lohmann DuploCOLL VP 6504 (Art. No. 11 741 C 03) technical data sheet	1	Lohmann DuploCOLL VP 6504 (0.15mm thin film tape)
2367	https://www.lohmann-tapes.com/en/products/duplocoll-vp-6504/	Lohmann DuploCOLL VP 6504 technical data sheet	1	Lohmann DuploCOLL VP 6504 (0.15mm thin film tape)
27	https://multimedia.3m.com/mws/media/2279069O/repositionable-tapes-665-666-9415pc-9416-9425-9425ht-9449s-data-sheet.pdf	3M Repositionable Tapes 665/666/9415PC/9416/9425/9425HT/9449S Technical Data	2	3M Repositionable Tape 9415PC (0.05mm); 3M Repositionable Tape 9425HT (0.13mm)
2239	https://multimedia.3m.com/mws/media/106631O/3m-tm-8403-polyester-tape.pdf	3M Polyester Tape 8402 / 8403 Technical Data (January 2017)	1	3M Polyester Tape 8402 (0.05mm silicone adhesive)
2410	https://multimedia.3m.com/mws/media/2366163O/3m-polyester-tape-8402.pdf	Technical Data Sheet 3M(TM) Polyester Tape 8402 (English-US, last revision September 2024)	1	3M Polyester Tape 8402 (0.05mm silicone adhesive)
2242	https://docs.rs-online.com/45ab/A700000009020111.pdf	tesa 4965 Original Product Information (as of 07/03/22)	1	tesa 4965 Original (0.205mm double-sided PET)
2243	https://www.itape.com/wp-content/uploads/2023/01/DCT_AC778_TDS.pdf	Intertape Polymer Group AC778 Technical Data Sheet	1	Intertape AC778 (0.056mm metalized BOPP splicing tape)
2244	https://www.lohmann-tapes.us/files_db/1427099617_82__7.pdf	Lohmann DuploCOLL 286 EC (Art. No. 11 10 86) technical data sheet	1	Lohmann DuploCOLL 286 EC (0.26mm conductive double-sided)
2361	https://www.lohmann-tapes.com/en/products/duplocoll-286-ec/	Lohmann DuploCOLL 286 EC technical data sheet	1	Lohmann DuploCOLL 286 EC (0.26mm conductive double-sided)
2245	https://flexografica.com/wp-content/uploads/2024/05/Lohmann-DuploCOLL-2501.pdf	Lohmann DuploCOLL 2501 technical data sheet	1	Lohmann DuploCOLL 2501 (0.12mm rubber double-coated film)
2368	https://www.lohmann-tapes.com/en/products/duplocoll-2501/	Lohmann DuploCOLL 2501 technical data sheet	1	Lohmann DuploCOLL 2501 (0.12mm rubber double-coated film)
2246	https://tapes.averydennison.com/content/dam/averydennison/pt/na/en/Literature/Product%20Information/FT%20B/FT-B-TDS-ADPT.pdf	Avery Dennison FT B Technical Data Sheet	1	Avery Dennison FT B (0.21mm double coated tape)
2247	https://tapes.averydennison.com/content/dam/averydennison/pt/na/en/Literature/Product%20Information/FT%20D/FT-D-TDS-ADPT.pdf	Avery Dennison FT D Technical Data Sheet	1	Avery Dennison FT D (0.23mm double coated tape)
2248	https://tapes.averydennison.com/content/dam/averydennison/pt/na/en/Literature/Product%20Information/TDS/FM-M1711-TDS-ADPT.pdf	Avery Dennison FM M1711 Technical Data Sheet	1	Avery Dennison FM M1711 (1.7mm PE foam double-sided)
2347	https://tapes.averydennison.com/content/dam/averydennison/pt/products/tds/FM-M1711-datasheet.pdf	Technical Data Sheet Avery Dennison FM M1711	1	Avery Dennison FM M1711 (1.7mm PE foam double-sided)
2250	https://threebond.com/wp-content/uploads/2019/01/ThreeBond-3062U-uv-curing-resin.pdf	ThreeBond 3062U UV-curing Resin, Technical Data ED2009063, Mar. 3 2009	1	ThreeBond TB3062U UV-curing acrylate resin
2761	https://threebond.com/download/threebond-3062U-uv-curing-resin	ThreeBond 3062U UV-curing Resin Technical Data (Mar. 3, 2009, ED2009063) — '5. Characteristics of cured resin' table	1	ThreeBond TB3062U UV-curing acrylate resin
2905	https://www.syneo-solutions.com/wp-content/uploads/2018/08/DELO-KATIOBOND_4670_TIDB-GB.pdf	DELO KATIOBOND 4670 Technical Information	1	DELO KATIOBOND 4670
2251	https://www.inseto.com/wp-content/uploads/2023/04/KB-4670-TDS.pdf	TECHNICAL DATASHEET DELO KATIOBOND 4670, as of 31.07.2024	1	DELO KATIOBOND 4670
2903	https://www.syneo-solutions.com/wp-content/uploads/2018/08/DELO-KATIOBOND_4552_TIDB-GB.pdf	DELO KATIOBOND 4552 Technical Information (Revision 57, 12.17)	1	DELO KATIOBOND 4552
2252	https://www.inseto.com/wp-content/uploads/2023/04/KB-4552-TDS.pdf	TECHNICAL DATASHEET DELO KATIOBOND 4552, as of 07.03.2023	1	DELO KATIOBOND 4552
2253	https://norlandproducts.com/wp-content/uploads/2025/02/Norland-Products-NOA-61-TDS.pdf	Norland Optical Adhesive 61 Technical Data Sheet, REV. 0	1	Norland Optical Adhesive 61 (NOA 61)
2717	https://www.osti.gov/servlets/purl/1513839	Design Guidelines for Predicting Stress in Cemented Doublets (SPIE / OSTI 1513839), Sec. 6.3.1 Static stress	1	Norland Optical Adhesive 61 (NOA 61)
2254	https://norlandproducts.com/wp-content/uploads/2025/02/NOA-65-TDS.pdf	Norland Optical Adhesive 65 Technical Data Sheet, REV. 0	1	Norland Optical Adhesive 65 (NOA 65)
2255	https://www.adhesivesresearch.com/wp-content/uploads/2024/05/ARclear%C2%AE-8932EE-Product-Information-Sheet.pdf	Product Information Sheet ARclear 8932EE optically clear silicone adhesive transfer tape	1	ARclear 8932EE optically clear silicone adhesive transfer tape
2256	https://www.adhesivesresearch.com/wp-content/uploads/2024/05/ARclear%C2%AE-42010-Product-Information-Sheet.pdf	Product Information Sheet ARclear 42010 optically clear silicone adhesive transfer tape	1	ARclear 42010 optically clear silicone adhesive transfer tape
2257	https://www.adhesivesresearch.com/wp-content/uploads/2024/05/ARclear%C2%AE-43080-Product-Information-Sheet.pdf	Product Information Sheet ARclear 43080 optically clear high-peel silicone adhesive transfer tape	1	ARclear 43080 optically clear high-peel silicone adhesive transfer tape
2258	https://www.adhesivesresearch.com/wp-content/uploads/2021/01/ARclear%C2%AE-93495-Product-Information-Sheet.pdf	Product Information Sheet ARclear 93495 optically clear silicone adhesive transfer tape	1	ARclear 93495 optically clear silicone adhesive transfer tape
1999	https://focenter.com/media/wysiwyg/documents/AngstromBond---Fiber-Optic-Center-Dymax-OP-29-UV-Optical-Adhesive-(3ml)-Fiber-Optic-Center.pdf	OP-29 Multi-Purpose, Light-Curable Optical Adhesive — OP-29 Product Data Sheet (Dymax)	1	Dymax OP-29 light-curable optical adhesive
2270	https://tapes.averydennison.com/content/dam/averydennison/pt/products/tds/FT-2162-datasheet.pdf	Avery Dennison FT 2162 and FT 167 Technical Data Sheets	1	Avery Dennison FT Series Rubber Adhesive Transfer Tape
3106	https://repository.library.brown.edu/storage/bdr:n58ashmz/PDF/	Large-deformation, viscoelastic constitutive modeling of elastomeric foams (Ph.D. thesis, Xiuqi Li, Brown University, bdr:n58ashmz)	1	PORON XRD LD (open-cell PU foam, 195 kg/m3)
2277	https://pmc.ncbi.nlm.nih.gov/articles/PMC13284314/	A unified viscoelastic-viscoplastic constitutive framework for optically clear adhesives: Experiments, modeling, and FE validation	1	OCA acrylic (foldable OLED) - Microsyst Nanoeng 2026 characterization
102	https://multimedia.3m.com/mws/media/1793258O/optically-clear-adhesives-for-foldable-oled-displays-whitepaper.pdf	Optically clear adhesives for foldable OLED displays (3M whitepaper)	1	OCA acrylic (foldable OLED) - Microsyst Nanoeng 2026 characterization
2278	https://pmc.ncbi.nlm.nih.gov/articles/PMC11398114/	Study on the Cushioning Performance of Expanded Polyethylene Foam	3	EPE EPE29 expanded polyethylene foam (29 kg/m3); EPE EPE36 expanded polyethylene foam (36 kg/m3); EPE EPE58 expanded polyethylene foam (58 kg/m3)
2825	https://web.archive.org/web/20111112113449if_/http://www.qualityfoam.com/docs/155_LD29.pdf	Zotefoams Plastazote LD29 Low Density Polyethylene Foam — Property Data Sheet, January 2004	1	EPE EPE29 expanded polyethylene foam (29 kg/m3)
2826	https://arplankdirect.com/wp-content/uploads/2025/12/PhysicalPropertyInformation_EPEproducts_ARPLANK_AUG2024.pdf	JSP — Material Physical Property Information for ARPLANK Products: ARPAK Expanded Polyethylene (EPE), 20 to 74 g/l, ver. 8/24	1	EPE EPE36 expanded polyethylene foam (36 kg/m3)
2279	https://www.mdpi.com/1996-1944/18/15/3526	Characterization and Finite Element Modelling of Flexible Polyurethane Foam	1	Flexible polyurethane seat foam (65 kg/m3, open cell)
2827	https://materials.fsri.org/materialdetail/overstuffed-chair-polyurethane-foam	UL FSRI Materials and Products Database — Overstuffed Chair Polyurethane Foam (heat flow meter, ASTM C518)	1	Flexible polyurethane seat foam (65 kg/m3, open cell)
2280	https://pmc.ncbi.nlm.nih.gov/articles/PMC9920046/	Compressive Response and Constitutive Model of Polyurethane Microcellular Elastomer	1	Polyurethane microcellular elastomer PUME (600 kg/m3)
2996	https://www.ebi.ac.uk/europepmc/webservices/rest/PMC11548374/fullTextXML	Dynamic Mechanical Properties and Constitutive Modeling of Polyurethane Microporous Elastomers	1	Polyurethane microcellular elastomer PUME (600 kg/m3)
2281	https://pmc.ncbi.nlm.nih.gov/articles/PMC10112387/	Elastomeric Polyurea Foams with Tailored Density Gradients for Impact Protection	2	D3O impact protection foam (397 kg/m3); Elastomeric polyurea foam, mono-density (255 kg/m3)
2282	https://pmc.ncbi.nlm.nih.gov/articles/PMC11398033/	Identification of Hyperelastic Material Parameters of a Rubber Bumper	1	NR/SBR blend rubber bumper (77 Shore A)
2283	https://doi.org/10.3390/ma12071019	Finite Element Model Updating Combined with Multi-Response Optimization for Hyper-Elastic Materials Characterization	4	NBR nitrile rubber (Íñiguez-Macedo et al. 2019 inverse-analysis characterization); PUR polyurethane rubber (Íñiguez-Macedo et al. 2019 inverse-analysis characterization); EVA ethylene-vinyl acetate elastomer (Íñiguez-Macedo et al. 2019 inverse-analysis characterization); SBR styrene-butadiene rubber (Íñiguez-Macedo et al. 2019 inverse-analysis characterization)
2768	https://res.mdpi.com/d_attachment/polymers/polymers-12-02327/article_deploy/polymers-12-02327.pdf	Reliability-Based Evaluation of the Suitability of Polymers for Additive Manufacturing Intended to Injection Molding — Table 4 'Analysis of parameters related to materials processability [48,56-67]'	2	NBR nitrile rubber (Íñiguez-Macedo et al. 2019 inverse-analysis characterization); PUR polyurethane rubber (Íñiguez-Macedo et al. 2019 inverse-analysis characterization)
2799	https://www.makeitfrom.com/material-properties/Ethylene-Vinyl-Acetate-EVA	MakeItFrom: Ethylene-Vinyl Acetate (EVA) — material properties	1	EVA ethylene-vinyl acetate elastomer (Íñiguez-Macedo et al. 2019 inverse-analysis characterization)
2895	https://www.azom.com/properties.aspx?ArticleID=1844	Properties: Emulsion Polymerised Styrene Butadiene Rubber (E-SBR) — AZoM materials property table (data from Granta Design Limited)	1	SBR styrene-butadiene rubber (Íñiguez-Macedo et al. 2019 inverse-analysis characterization)
2284	https://pmc.ncbi.nlm.nih.gov/articles/PMC12693752/	Hyperelastic and Viscoelastic Characterization of Carbon-Black-Filled Natural Rubber	2	Carbon-black-filled natural rubber NR50 (50 Shore A); Carbon-black-filled natural rubber NR60 (60 Shore A)
2285	https://pmc.ncbi.nlm.nih.gov/articles/PMC12431286/	Design-Oriented Degradation Mapping and Hyperelastic Model-Switch Guidelines for Nitrile-Butadiene Rubber Seals	1	NBR seal rubber (accelerated thermal aging series)
2570	https://www.qptechnologies.com/wp-content/uploads/2024/01/TDS-Sumitomo-EME-G770H-Type-D.pdf	SUMIKON EME-G770H Type D — Typical Properties (Document No. 071896, rev. Nov. 2005)	1	Epoxy molding compound EMC (fan-out WLP, DMA Prony characterization)
2353	https://www.mdpi.com/1996-1944/16/9/3482	Exploring the Influence of Material Properties of Epoxy Molding Compound on Wafer Warpage in Fan-Out Wafer-Level Packaging	1	Epoxy molding compound EMC (fan-out WLP, DMA Prony characterization)
2286	https://pmc.ncbi.nlm.nih.gov/articles/PMC8911451/	Warpage Simulation of Fan-Out Wafer-Level Package Considering Viscoelastic Behavior of Epoxy Molding Compound	1	Epoxy molding compound EMC (fan-out WLP, DMA Prony characterization)
3029	https://www.namics.co.jp/english/products/semicon/	NAMICS Die Attach Materials product guide (DA8481-8 non-conductive epoxy die attach)	1	Epoxy die attach adhesive (MEMS accelerometer, viscoelastic characterization)
2287	https://pmc.ncbi.nlm.nih.gov/articles/PMC5615731/	Thermal Stress Analysis of a MEMS Capacitive Accelerometer Considering Viscoelastic Die Attach Adhesive	1	Epoxy die attach adhesive (MEMS accelerometer, viscoelastic characterization)
2299	https://pstc.org/wp-content/uploads/2022/05/TsaurAllen.pdf	Peel Adhesion as a Function of Peel Angle, Peel Rate, and Peel Temperature (PSTC TECH 34)	1	PSA Rubber Hot-Melt (SIS/C5 tackifier, 20um on 50um PET)
2352	https://kraton.com/wp-content/uploads/2024/10/polymer-product-guide-kraton-24-09-al-web.pdf	Kraton Polymer Product Guide (2024) - Kraton D (SIS) grade tables, 'Specific Gravity' row	1	PSA Rubber Hot-Melt (SIS/C5 tackifier, 20um on 50um PET)
2787	https://www.arnoldmagnetics.com/wp-content/uploads/2026/06/Recoma-Combined-160301-Updated-June-9-.pdf	Recoma Sintered Samarium Cobalt Magnets catalog - Recoma 20 (Sintered SmCo5) page	2	Recoma 28 Sintered SmCo Magnet (Sm2Co17); Recoma 20 Sintered SmCo Magnet (SmCo5)
2369	https://www.arnoldmagnetics.com/wp-content/uploads/2017/10/Recoma-Combined-160301.pdf	Recoma Sintered Samarium Cobalt Magnets - Combined Datasheets (Rev. 160301)	2	Recoma 28 Sintered SmCo Magnet (Sm2Co17); Recoma 20 Sintered SmCo Magnet (SmCo5)
2993	https://www.arnoldmagnetics.com/wp-content/uploads/2017/10/Cast-Alnico-Permanent-Magnet-Brochure-101117.pdf	Cast Alnico Permanent Magnets — Arnold Magnetic Technologies, p.6.5 Alnico 5, 5cc, 6 & ArKomax 800	1	Alnico 5 Cast Magnet (LNG40)
2370	https://www.alnicomagnets.de/CY-Mag-Alnico.pdf	ChenYang Alnico Magnets - Aluminium-Nickel-Cobalt Magnets (2021 catalogue)	1	Alnico 5 Cast Magnet (LNG40)
2543	https://www.arnoldmagnetics.com/wp-content/uploads/2017/10/Cast-Alnico-Permanent-Magnet-Brochure-101117-1.pdf	Cast ALNICO Permanent Magnets — Alnico 5, 5cc, 6 & ArKomax 800: Magnetic and Physical Properties (Typical Values), p.6.5	1	Alnico 5 Cast Magnet (LNG40)
2745	https://www.eclipsemagnetics.com/site/assets/files/22210/eclipsemagnetics_alnico_data_sheet.pdf	Technical Data Sheet — Alnico Magnets (Anisotropic Cast Alnico, Physical Characteristics (Typical))	1	Alnico 5 Cast Magnet (LNG40)
2824	https://ucpcdn.thyssenkrupp.com/_binary/UCPthyssenkruppBAMXSchulteMicrositeMagnettechnik/de/downloads/link-thyssenkruppMagnettechnik-Produktinfo-AINiCo-Magnete.pdf	thyssenkrupp Materials Services — AlNiCo-Magnete Produktinformation, p.4 'Physikalische Eigenschaften'	1	Alnico 5 Cast Magnet (LNG40)
2371	https://www.eclipsemagnetics.com/site/assets/files/19602/ferrite_ceramic_datasheet.pdf	Ferrite Magnets/Ceramic Magnets Datasheet	2	Hard Ferrite Magnet Y30 (Sr Ferrite); Hard Ferrite Magnet Y35 (Sr Ferrite)
2954	https://srdata.nist.gov/CeramicDataPortal/Tough/Ftsrfe	NIST Ceramics Data Portal - Fracture Toughness: Strontium Ferrite (SrO-6Fe2O3)	2	Hard Ferrite Magnet Y30 (Sr Ferrite); Hard Ferrite Magnet Y35 (Sr Ferrite)
2564	https://ucpcdn.thyssenkrupp.com/_binary/UCPthyssenkruppBAMXSchulteMicrositeMagnettechnik/en/downloads/link-thyssenkruppMagnettechnik-Factsheet-ferrite-magnets.pdf	Hard ferrite magnets — Product information (Physical properties table)	2	Hard Ferrite Magnet Y30 (Sr Ferrite); Hard Ferrite Magnet Y35 (Sr Ferrite)
2372	https://osscs.industrystock.com/398973/2605-SA1--techn--bulletin.pdf	Metglas Magnetic Alloy 2605SA1 (iron-based) Technical Bulletin	1	METGLAS 2605SA1 Amorphous Alloy (Fe-based)
2786	https://metglas.com/wp-content/uploads/2016/12/2605SA1-Magnetic-Alloy.pdf	Metglas Amorphous Alloys for Transformer Cores (2605SA1 / 2605HB1M) Technical Bulletin	1	METGLAS 2605SA1 Amorphous Alloy (Fe-based)
2812	https://metglas.com/frequently-asked-questions/	Metglas Frequently Asked Questions (Q22, Q28)	1	METGLAS 2605SA1 Amorphous Alloy (Fe-based)
2373	https://vacuumschmelze.com/03_Documents/Brochures/Datasheet%20%20VACOFLUX%2050.pdf	Datasheet VACOFLUX 50 (July 2022)	1	VACOFLUX 50 (49Co-49Fe-2V Soft Magnetic Alloy)
2744	https://vacuumschmelze.com/03_Documents/Brochures/Product%20Information%20Cobalt-Iron%20Alloys.pdf	Soft Magnetic Cobalt-Iron Alloys VACOFLUX and VACODUR — Physical properties after magnetic annealing	1	VACOFLUX 50 (49Co-49Fe-2V Soft Magnetic Alloy)
2548	https://vacuumschmelze.com/03_Documents/Brochures/Datasheet%20MUMETALL%20Strip.pdf	MUMETALL Strip Datasheet	1	MUMETALL (Ni-Fe Soft Magnetic Alloy, VAC)
2374	https://vacuumschmelze.com/03_Documents/Brochures/Datasheet%20%20MUMETALL.pdf	Datasheet MUMETALL (77-80 wt% Ni nickel-iron alloys)	1	MUMETALL (Ni-Fe Soft Magnetic Alloy, VAC)
2542	https://vacuumschmelze.com/03_Documents/Brochures/Datasheet%20MUMETALL%20Solid.pdf	MUMETALL Solid Datasheet — Advanced Magnetic Solutions	1	MUMETALL (Ni-Fe Soft Magnetic Alloy, VAC)
3015	http://web.archive.org/web/20221130154323id_/https://www.corning.com/microsites/csm/gorillaglass/PI_Sheets/Gorilla_Glass_Victus_2_PI_Sheet.pdf	Corning® Gorilla® Glass Victus® 2 — Product Information Sheet (Electrical section)	1	Corning Gorilla Glass 2
2794	http://hdl.handle.net/1853/5095	Physics Based Reliability Assessment of Embedded Passives	2	DynaVia 2000 (Shipley, photo-definable buildup dielectric dry film); ViaLux 81 (DuPont, photodielectric dry film used as PCB soldermask)
2840	https://hdl.handle.net/1853/11659	R. C. Dunne, S. K. Sitaraman, S. Luo, C. P. Wong, W. E. Estes, M. Periyasamy, J. Coburn, "Thermal and Mechanical Characterization of ViaLux(TM) 81: A Novel Epoxy Photo-Dielectric Dry Film (PDDF) for Microvia Applications", IEEE Transactions on Components and Packaging Technologies, Vol. 24, No. 3, pp. 436-444, September 2001	1	ViaLux 81 (DuPont, photodielectric dry film used as PCB soldermask)
2795	https://www.mdpi.com/2073-4360/17/3/385	Potential Impact Protection of Polymer Matrix Composite Panels Using Polyurea Coatings	1	Polyurea elastomer, solid (Versalink P-1000 : Isonate 143L = 4:1 by weight)
2796	https://www.mdpi.com/2079-6412/12/12/1976	Viscoelastic Simulation of Stress and Warpage for Memory Chip 3D-Stacked Package	1	Epoxy molding compound CEL-9240HF (Hitachi Chemical, 3D-stacked memory package encapsulant)
2841	https://www.renesas.com/en/document/msd/cel-9240hf10	Material Safety Data Sheet - Epoxy Molding Compound CEL-9240HF series, Hitachi Chemical Co., Ltd., Shimodate Works (Minamiyuki), document YSO-31169-03, issue date 6 Aug 2003, revised 16 Mar 2009	1	Epoxy molding compound CEL-9240HF (Hitachi Chemical, 3D-stacked memory package encapsulant)
2835	https://www.osti.gov/servlets/purl/1213488	Materials Analysis and Modeling of Underfill Materials — N. B. Wyatt and R. S. Chambers, SAND2015-7070, Sandia National Laboratories, August 2015	1	Underfill epoxy EPON 828 / Jeffamine D230 + 30 vol% Almatis A20 SG alumina (Sandia National Laboratories formulation, PBGA underfill)
2836	https://repository.gatech.edu/server/api/core/bitstreams/d378984a-1232-4800-9d74-95ce185f5200/content	Experimental and Theoretical Assessment of Through-Silicon Vias for 3D Integrated Microelectronic Packages — Xi Liu, PhD dissertation, Georgia Institute of Technology, 2013 (handle 1853/50249)	1	Organic flip-chip package substrate laminate, core + build-up layers (Liu 2013 Georgia Tech TSV dissertation, DMA Prony characterization)
2837	https://www.jstage.jst.go.jp/article/jspmee/7/4/7_146/_pdf	Evaluation of the Delimitation of Molding Resin in a Power Module under Thermal Cycle Test — S. Kawashita, Y. Nanazoshi, T. Ikeda, M. Koganemaru, H. Hokazono, T. Asai, Journal of Smart Processing 7(4), 146-153, 2018	1	Epoxy molding resin for power module encapsulation (Kawashita et al. 2018, J. Smart Processing test power module, DMA Prony characterization)
2839	https://www.ncbi.nlm.nih.gov/pmc/articles/PMC11013115/	Characterization of Potting Epoxy Resins Performance Parameters Based on a Viscoelastic Constitutive Model, Polymers 16(7), 930, 2024	1	E-44 (WSR6101) bisphenol-A epoxy potting resin, Jeffamine D230/D400 cured (electronic potting and encapsulation compound)
2842	https://arxiv.org/abs/2305.17810	Computational modeling of viscoelastic backsheet materials for photovoltaics	3	Reflexolar OSBS PV backsheet film (white PP/polyamide/clear polyester, 320 um); Madico TPE-HD PV backsheet film (white PVF/clear polyester/EVA, 285 um); Medico Reflekt LEAN PV backsheet film (fluoropolymer/polyester/polyolefine, 269 um)
2843	https://www.jstage.jst.go.jp/article/jiep1998/7/1/7_1_54/_pdf	Thermo-Viscoelastic Analysis for Warpage of Ball Grid Array Packages Taking into Consideration of Chemical Shrinkage of Molding Compound	3	Epoxy molding compound EMC1 (Tg 115 C, Nitto Denko, BGA warpage study); Epoxy molding compound EMC2 (Tg 135 C, Nitto Denko, BGA warpage study); Epoxy molding compound EMC3 (Tg 170 C, Nitto Denko, BGA warpage study)
2847	https://www.ebi.ac.uk/europepmc/webservices/rest/PMC12693044/fullTextXML	Transport of Carbon Dioxide, Methane, Oxygen and Nitrogen in a Glassy Polyimide Membrane	1	Polyimide gas separation membrane (UBE UMS-A2 module, modified polyimide hollow fiber)
2848	https://www.ebi.ac.uk/europepmc/webservices/rest/PMC11907296/fullTextXML	Ludacka et al., Luminescent Oxygen Sensor with Self-Sterilization Properties Based on Platinum(II)octaethylporphyrin in Polymeric Nanofibers, ACS Materials Au 5 (2025), Table 2	1	PtOEP red phosphorescent dopant (platinum(II) octaethylporphyrin)
2849	https://www.ebi.ac.uk/europepmc/webservices/rest/PMC8336439/fullTextXML	Wu et al., Phosphorescent [3+2+1] coordinated Ir(iii) cyano complexes for achieving efficient phosphors and their application in OLED devices, Chem. Sci. 12 (2021), Table 1 (column 'Emission / Fluid: lambda_max/nm (Phi; tau/us)')	5	FIrpic blue phosphorescent dopant (bis[2-(4,6-difluorophenyl)pyridinato-C2,N](picolinato)iridium(III)); Ir(ppy)2(acac) green phosphorescent dopant (bis(2-phenylpyridine)(acetylacetonate)iridium(III)); Ir [3+2+1] piq-CN red phosphor (bis-NHC pincer / 1-phenylisoquinoline / cyanide, 568 nm); Ir [3+2+1] piq-Br red phosphor (bis-NHC pincer / 1-phenylisoquinoline / bromide, 581 nm)
2850	https://www.ebi.ac.uk/europepmc/webservices/rest/PMC8587708/fullTextXML	Bochkarev et al., Red Light-Emitting Water-Soluble Luminescent Iridium-Containing Polynorbornenes, Molecules 26 (2021) 6349, Tables 1 and 2	2	Ir-containing polynorbornene P1 red phosphor (water-soluble, 618 nm emission); Ir-containing polynorbornene P3 red phosphor (water-soluble, 618 nm emission)
2851	https://www.ebi.ac.uk/europepmc/webservices/rest/PMC9350586/fullTextXML	Wu, Sutton, Halamicek, Xing, Bao, Teets, Cyclometalated iridium-coumarin ratiometric oxygen sensors: improved signal resolution and tunable dynamic ranges, Chem. Sci. 13 (2022); Fig. 3 caption ('All data were recorded in CH2Cl2 at 293 K') and Stern-Volmer text	6	Ir(pphen)2-coumarin dyad 3c deep-red phosphor (cyclometalated Ir(III) 3MLCT O2 sensor, 650 nm); Ir(F2ppy)2-coumarin dyad 3a phosphor (coumarin-centred 3IL emission, hypoxic O2 sensor); Ir(F2ppy)2-bis(coumarin) dyad 5a phosphor (coumarin-centred 3IL emission); Ir(F2ppy)2(CNAr-dmp)(pyridyl-coumarin C-1) ratiometric O2 sensor complex 3a
2853	https://www.toppan-usa.com/products/gx-p-f/	GX-P-F — GL FILM (Transparent Barrier Film) standard specifications	1	Toppan GX-P-F transparent barrier film (AlOx-coated PET, 12 um)
2854	https://www.toppan-usa.com/products/gl-rd/	GL-RD — GL FILM (Transparent Barrier Film) standard specifications	1	Toppan GL-RD transparent barrier film (SiOx-coated PET, 12 um)
2855	https://www.toppan-usa.com/products/gl-aec-f/	GL-AEC-F — GL FILM (Transparent Barrier Film) standard specifications	1	Toppan GL-AEC-F transparent barrier film (AlOx-coated PET, 12 um)
2856	https://www.toppan-usa.com/products/gl-arh/	GL-ARH — GL FILM (Transparent Barrier Film) standard specifications	1	Toppan GL-ARH transparent barrier film (AlOx-coated PET, 12 um)
2857	https://www.toppan-usa.com/products/gl-ae/	GL-AE — GL FILM (Transparent Barrier Film) standard specifications	1	Toppan GL-AE transparent barrier film (AlOx-coated PET, 12 um)
2858	https://www.toppan-usa.com/products/gl-bp-f/	GL-BP-F — GL FILM (Transparent Barrier Film) standard specifications	1	Toppan GL-BP-F transparent barrier film (SiOx-coated PP, 18 um)
2896	https://www.azom.com/properties.aspx?ArticleID=820	Properties: Polypropylene - PP — AZoM materials property table (data from Granta Design Limited)	1	Toppan GL-BP-F transparent barrier film (SiOx-coated PP, 18 um)
2859	https://pmc.ncbi.nlm.nih.gov/articles/PMC6412199/	Pre-grafted Group on PE Surface by DBD Plasma and Its Influence on the Oxygen Permeation with Coated SiOx (Li H, Yang L, Wang Z, Liu Z, Chen Q.)	1	PECVD SiOx barrier film, 150 nm SiOx on 45 um PE (HMDSO/O2 capacitively coupled plasma)
2892	https://www.azom.com/properties.aspx?ArticleID=428	Properties: Low Density Polyethylene - LDPE — AZoM materials property table (data from Granta Design Limited)	1	PECVD SiOx barrier film, 150 nm SiOx on 45 um PE (HMDSO/O2 capacitively coupled plasma)
2860	https://europepmc.org/article/PMC/PMC12257168	Beyond absorption: online photoreactor mass spectrometry assessment of new acylphosphine oxide photoinitiators	1	Irgacure TPO photoinitiator (diphenyl(2,4,6-trimethylbenzoyl)phosphine oxide)
2861	https://www.mdpi.com/2073-4360/15/2/342	High-Performance Photoinitiating Systems for LED-Induced Photopolymerization	5	Irgacure TPO photoinitiator (diphenyl(2,4,6-trimethylbenzoyl)phosphine oxide); Irgacure 819 photoinitiator (BAPO, bis-acylphosphine oxide); Benzophenone photoinitiator (Type II); Thioxanthone photoinitiator (TX)
2862	https://www.mdpi.com/1420-3049/29/16/3898	Photoinitiators for Medical Applications - The Latest Advances	2	Irgacure TPO photoinitiator (diphenyl(2,4,6-trimethylbenzoyl)phosphine oxide); Irgacure 819 photoinitiator (BAPO, bis-acylphosphine oxide)
2863	https://www.mdpi.com/1422-0067/25/23/12567	Photocrosslinkable Biomaterials for 3D Bioprinting: Mechanisms, Recent Advances, and Future Prospects	2	Irgacure TPO photoinitiator (diphenyl(2,4,6-trimethylbenzoyl)phosphine oxide); Irgacure 2959 photoinitiator (2-hydroxy-4'-(2-hydroxyethoxy)-2-methylpropiophenone)
2991	https://www.ebi.ac.uk/europepmc/webservices/rest/PMC10780806/fullTextXML	Rodrigues et al., Thioxanthone-Based Siloxane Photosensitizer for Cationic/Radical Photopolymerization and Photoinduced Sol-Gel Reactions, Molecules 29 (2024) 255	1	Thioxanthone photoinitiator (TX)
2864	https://www.science.org/doi/10.1126/sciadv.aba4261	3D printing of highly stretchable hydrogel with diverse UV curable polymers	1	Irgacure 2959 photoinitiator (2-hydroxy-4'-(2-hydroxyethoxy)-2-methylpropiophenone)
2865	https://patents.google.com/patent/JP2006307149A/en	RED COLORING MATTER COMPOSITION AND COLOR FILTER (Toray Industries) JP2006307149A / JP4821316B2, Table 2	1	Color filter red pigment layer (LCD, DPP + anthraquinone + yellow pigment)
2866	https://www.freepatentsonline.com/10370464.html	Pigment dispersion liquid containing organic color pigment and infrared absorbing dye, colored resin composition, and optical filter (Nippon Kayaku) US10370464B2, Tables 1-3	2	Color filter red pigment layer with IR-cut dye (CMOS image sensor, single-layer optical filter); Color filter blue pigment layer with IR-cut dye (CMOS image sensor, single-layer optical filter)
2867	https://www.freepatentsonline.com/11180658.html	Pigment composition for green filter and production method thereof (M. Technique) US11180658B2, Table 3	1	Color filter green pigment PG58 (halogenated zinc phthalocyanine, aqueous dispersion)
2869	https://repositories.lib.utexas.edu/server/api/core/bitstreams/b50f3cf2-2ce3-4e44-aba8-a120bd4e0003/content	Physical Properties of Poly (n-alkyl acrylate) Copolymers (K. A. O'Leary, PhD dissertation, The University of Texas at Austin, 2005; supervisor D. R. Paul)	6	Poly(hexyl acrylate) (PA 6, n-alkyl acrylate homopolymer, amorphous); Poly(decyl acrylate) (PA 10, n-alkyl acrylate homopolymer, amorphous); Poly(dodecyl acrylate) (PA 12, n-alkyl acrylate homopolymer, side-chain crystalline); Poly(tetradecyl acrylate) (PA 14, n-alkyl acrylate homopolymer, side-chain crystalline)
2870	https://repositories.lib.utexas.edu/server/api/core/bitstreams/49adec55-6fe8-44ad-b33c-13004449f4bd/content	Effect of Network Structure Modifications on the Light Gas Transport Properties of Cross-linked Poly(ethylene oxide) Membranes (V. A. Kusuma, PhD dissertation, The University of Texas at Austin, 2009; supervisor B. D. Freeman)	14	UV-cured PEGDA/TRIS-A acrylate network (PEGDA 가교제 20-100 wt% 시리즈, 312 nm 광경화); UV-cured PEGDA/2-HEA acrylate network (PEGDA 가교제 40-96 wt% 시리즈, 312 nm 광경화); UV-cured PEGDA/EGMEA acrylate network (PEGDA 가교제 37-95 wt% 시리즈, 312 nm 광경화); UV-cured PEGDA/2-EEA acrylate network (PEGDA 가교제 35-94 wt% 시리즈, 312 nm 광경화)
2871	https://repositories.lib.utexas.edu/server/api/core/bitstreams/3fda6a29-fd3c-445b-b9dc-187caa9cb46a/content	Solubility selective membrane materials for carbon dioxide removal from mixtures with light gases (H. Lin, PhD dissertation, The University of Texas at Austin, 2005; supervisor B. D. Freeman)	2	XLPEGDA-80 (UV-cured PEGDA network, prepolymer 80 wt% PEGDA / 20 wt% water); UV-cured XLPEGDA-100 network (PEGDA n=14 단독 광경화, 희석 없음)
2872	https://www.ebi.ac.uk/europepmc/webservices/rest/PMC6261989/fullTextXML	Chan et al., Efficient and stable sky-blue delayed fluorescence organic light-emitting diodes with CIEy below 0.4, Nature Communications 9 (2018), Table 1 (columns 'tau_p (ns)', 'tau_d (us)', 'PLQY (%)')	2	3Ph2CzCzBN blue TADF emitter (3,6-diphenylcarbazole/carbazole benzonitrile); 4CzBN blue TADF emitter (4-carbazolyl benzonitrile)
2873	https://www.ebi.ac.uk/europepmc/webservices/rest/PMC6648766/fullTextXML	Rao et al., Achieving Deep-Blue Thermally Activated Delayed Fluorescence in Nondoped Organic Light-Emitting Diodes through a Spiro-Blocking Strategy, ACS Omega 4 (2019), Table 1 (rows 'tau_p [ns]', 'tau_d [us]', 'Phi_PL')	1	TXADO-spiro-DMACF deep-blue TADF emitter (thioxanthene-dioxide spiro-acridine fluorene)
2874	https://www.ebi.ac.uk/europepmc/webservices/rest/PMC5354065/fullTextXML	Park et al., Pyrimidine-based twisted donor-acceptor delayed fluorescence molecules: a new universal platform for highly efficient blue electroluminescence, Chemical Science 8 (2017), Table 1 (columns 'tau_p (ns)', 'tau_d (us)', 'Phi_PL (%)')	5	MFAc-PPM deep-blue TADF emitter (spiroacridine-diphenylpyrimidine); MXAc-PPM deep-blue TADF emitter (spiroxanthene-acridine diphenylpyrimidine); MFAc-PM deep-blue TADF emitter (spiroacridine-phenylpyrimidine); MXAc-PM deep-blue TADF emitter (spiroxanthene-acridine phenylpyrimidine)
2875	https://www.ebi.ac.uk/europepmc/webservices/rest/PMC6644085/fullTextXML	Cooper et al., Control of Singlet Emission Energy in a Diphenyloxadiazole Containing Fluorophore Leading To Thermally Activated Delayed Fluorescence, ACS Omega 3 (2018), Table 1 (columns 'phi_fl', 'tau_PF /ns', 'tau_DF /us') and body text	2	DMAC-F2DPO sky-blue TADF emitter (dimethylacridan difluorophenyl-diphenyloxadiazole); DMAC-DPO blue emitter (dimethylacridan phenyl-diphenyloxadiazole)
2876	https://www.ebi.ac.uk/europepmc/webservices/rest/PMC12647608/fullTextXML	Yuan et al., Complementarity fusion of boron-oxygen and carbazole blocks enables narrowband blue OLEDs with high performance, Nature Communications 16 (2025), body text (TRPL in oxygen-free toluene)	2	BOCzSi blue emitter/host (boron-oxygen fused carbazole silane); 2BOCzSi blue emitter/host (bis boron-oxygen fused carbazole silane)
2877	https://www.ebi.ac.uk/europepmc/webservices/rest/PMC9116299/fullTextXML	Meng et al., Highly efficient and stable deep-blue OLEDs based on narrowband emitters featuring an orthogonal spiro-configured indolo[3,2,1-de]acridine structure, Chemical Science 13 (2022), Table 1 (column 'tau_PF [ns]') and body text	2	pSFIAc1 narrowband deep-blue fluorescent emitter (spiro-configured indolo[3,2,1-de]acridine); pSFIAc2 narrowband deep-blue fluorescent emitter (spiro-configured indolo[3,2,1-de]acridine)
2878	https://www.ebi.ac.uk/europepmc/webservices/rest/PMC10181185/fullTextXML	Wang et al., Improving the stability and color purity of a BT.2020 blue multiresonance emitter by alleviating hydrogen repulsion, Science Advances 9 (2023), Table 1 (columns 'tau_p* (ns)', 'tau_d* (us)')	1	DBCz-Mes BT.2020 blue multi-resonance emitter (mesityl-substituted dual boron-carbazole)
2879	https://www.ebi.ac.uk/europepmc/webservices/rest/PMC9258325/fullTextXML	Chan et al., Carbazole-2-carbonitrile as an acceptor in deep-blue thermally activated delayed fluorescence emitters for narrowing charge-transfer emission, Chemical Science 13 (2022), Table 1 (column groups 'In Toluene' / '10 wt% in mCBP')	3	3CzCCN deep-blue TADF emitter (tri-carbazolyl carbazole-2-carbonitrile); 3MeCzCCN deep-blue TADF emitter (tri-methylcarbazolyl carbazole-2-carbonitrile); 3PhCzCCN deep-blue TADF emitter (tri-phenylcarbazolyl carbazole-2-carbonitrile)
2880	https://www.ebi.ac.uk/europepmc/webservices/rest/PMC12147201/fullTextXML	Banaszek et al., Enhancing Photostability by Thermodynamic and Kinetic Factors: Free-Base and Palladium meso-Aryl-octaethylporphyrins, J. Phys. Chem. B 129 (2025) 5491-5500, Table 2 (columns 'Non-degassed toluene tau_T [ns]', 'Deaerated toluene tau_T [ns]', 'Phi_Delta')	3	PdOEP red phosphorescent dopant (palladium(II) octaethylporphyrin); PdTPP red phosphorescent dopant (palladium(II) meso-tetraphenylporphyrin); H2TPP free-base porphyrin dye (5,10,15,20-tetraphenylporphyrin)
2881	https://www.ebi.ac.uk/europepmc/webservices/rest/PMC12728933/fullTextXML	Payce et al., Energy Upconversion Using Platinum(II)-BPI Photosensitizers, Inorg. Chem. 64 (2025) 24851-24864, Table 8 ('A Comparison of the Solvent Dependent Singlet Oxygen Quantum Yields (%) for the Pt(II) Complexes', toluene column)	5	Pt(BPI-Et)(phenylacetylide) red Pt(II) phosphor / TTA-UC sensitizer; Pt(BPI-Et)(4-methoxyphenylacetylide) red Pt(II) phosphor / TTA-UC sensitizer; Pt(BPI-Et)(3-thienylacetylide) red Pt(II) phosphor / TTA-UC sensitizer; Pt(BPI-Et)(4-fluorophenylacetylide) red Pt(II) phosphor / TTA-UC sensitizer
2882	https://www.ebi.ac.uk/europepmc/webservices/rest/PMC10107691/fullTextXML	Fitzgerald et al., Organometallic Platinum(II) Photosensitisers that Demonstrate Ligand-Modulated Triplet-Triplet Annihilation Energy Upconversion Efficiency, Chem. Eur. J. 29 (2023) e202203241, Table 2 and Table 3	5	[Pt(L1)(acac)] cyclometalated Pt(II) orange-red phosphor (2-(2-(trifluoromethoxy)phenyl)quinoxaline / acetylacetonate); [Pt(L2)(acac)] cyclometalated Pt(II) orange-red phosphor (2-(3-(trifluoromethoxy)phenyl)quinoxaline / acetylacetonate); [Pt(L3)(acac)] cyclometalated Pt(II) orange-red phosphor (2-(4-(trifluoromethoxy)phenyl)quinoxaline / acetylacetonate); [Pt(L4)(acac)] cyclometalated Pt(II) orange-red phosphor (2-(3-(trifluoromethyl)phenyl)quinoxaline / acetylacetonate)
2883	https://repositories.lib.utexas.edu/server/api/core/bitstreams/57695eb4-74ec-4a1a-b808-6b126bcfe936/content	Gas transport properties of poly(n-alkyl acrylate) blends and modeling of modified atmosphere storage using selective and non-selective membranes (B. S. Kirkland, PhD dissertation, The University of Texas at Austin, 2007-12; supervisor D. R. Paul)	7	Poly(tetradecyl acrylate) (PA 14, n-alkyl acrylate homopolymer, side-chain crystalline); Poly(octadecyl acrylate) (PA 18, n-alkyl acrylate homopolymer, side-chain crystalline); Poly(hexadecyl acrylate) (PA 16, n-alkyl acrylate homopolymer, side-chain crystalline); PA14(45)/PA18(55) 블렌드 (poly(n-tetradecyl acrylate)/poly(n-octadecyl acrylate) 45/55 wt%)
2886	https://www.ncbi.nlm.nih.gov/pmc/articles/PMC8223484/	Organic Polymer Hosts for Triplet-Triplet Annihilation Upconversion Systems (Macromolecules 2021, 54, 5, 2255-2270) — 본문이 Mogri Z.; Paul D. R. Polymer 2001, 42(18), 7765-7780 (ref 93)의 값을 인용	1	Poly(docosyl acrylate) (PA 22, n-alkyl acrylate homopolymer, side-chain crystalline)
2885	https://www.ncbi.nlm.nih.gov/pmc/articles/PMC11593662/	Optimization of the Oxygen Permeability of Non-Silicone Hydrogel Contact Lenses Through Crosslinking Modifications (Gels 2024, 10, 726)	1	Comfi Daily disposable contact lens (etafilcon A, HEMA/methacrylic acid hydrogel)
